entry	function	pc	op	expression
000120	FUN_000120	000126	LOAD	CAST(INT_ZEXT(INT_ADD(LEAF(register:0004:2:short),CONST(0x2,2))))
000120	FUN_000120	000138	LOAD	SEGMENTOP(CONST(0x293760829c0,8),CONST(0x0,2),LEAF(register:0006:2:char *))
000120	FUN_000120	000146	LOAD	CAST(INT_ZEXT(INT_ADD(INT_ZEXT(LEAF(00fa80:1:byte)),CONST(0xadf0,2))))
000120	FUN_000120	00014c	LOAD	CAST(INT_ZEXT(INT_ADD(INT_ZEXT(LEAF(00fa80:1:byte)),CONST(0xadde,2))))
000120	FUN_000120	000154	LOAD	CAST(INT_ZEXT(PTRADD(LEAF(register:0006:2:char *),CONST(0x2,2),CONST(0x1,2))))
000120	FUN_000120	00022e	LOAD	SEGMENTOP(CONST(0x293760829c0,8),CONST(0x0,2),LEAF(register:0002:2:char *))
000120	FUN_000120	000306	LOAD	CAST(INT_ZEXT(INT_ADD(INT_RIGHT(LEAF(register:0008:2:ushort),CONST(0x8,2)),CONST(0xae38,2))))
000120	FUN_000120	004262	LOAD	CAST(INT_ZEXT(INT_ADD(MULTIEQUAL(INDIRECT(MULTIEQUAL(INDIRECT(INDIRECT(LEAF(00e73c:2:short),CONST(0xe44,4)),CONST(0xe60,4)),LEAF(00e73c:2:short)),CONST(0xeaf,4)),LEAF(00e73c:2:short)),INT_AND(MULTIEQUAL(INT_ZEXT(CAST(INT_ADD(SUBPIECE(LEAF(register:0008:2:ushort),CONST(0x0,2)),CONST(0x2,1)))),LEAF(register:0008:2:ushort)),CONST(0xff,2)))))
000120	FUN_000120	004274	LOAD	CAST(INT_ZEXT(INT_ADD(MULTIEQUAL(INDIRECT(MULTIEQUAL(INDIRECT(INDIRECT(LEAF(00e73c:2:short),CONST(0xe44,4)),CONST(0xe60,4)),LEAF(00e73c:2:short)),CONST(0xeaf,4)),LEAF(00e73c:2:short)),INT_ZEXT(CAST(INT_ADD(SUBPIECE(MULTIEQUAL(INT_ZEXT(CAST(INT_ADD(LEAF(register:0008:1:byte),CONST(0x2,1)))),LEAF(register:0008:2:ushort)),CONST(0x0,2)),CONST(0x1,1)))))))
000120	FUN_000120	00427e	STORE	CAST(INT_ZEXT(MULTIEQUAL(MULTIEQUAL(COPY(CONST(0x0,2)),INT_ADD(LEAF(register:0018:2:ushort),CONST(0x2,2))),LEAF(register:0018:2:ushort))))
000120	FUN_000120	004280	STORE	CAST(INT_ZEXT(MULTIEQUAL(MULTIEQUAL(COPY(CONST(0x0,2)),INT_ADD(LEAF(register:0018:2:ushort),CONST(0x2,2))),LEAF(register:0018:2:ushort))))
000120	FUN_000120	00428a	STORE	CAST(INT_ZEXT(MULTIEQUAL(MULTIEQUAL(COPY(CONST(0x0,2)),INT_ADD(LEAF(register:0018:2:ushort),CONST(0x2,2))),LEAF(register:0018:2:ushort))))
000120	FUN_000120	00428c	LOAD	CAST(INT_ZEXT(MULTIEQUAL(MULTIEQUAL(COPY(CONST(0x0,2)),INT_ADD(LEAF(register:0018:2:ushort),CONST(0x2,2))),LEAF(register:0018:2:ushort))))
000120	FUN_000120	00430a	STORE	CAST(INT_ZEXT(MULTIEQUAL(MULTIEQUAL(COPY(CONST(0x0,2)),INT_ADD(LEAF(register:0018:2:ushort),CONST(0x2,2))),LEAF(register:0018:2:ushort))))
000120	FUN_000120	004310	STORE	CAST(INT_ZEXT(MULTIEQUAL(MULTIEQUAL(COPY(CONST(0x0,2)),INT_ADD(LEAF(register:0018:2:ushort),CONST(0x2,2))),LEAF(register:0018:2:ushort))))
000134	FUN_000134	000138	LOAD	SEGMENTOP(CONST(0x293760829c0,8),CONST(0x0,2),LEAF(register:0006:2:char *))
000134	FUN_000134	000146	LOAD	CAST(INT_ZEXT(INT_ADD(INT_ZEXT(LEAF(00fa80:1:byte)),CONST(0xadf0,2))))
000134	FUN_000134	00014c	LOAD	CAST(INT_ZEXT(INT_ADD(INT_ZEXT(LEAF(00fa80:1:byte)),CONST(0xadde,2))))
000134	FUN_000134	000154	LOAD	CAST(INT_ZEXT(PTRADD(LEAF(register:0006:2:char *),CONST(0x2,2),CONST(0x1,2))))
000134	FUN_000134	00022e	LOAD	SEGMENTOP(CONST(0x293760829c0,8),CONST(0x0,2),LEAF(register:0002:2:char *))
000134	FUN_000134	000306	LOAD	CAST(INT_ZEXT(INT_ADD(INT_RIGHT(LEAF(register:0008:2:ushort),CONST(0x8,2)),CONST(0xae38,2))))
000134	FUN_000134	004262	LOAD	CAST(INT_ZEXT(INT_ADD(MULTIEQUAL(INDIRECT(MULTIEQUAL(INDIRECT(INDIRECT(INDIRECT(INDIRECT(LEAF(00e73c:2:short),CONST(0xc81,4)),CONST(0xd74,4)),CONST(0xda8,4)),CONST(0xdc4,4)),LEAF(00e73c:2:short)),CONST(0xe13,4)),LEAF(00e73c:2:short)),INT_AND(MULTIEQUAL(INT_ZEXT(CAST(INT_ADD(SUBPIECE(LEAF(register:0008:2:ushort),CONST(0x0,2)),CONST(0x2,1)))),LEAF(register:0008:2:ushort)),CONST(0xff,2)))))
000134	FUN_000134	004264	STORE	CAST(CAST(INT_OR(INT_LEFT(CAST(PTRSUB(LEAF(register:0000:2:void *),CONST(0x0,2))),LEAF(register:001e:2:short)),INT_RIGHT(CAST(PTRSUB(LEAF(register:0000:2:void *),CONST(0x0,2))),INT_SUB(CONST(0x10,2),LEAF(register:001e:2:short))))))
000134	FUN_000134	004274	LOAD	CAST(INT_ZEXT(INT_ADD(INDIRECT(MULTIEQUAL(INDIRECT(MULTIEQUAL(INDIRECT(INDIRECT(INDIRECT(LEAF(00e73c:2:short),CONST(0xd74,4)),CONST(0xda8,4)),CONST(0xdc4,4)),LEAF(00e73c:2:short)),CONST(0xe13,4)),LEAF(00e73c:2:short)),CONST(0xc81,4)),INT_ZEXT(CAST(INT_ADD(SUBPIECE(MULTIEQUAL(INT_ZEXT(CAST(INT_ADD(LEAF(register:0008:1:byte),CONST(0x2,1)))),LEAF(register:0008:2:ushort)),CONST(0x0,2)),CONST(0x1,1)))))))
000134	FUN_000134	004276	STORE	CAST(INT_ADD(CAST(CAST(INT_OR(INT_LEFT(CAST(PTRSUB(LEAF(register:0000:2:void *),CONST(0x0,2))),LEAF(register:001e:2:short)),INT_RIGHT(CAST(PTRSUB(LEAF(register:0000:2:void *),CONST(0x0,2))),INT_SUB(CONST(0x10,2),LEAF(register:001e:2:short)))))),CONST(0x1,2)))
000134	FUN_000134	00427e	STORE	CAST(INT_ZEXT(MULTIEQUAL(MULTIEQUAL(COPY(CONST(0x0,2)),INT_ADD(LEAF(register:0018:2:ushort),CONST(0x2,2))),LEAF(register:0018:2:ushort))))
000134	FUN_000134	004280	LOAD	CAST(INT_OR(INT_LEFT(CAST(PTRSUB(LEAF(register:0000:2:void *),CONST(0x0,2))),LEAF(register:001e:2:short)),INT_RIGHT(CAST(PTRSUB(LEAF(register:0000:2:void *),CONST(0x0,2))),INT_SUB(CONST(0x10,2),LEAF(register:001e:2:short)))))
000134	FUN_000134	004280	STORE	CAST(INT_ZEXT(MULTIEQUAL(MULTIEQUAL(COPY(CONST(0x0,2)),INT_ADD(LEAF(register:0018:2:ushort),CONST(0x2,2))),LEAF(register:0018:2:ushort))))
000134	FUN_000134	00428a	STORE	CAST(INT_ZEXT(MULTIEQUAL(MULTIEQUAL(COPY(CONST(0x0,2)),INT_ADD(LEAF(register:0018:2:ushort),CONST(0x2,2))),LEAF(register:0018:2:ushort))))
000134	FUN_000134	00428c	LOAD	CAST(INT_ZEXT(MULTIEQUAL(MULTIEQUAL(COPY(CONST(0x0,2)),INT_ADD(LEAF(register:0018:2:ushort),CONST(0x2,2))),LEAF(register:0018:2:ushort))))
000134	FUN_000134	00430a	STORE	CAST(INT_ZEXT(MULTIEQUAL(MULTIEQUAL(COPY(CONST(0x0,2)),INT_ADD(LEAF(register:0018:2:ushort),CONST(0x2,2))),LEAF(register:0018:2:ushort))))
000134	FUN_000134	004310	STORE	CAST(INT_ZEXT(MULTIEQUAL(MULTIEQUAL(COPY(CONST(0x0,2)),INT_ADD(LEAF(register:0018:2:ushort),CONST(0x2,2))),LEAF(register:0018:2:ushort))))
000430	FUN_000430	00112c	LOAD	CAST(INT_ZEXT(INT_ADD(INT_RIGHT(MULTIEQUAL(PIECE(SUBPIECE(INT_RIGHT(MULTIEQUAL(MULTIEQUAL(COPY(INT_ADD(INT_ZEXT(LEAF(00e427:1:byte)),LEAF(00e736:2:ushort))),COPY(LEAF(00e736:2:ushort))),LEAF(unique:00022d00:2:ushort),INT_ADD(INT_ZEXT(LEAF(00e427:1:byte)),LEAF(00e736:2:ushort)),MULTIEQUAL(INT_ADD(INT_ZEXT(LEAF(00e427:1:byte)),LEAF(00e736:2:ushort)),INT_ADD(INT_ZEXT(LEAF(00e427:1:byte)),LEAF(00e736:2:ushort)))),CONST(0x8,4)),CONST(0x0,4)),LEAF(00e423:1:char)),LEAF(register:0008:2:ushort),PIECE(LEAF(register:0009:1:undefined1),LEAF(00e743:1:char))),CONST(0x8,2)),CONST(0xaf7a,2))))
000430	FUN_000430	00508a	LOAD	CAST(INT_ZEXT(MULTIEQUAL(COPY(CONST(0x32e,2)),INT_ADD(LEAF(register:0012:2:ushort),CONST(0x1,2)))))
000430	FUN_000430	00508a	STORE	CAST(INT_ZEXT(MULTIEQUAL(SUBPIECE(PTRSUB(CONST(0x0,3),CONST(0xe320,3)),CONST(0x0,4)),INT_ADD(LEAF(register:000e:2:ushort),CONST(0x1,2)))))
000430	FUN_000430	005146	LOAD	CAST(INT_ZEXT(MULTIEQUAL(COPY(INT_AND(PIECE(LEAF(00e425:1:byte),LEAF(00e426:1:undefined1)),CONST(0x3fff,2))),MULTIEQUAL(COPY(COPY(CONST(0x0,2))),COPY(INT_ADD(LEAF(register:0012:2:ushort),CONST(0x1,2)))))))
000430	FUN_000430	0051b0	STORE	CAST(INT_ZEXT(INT_ADD(SUBPIECE(PTRSUB(CONST(0x0,3),CONST(0xe428,3)),CONST(0x0,4)),INT_ZEXT(MULTIEQUAL(COPY(COPY(LEAF(00e427:1:byte))),LEAF(00e73a:1:byte),INDIRECT(INDIRECT(MULTIEQUAL(INDIRECT(INDIRECT(MULTIEQUAL(INDIRECT(LEAF(00e73a:1:byte),CONST(0x256b,4)),LEAF(00e73a:1:byte),LEAF(00e73a:1:byte)),CONST(0x7de,4)),CONST(0x7fd,4)),LEAF(00e73a:1:byte)),CONST(0x893,4)),CONST(0x9e3,4)),INDIRECT(INDIRECT(INDIRECT(LEAF(00e73a:1:byte),CONST(0x23ef,4)),CONST(0x2478,4)),CONST(0x2501,4)))))))
000430	FUN_000430	00520a	LOAD	CAST(INT_ZEXT(MULTIEQUAL(COPY(CONST(0x230,2)),INT_ADD(LEAF(register:0012:2:ushort),CONST(0x1,2)))))
000430	FUN_000430	00520a	STORE	CAST(INT_ZEXT(MULTIEQUAL(SUBPIECE(PTRSUB(CONST(0x0,3),CONST(0xe320,3)),CONST(0x0,4)),INT_ADD(LEAF(register:000e:2:ushort),CONST(0x1,2)))))
000430	FUN_000430	00532a	LOAD	CAST(INT_ZEXT(INT_AND(INT_SUB(MULTIEQUAL(INDIRECT(MULTIEQUAL(MULTIEQUAL(LEAF(00a356:2:short),LEAF(00a356:2:short),INDIRECT(INDIRECT(MULTIEQUAL(INDIRECT(INDIRECT(MULTIEQUAL(INDIRECT(LEAF(00a356:2:short),CONST(0x256b,4)),LEAF(00a356:2:short),LEAF(00a356:2:short)),CONST(0x7de,4)),CONST(0x7fd,4)),LEAF(00a356:2:short)),CONST(0x893,4)),CONST(0x9e3,4)),INDIRECT(INDIRECT(INDIRECT(LEAF(00a356:2:short),CONST(0x23ef,4)),CONST(0x2478,4)),CONST(0x2501,4))),INDIRECT(INDIRECT(INDIRECT(MULTIEQUAL(INDIRECT(MULTIEQUAL(INDIRECT(LEAF(00a356:2:short),CONST(0x22bb,4)),LEAF(00a356:2:short)),CONST(0x1e6b,4)),LEAF(00a356:2:short)),CONST(0x1f01,4)),CONST(0x1ff4,4)),CONST(0x1ffa,4)),LEAF(00a356:2:short),LEAF(00a356:2:short),LEAF(00a356:2:short)),CONST(0x1054,4)),INDIRECT(LEAF(00a356:2:short),CONST(0x1a12,4)),INDIRECT(INDIRECT(LEAF(00a356:2:short),CONST(0x1aaa,4)),CONST(0x1b25,4)),INDIRECT(LEAF(00a356:2:short),CONST(0x1bbd,4)),LEAF(00a356:2:short),LEAF(00a356:2:short)),CONST(0x1,2)),CONST(0x3fff,2))))
000430	FUN_000430	00537a	LOAD	CAST(INT_ZEXT(INT_AND(MULTIEQUAL(INDIRECT(MULTIEQUAL(MULTIEQUAL(LEAF(00a37a:2:ushort),LEAF(00a37a:2:ushort),INDIRECT(INDIRECT(MULTIEQUAL(INDIRECT(INDIRECT(MULTIEQUAL(INDIRECT(LEAF(00a37a:2:ushort),CONST(0x256b,4)),LEAF(00a37a:2:ushort),LEAF(00a37a:2:ushort)),CONST(0x7de,4)),CONST(0x7fd,4)),LEAF(00a37a:2:ushort)),CONST(0x893,4)),CONST(0x9e3,4)),INDIRECT(INDIRECT(INDIRECT(LEAF(00a37a:2:ushort),CONST(0x23ef,4)),CONST(0x2478,4)),CONST(0x2501,4))),INDIRECT(INDIRECT(INDIRECT(MULTIEQUAL(INDIRECT(MULTIEQUAL(INDIRECT(LEAF(00a37a:2:ushort),CONST(0x22bb,4)),LEAF(00a37a:2:ushort)),CONST(0x1e6b,4)),LEAF(00a37a:2:ushort)),CONST(0x1f01,4)),CONST(0x1ff4,4)),CONST(0x1ffa,4)),LEAF(00a37a:2:ushort),LEAF(00a37a:2:ushort),LEAF(00a37a:2:ushort)),CONST(0x1054,4)),INDIRECT(LEAF(00a37a:2:ushort),CONST(0x1a12,4)),INDIRECT(INDIRECT(LEAF(00a37a:2:ushort),CONST(0x1aaa,4)),CONST(0x1b25,4)),INDIRECT(LEAF(00a37a:2:ushort),CONST(0x1bbd,4)),LEAF(00a37a:2:ushort),LEAF(00a37a:2:ushort)),CONST(0x3fff,2))))
00070e	flash_wait_ready	004386	STORE	CAST(INT_ZEXT(MULTIEQUAL(LEAF(00e656:2:ushort),INDIRECT(LEAF(00e656:2:ushort),CONST(0x133,4)))))
00070e	flash_wait_ready	00438c	LOAD	CAST(INT_ZEXT(INDIRECT(MULTIEQUAL(LEAF(00e656:2:ushort),LEAF(00e656:2:ushort)),CONST(0x133,4))))
00070e	flash_wait_ready	0043f2	STORE	CAST(INT_ZEXT(INDIRECT(MULTIEQUAL(LEAF(00e656:2:ushort),LEAF(00e656:2:ushort)),CONST(0x133,4))))
00070e	flash_wait_ready	0043fc	STORE	CAST(INT_ZEXT(INDIRECT(INDIRECT(MULTIEQUAL(LEAF(00e656:2:ushort),LEAF(00e656:2:ushort)),CONST(0x133,4)),CONST(0x28e,4))))
00073c	FUN_00073c	004386	STORE	CAST(INT_ZEXT(MULTIEQUAL(LEAF(00e656:2:ushort),INDIRECT(LEAF(00e656:2:ushort),CONST(0xc3,4)))))
00073c	FUN_00073c	00438c	LOAD	CAST(INT_ZEXT(INDIRECT(MULTIEQUAL(LEAF(00e656:2:ushort),LEAF(00e656:2:ushort)),CONST(0xc3,4))))
00073c	FUN_00073c	0043f2	STORE	CAST(INT_ZEXT(INDIRECT(MULTIEQUAL(LEAF(00e656:2:ushort),LEAF(00e656:2:ushort)),CONST(0xc3,4))))
00073c	FUN_00073c	0043fc	STORE	CAST(INT_ZEXT(INDIRECT(INDIRECT(MULTIEQUAL(LEAF(00e656:2:ushort),LEAF(00e656:2:ushort)),CONST(0xc3,4)),CONST(0x21e,4))))
00096c	thunk_FUN_0040ee	00112c	LOAD	CAST(INT_ZEXT(INT_ADD(INT_RIGHT(MULTIEQUAL(PIECE(SUBPIECE(INT_RIGHT(MULTIEQUAL(MULTIEQUAL(COPY(INT_ADD(INT_ZEXT(LEAF(00e427:1:byte)),LEAF(00e736:2:ushort))),COPY(LEAF(00e736:2:ushort))),LEAF(unique:00022d00:2:ushort),INT_ADD(INT_ZEXT(LEAF(00e427:1:byte)),LEAF(00e736:2:ushort)),MULTIEQUAL(INT_ADD(INT_ZEXT(LEAF(00e427:1:byte)),LEAF(00e736:2:ushort)),INT_ADD(INT_ZEXT(LEAF(00e427:1:byte)),LEAF(00e736:2:ushort)))),CONST(0x8,4)),CONST(0x0,4)),LEAF(00e423:1:char)),LEAF(register:0008:2:ushort),PIECE(LEAF(register:0009:1:undefined1),LEAF(00e743:1:char))),CONST(0x8,2)),CONST(0xaf7a,2))))
00096c	thunk_FUN_0040ee	00508a	LOAD	CAST(INT_ZEXT(MULTIEQUAL(COPY(CONST(0x32e,2)),INT_ADD(LEAF(register:0012:2:ushort),CONST(0x1,2)))))
00096c	thunk_FUN_0040ee	00508a	STORE	CAST(INT_ZEXT(MULTIEQUAL(SUBPIECE(PTRSUB(CONST(0x0,3),CONST(0xe320,3)),CONST(0x0,4)),INT_ADD(LEAF(register:000e:2:ushort),CONST(0x1,2)))))
00096c	thunk_FUN_0040ee	005146	LOAD	CAST(INT_ZEXT(MULTIEQUAL(COPY(INT_AND(PIECE(LEAF(00e425:1:byte),LEAF(00e426:1:undefined1)),CONST(0x3fff,2))),MULTIEQUAL(COPY(COPY(CONST(0x0,2))),COPY(INT_ADD(LEAF(register:0012:2:ushort),CONST(0x1,2)))))))
00096c	thunk_FUN_0040ee	0051b0	STORE	CAST(INT_ZEXT(INT_ADD(SUBPIECE(PTRSUB(CONST(0x0,3),CONST(0xe428,3)),CONST(0x0,4)),INT_ZEXT(MULTIEQUAL(COPY(COPY(LEAF(00e427:1:byte))),LEAF(00e73a:1:byte),INDIRECT(INDIRECT(MULTIEQUAL(INDIRECT(INDIRECT(MULTIEQUAL(INDIRECT(LEAF(00e73a:1:byte),CONST(0x1e876,4)),LEAF(00e73a:1:byte),LEAF(00e73a:1:byte)),CONST(0x1cae9,4)),CONST(0x1cb08,4)),LEAF(00e73a:1:byte)),CONST(0x1cb9e,4)),CONST(0x1ccee,4)),INDIRECT(INDIRECT(INDIRECT(LEAF(00e73a:1:byte),CONST(0x1e6fa,4)),CONST(0x1e783,4)),CONST(0x1e80c,4)))))))
00096c	thunk_FUN_0040ee	00520a	LOAD	CAST(INT_ZEXT(MULTIEQUAL(COPY(CONST(0x230,2)),INT_ADD(LEAF(register:0012:2:ushort),CONST(0x1,2)))))
00096c	thunk_FUN_0040ee	00520a	STORE	CAST(INT_ZEXT(MULTIEQUAL(SUBPIECE(PTRSUB(CONST(0x0,3),CONST(0xe320,3)),CONST(0x0,4)),INT_ADD(LEAF(register:000e:2:ushort),CONST(0x1,2)))))
00096c	thunk_FUN_0040ee	00532a	LOAD	CAST(INT_ZEXT(INT_AND(INT_SUB(MULTIEQUAL(INDIRECT(MULTIEQUAL(MULTIEQUAL(LEAF(00a356:2:short),LEAF(00a356:2:short),INDIRECT(INDIRECT(MULTIEQUAL(INDIRECT(INDIRECT(MULTIEQUAL(INDIRECT(LEAF(00a356:2:short),CONST(0x1e876,4)),LEAF(00a356:2:short),LEAF(00a356:2:short)),CONST(0x1cae9,4)),CONST(0x1cb08,4)),LEAF(00a356:2:short)),CONST(0x1cb9e,4)),CONST(0x1ccee,4)),INDIRECT(INDIRECT(INDIRECT(LEAF(00a356:2:short),CONST(0x1e6fa,4)),CONST(0x1e783,4)),CONST(0x1e80c,4))),INDIRECT(INDIRECT(INDIRECT(MULTIEQUAL(INDIRECT(MULTIEQUAL(INDIRECT(LEAF(00a356:2:short),CONST(0x1e5c6,4)),LEAF(00a356:2:short)),CONST(0x1e176,4)),LEAF(00a356:2:short)),CONST(0x1e20c,4)),CONST(0x1e2ff,4)),CONST(0x1e305,4)),LEAF(00a356:2:short),LEAF(00a356:2:short),LEAF(00a356:2:short)),CONST(0x1d35f,4)),INDIRECT(LEAF(00a356:2:short),CONST(0x1dd1d,4)),INDIRECT(INDIRECT(LEAF(00a356:2:short),CONST(0x1ddb5,4)),CONST(0x1de30,4)),INDIRECT(LEAF(00a356:2:short),CONST(0x1dec8,4)),LEAF(00a356:2:short),LEAF(00a356:2:short)),CONST(0x1,2)),CONST(0x3fff,2))))
00096c	thunk_FUN_0040ee	00537a	LOAD	CAST(INT_ZEXT(INT_AND(MULTIEQUAL(INDIRECT(MULTIEQUAL(MULTIEQUAL(LEAF(00a37a:2:ushort),LEAF(00a37a:2:ushort),INDIRECT(INDIRECT(MULTIEQUAL(INDIRECT(INDIRECT(MULTIEQUAL(INDIRECT(LEAF(00a37a:2:ushort),CONST(0x1e876,4)),LEAF(00a37a:2:ushort),LEAF(00a37a:2:ushort)),CONST(0x1cae9,4)),CONST(0x1cb08,4)),LEAF(00a37a:2:ushort)),CONST(0x1cb9e,4)),CONST(0x1ccee,4)),INDIRECT(INDIRECT(INDIRECT(LEAF(00a37a:2:ushort),CONST(0x1e6fa,4)),CONST(0x1e783,4)),CONST(0x1e80c,4))),INDIRECT(INDIRECT(INDIRECT(MULTIEQUAL(INDIRECT(MULTIEQUAL(INDIRECT(LEAF(00a37a:2:ushort),CONST(0x1e5c6,4)),LEAF(00a37a:2:ushort)),CONST(0x1e176,4)),LEAF(00a37a:2:ushort)),CONST(0x1e20c,4)),CONST(0x1e2ff,4)),CONST(0x1e305,4)),LEAF(00a37a:2:ushort),LEAF(00a37a:2:ushort),LEAF(00a37a:2:ushort)),CONST(0x1d35f,4)),INDIRECT(LEAF(00a37a:2:ushort),CONST(0x1dd1d,4)),INDIRECT(INDIRECT(LEAF(00a37a:2:ushort),CONST(0x1ddb5,4)),CONST(0x1de30,4)),INDIRECT(LEAF(00a37a:2:ushort),CONST(0x1dec8,4)),LEAF(00a37a:2:ushort),LEAF(00a37a:2:ushort)),CONST(0x3fff,2))))
00098a	FUN_00098a	004e28	LOAD	CAST(INT_ZEXT(MULTIEQUAL(LEAF(register:000e:2:ushort),MULTIEQUAL(COPY(CONST(0x0,2)),INT_ADD(LEAF(register:000e:2:ushort),CONST(0x1,2))))))
00098a	FUN_00098a	004e2e	STORE	CAST(INT_ZEXT(MULTIEQUAL(COPY(LEAF(register:0012:2:ushort)),COPY(INT_ADD(LEAF(register:0012:2:ushort),CONST(0x1,2))))))
000c2c	FUN_000c2c	004386	STORE	CAST(INT_ZEXT(MULTIEQUAL(LEAF(00e656:2:ushort),INDIRECT(LEAF(00e656:2:ushort),CONST(0x88,4)))))
000c2c	FUN_000c2c	00438c	LOAD	CAST(INT_ZEXT(INDIRECT(MULTIEQUAL(LEAF(00e656:2:ushort),LEAF(00e656:2:ushort)),CONST(0x88,4))))
000c2c	FUN_000c2c	0043f2	STORE	CAST(INT_ZEXT(INDIRECT(MULTIEQUAL(LEAF(00e656:2:ushort),LEAF(00e656:2:ushort)),CONST(0x88,4))))
000c2c	FUN_000c2c	0043fc	STORE	CAST(INT_ZEXT(INDIRECT(INDIRECT(MULTIEQUAL(LEAF(00e656:2:ushort),LEAF(00e656:2:ushort)),CONST(0x88,4)),CONST(0x1e3,4))))
000c32	FUN_000c32	004386	STORE	CAST(INT_ZEXT(MULTIEQUAL(LEAF(00e656:2:ushort),INDIRECT(LEAF(00e656:2:ushort),CONST(0x4b,4)))))
000c32	FUN_000c32	00438c	LOAD	CAST(INT_ZEXT(INDIRECT(MULTIEQUAL(LEAF(00e656:2:ushort),LEAF(00e656:2:ushort)),CONST(0x4b,4))))
000c32	FUN_000c32	0043f2	STORE	CAST(INT_ZEXT(INDIRECT(MULTIEQUAL(LEAF(00e656:2:ushort),LEAF(00e656:2:ushort)),CONST(0x4b,4))))
000c32	FUN_000c32	0043fc	STORE	CAST(INT_ZEXT(INDIRECT(INDIRECT(MULTIEQUAL(LEAF(00e656:2:ushort),LEAF(00e656:2:ushort)),CONST(0x4b,4)),CONST(0x1a6,4))))
000d28	FUN_000d28	004386	STORE	CAST(INT_ZEXT(MULTIEQUAL(LEAF(00e656:2:ushort),INDIRECT(LEAF(00e656:2:ushort),CONST(0x8f,4)))))
000d28	FUN_000d28	00438c	LOAD	CAST(INT_ZEXT(INDIRECT(MULTIEQUAL(LEAF(00e656:2:ushort),LEAF(00e656:2:ushort)),CONST(0x8f,4))))
000d28	FUN_000d28	0043f2	STORE	CAST(INT_ZEXT(INDIRECT(MULTIEQUAL(LEAF(00e656:2:ushort),LEAF(00e656:2:ushort)),CONST(0x8f,4))))
000d28	FUN_000d28	0043fc	STORE	CAST(INT_ZEXT(INDIRECT(INDIRECT(MULTIEQUAL(LEAF(00e656:2:ushort),LEAF(00e656:2:ushort)),CONST(0x8f,4)),CONST(0x1ea,4))))
000db0	FUN_000db0	004386	STORE	CAST(INT_ZEXT(MULTIEQUAL(LEAF(00e656:2:ushort),INDIRECT(LEAF(00e656:2:ushort),CONST(0x12f,4)))))
000db0	FUN_000db0	00438c	LOAD	CAST(INT_ZEXT(INDIRECT(MULTIEQUAL(LEAF(00e656:2:ushort),LEAF(00e656:2:ushort)),CONST(0x12f,4))))
000db0	FUN_000db0	0043f2	STORE	CAST(INT_ZEXT(INDIRECT(MULTIEQUAL(LEAF(00e656:2:ushort),LEAF(00e656:2:ushort)),CONST(0x12f,4))))
000db0	FUN_000db0	0043fc	STORE	CAST(INT_ZEXT(INDIRECT(INDIRECT(MULTIEQUAL(LEAF(00e656:2:ushort),LEAF(00e656:2:ushort)),CONST(0x12f,4)),CONST(0x28a,4))))
00152e	FUN_00152e	001550	LOAD	CAST(INT_ZEXT(CAST(INT_ADD(SUBPIECE(PTRSUB(CONST(0x0,3),CONST(0xfc6a,3)),CONST(0x0,4)),LEAF(register:0010:2:short)))))
00152e	FUN_00152e	001554	LOAD	CAST(INT_ZEXT(CAST(INT_ADD(SUBPIECE(PTRSUB(CONST(0x0,3),CONST(0xfc70,3)),CONST(0x0,4)),LEAF(register:0010:2:short)))))
0015a6	FUN_0015a6	005d0a	LOAD	CAST(INT_ZEXT(INT_ADD(LEAF(register:0018:2:short),CONST(0x8130,2))))
0019b0	FUN_0019b0	0019de	LOAD	CAST(INT_ZEXT(INT_ADD(INT_ZEXT(CAST(INT_ADD(MULTIEQUAL(SUBPIECE(INT_RIGHT(INT_LEFT(INT_RIGHT(LEAF(register:0002:2:ushort),CONST(0x8,2)),CONST(0xa,4)),CONST(0x8,4)),CONST(0x0,4)),LEAF(00fabd:1:char)),LEAF(00fc34:1:byte)))),CONST(0xb112,2))))
0019b0	FUN_0019b0	001a04	LOAD	CAST(INT_ZEXT(INT_ADD(INT_RIGHT(LEAF(register:0002:2:ushort),CONST(0x9,4)),CONST(0xb172,2))))
0019b0	FUN_0019b0	001d40	LOAD	CAST(INT_ZEXT(INT_ADD(INT_MULT(INT_ZEXT(LEAF(00fa80:1:byte)),CONST(0x2,2)),CONST(0xb142,2))))
0019b0	FUN_0019b0	001d44	LOAD	LOAD(CONST(0x1f1,4),CAST(INT_ZEXT(INT_ADD(INT_MULT(INT_ZEXT(LEAF(00fa80:1:byte)),CONST(0x2,2)),CONST(0xb142,2)))))
0019b0	FUN_0019b0	001d7c	LOAD	PTRADD(MULTIEQUAL(SUBPIECE(PTRSUB(CONST(0x0,3),CONST(0xfa52,3)),CONST(0x0,4)),SUBPIECE(PTRSUB(CONST(0x0,3),CONST(0xfa46,3)),CONST(0x0,4))),CONST(0x4,2),CONST(0x1,2))
0019b0	FUN_0019b0	001d80	STORE	CAST(INT_ZEXT(INT_ADD(MULTIEQUAL(SUBPIECE(PTRSUB(CONST(0x0,3),CONST(0xfa46,3)),CONST(0x0,4)),SUBPIECE(PTRSUB(CONST(0x0,3),CONST(0xfa52,3)),CONST(0x0,4))),CONST(0xa,2))))
0019b0	FUN_0019b0	001d90	LOAD	CAST(INT_ZEXT(INT_ADD(INT_ZEXT(INDIRECT(LEAF(00fa80:1:byte),CONST(0x49d,4))),CONST(0xb100,2))))
0019b0	FUN_0019b0	001d98	STORE	CAST(INT_ZEXT(INT_ADD(MULTIEQUAL(SUBPIECE(PTRSUB(CONST(0x0,3),CONST(0xfa46,3)),CONST(0x0,4)),SUBPIECE(PTRSUB(CONST(0x0,3),CONST(0xfa52,3)),CONST(0x0,4))),CONST(0x8,2))))
0019b0	FUN_0019b0	001da6	LOAD	CAST(INT_ZEXT(INT_ADD(INT_MULT(INT_ZEXT(LEAF(00fa80:1:byte)),CONST(0x2,2)),CONST(0xb15a,2))))
0019b0	FUN_0019b0	001dae	LOAD	CAST(INT_ADD(SUBPIECE(PTRSUB(CONST(0x0,3),CONST(0xfc5a,3)),CONST(0x0,4)),LOAD(CONST(0x1f1,4),CAST(INT_ZEXT(INT_ADD(INT_MULT(INT_ZEXT(LEAF(00fa80:1:byte)),CONST(0x2,2)),CONST(0xb15a,2)))))))
0019b0	FUN_0019b0	001dba	STORE	CAST(INT_ADD(LOAD(CONST(0x1f1,4),CAST(INT_ZEXT(INT_ADD(INT_MULT(INT_ZEXT(LEAF(00fa80:1:byte)),CONST(0x2,2)),CONST(0xb15a,2))))),CONST(0xfa68,2)))
0019b0	FUN_0019b0	001dec	STORE	CAST(INT_ZEXT(INT_ADD(MULTIEQUAL(SUBPIECE(PTRSUB(CONST(0x0,3),CONST(0xfa46,3)),CONST(0x0,4)),SUBPIECE(PTRSUB(CONST(0x0,3),CONST(0xfa52,3)),CONST(0x0,4))),CONST(0x2,2))))
0019b0	FUN_0019b0	001df6	STORE	CAST(INT_ZEXT(INT_ADD(MULTIEQUAL(SUBPIECE(PTRSUB(CONST(0x0,3),CONST(0xfa46,3)),CONST(0x0,4)),SUBPIECE(PTRSUB(CONST(0x0,3),CONST(0xfa52,3)),CONST(0x0,4))),CONST(0x2,2))))
0019b0	FUN_0019b0	001e04	STORE	CAST(INT_ZEXT(MULTIEQUAL(SUBPIECE(PTRSUB(CONST(0x0,3),CONST(0xfa46,3)),CONST(0x0,4)),SUBPIECE(PTRSUB(CONST(0x0,3),CONST(0xfa52,3)),CONST(0x0,4)))))
0019b0	FUN_0019b0	001e14	LOAD	CAST(INT_ZEXT(INT_ADD(INT_MULT(INT_ZEXT(MULTIEQUAL(INDIRECT(MULTIEQUAL(INDIRECT(INDIRECT(INDIRECT(INDIRECT(INDIRECT(LEAF(00fa80:1:byte),CONST(0x49d,4)),CONST(0x590,4)),CONST(0xefb,4)),CONST(0x102e,4)),CONST(0x112c,4)),LEAF(00fa80:1:byte)),CONST(0x10b7,4)),LEAF(00fa80:1:byte))),CONST(0x2,2)),CONST(0xb14e,2))))
0019b0	FUN_0019b0	001e18	LOAD	LOAD(CONST(0x1f1,4),CAST(INT_ZEXT(INT_ADD(INT_MULT(INT_ZEXT(MULTIEQUAL(INDIRECT(MULTIEQUAL(INDIRECT(INDIRECT(INDIRECT(INDIRECT(INDIRECT(LEAF(00fa80:1:byte),CONST(0x49d,4)),CONST(0x590,4)),CONST(0xefb,4)),CONST(0x102e,4)),CONST(0x112c,4)),LEAF(00fa80:1:byte)),CONST(0x10b7,4)),LEAF(00fa80:1:byte))),CONST(0x2,2)),CONST(0xb14e,2)))))
0019b0	FUN_0019b0	001e46	LOAD	CAST(INT_ZEXT(INT_ADD(INT_MULT(INT_ZEXT(MULTIEQUAL(INDIRECT(MULTIEQUAL(INDIRECT(INDIRECT(INDIRECT(INDIRECT(INDIRECT(LEAF(00fa80:1:byte),CONST(0x49d,4)),CONST(0x590,4)),CONST(0xefb,4)),CONST(0x102e,4)),CONST(0x112c,4)),LEAF(00fa80:1:byte)),CONST(0x10b7,4)),LEAF(00fa80:1:byte))),CONST(0x2,2)),CONST(0xb166,2))))
0019b0	FUN_0019b0	001e4e	LOAD	CAST(INT_ADD(SUBPIECE(PTRSUB(CONST(0x0,3),CONST(0xfc5a,3)),CONST(0x0,4)),LOAD(CONST(0x1f1,4),CAST(INT_ZEXT(INT_ADD(INT_MULT(INT_ZEXT(MULTIEQUAL(INDIRECT(MULTIEQUAL(INDIRECT(INDIRECT(INDIRECT(INDIRECT(INDIRECT(LEAF(00fa80:1:byte),CONST(0x49d,4)),CONST(0x590,4)),CONST(0xefb,4)),CONST(0x102e,4)),CONST(0x112c,4)),LEAF(00fa80:1:byte)),CONST(0x10b7,4)),LEAF(00fa80:1:byte))),CONST(0x2,2)),CONST(0xb166,2)))))))
0019b0	FUN_0019b0	001e5a	STORE	CAST(INT_ADD(LOAD(CONST(0x1f1,4),CAST(INT_ZEXT(INT_ADD(INT_MULT(INT_ZEXT(MULTIEQUAL(INDIRECT(MULTIEQUAL(INDIRECT(INDIRECT(INDIRECT(INDIRECT(INDIRECT(LEAF(00fa80:1:byte),CONST(0x49d,4)),CONST(0x590,4)),CONST(0xefb,4)),CONST(0x102e,4)),CONST(0x112c,4)),LEAF(00fa80:1:byte)),CONST(0x10b7,4)),LEAF(00fa80:1:byte))),CONST(0x2,2)),CONST(0xb166,2))))),CONST(0xfa68,2)))
0019b0	FUN_0019b0	001eaa	LOAD	CAST(INT_ZEXT(INT_ADD(INT_ZEXT(INDIRECT(MULTIEQUAL(INDIRECT(MULTIEQUAL(INDIRECT(INDIRECT(INDIRECT(INDIRECT(INDIRECT(LEAF(00fa80:1:byte),CONST(0x49d,4)),CONST(0x590,4)),CONST(0xefb,4)),CONST(0x102e,4)),CONST(0x112c,4)),LEAF(00fa80:1:byte)),CONST(0x10b7,4)),LEAF(00fa80:1:byte)),CONST(0x7df,4))),CONST(0xb100,2))))
0019b0	FUN_0019b0	001ec2	STORE	CAST(INT_ZEXT(INT_ADD(MULTIEQUAL(SUBPIECE(PTRSUB(CONST(0x0,3),CONST(0xfa46,3)),CONST(0x0,4)),SUBPIECE(PTRSUB(CONST(0x0,3),CONST(0xfa52,3)),CONST(0x0,4))),CONST(0x4,2))))
0019b0	FUN_0019b0	001ede	STORE	CAST(INT_ZEXT(INT_ADD(MULTIEQUAL(SUBPIECE(PTRSUB(CONST(0x0,3),CONST(0xfa46,3)),CONST(0x0,4)),SUBPIECE(PTRSUB(CONST(0x0,3),CONST(0xfa52,3)),CONST(0x0,4))),CONST(0x6,2))))
0019b0	FUN_0019b0	001ee4	STORE	CAST(INT_ZEXT(INT_ADD(MULTIEQUAL(SUBPIECE(PTRSUB(CONST(0x0,3),CONST(0xfa46,3)),CONST(0x0,4)),SUBPIECE(PTRSUB(CONST(0x0,3),CONST(0xfa52,3)),CONST(0x0,4))),CONST(0x4,2))))
0019b0	FUN_0019b0	001eec	STORE	CAST(INT_ZEXT(INT_ADD(MULTIEQUAL(SUBPIECE(PTRSUB(CONST(0x0,3),CONST(0xfa46,3)),CONST(0x0,4)),SUBPIECE(PTRSUB(CONST(0x0,3),CONST(0xfa52,3)),CONST(0x0,4))),CONST(0x2,2))))
0019b0	FUN_0019b0	001ef0	STORE	CAST(INT_ZEXT(MULTIEQUAL(SUBPIECE(PTRSUB(CONST(0x0,3),CONST(0xfa46,3)),CONST(0x0,4)),SUBPIECE(PTRSUB(CONST(0x0,3),CONST(0xfa52,3)),CONST(0x0,4)))))
0019b0	FUN_0019b0	005d0a	LOAD	CAST(INT_ZEXT(INT_ADD(MULTIEQUAL(COPY(CONST(0xc80,2)),LEAF(register:0002:2:ushort)),CONST(0x8130,2))))
001a1c	FUN_001a1c	001d40	LOAD	CAST(INT_ZEXT(INT_ADD(INT_MULT(INT_ZEXT(LEAF(00fa80:1:byte)),CONST(0x2,2)),CONST(0xb142,2))))
001a1c	FUN_001a1c	001d44	LOAD	LOAD(CONST(0x1f1,4),CAST(INT_ZEXT(INT_ADD(INT_MULT(INT_ZEXT(LEAF(00fa80:1:byte)),CONST(0x2,2)),CONST(0xb142,2)))))
001a1c	FUN_001a1c	001d7c	LOAD	PTRADD(MULTIEQUAL(SUBPIECE(PTRSUB(CONST(0x0,3),CONST(0xfa52,3)),CONST(0x0,4)),SUBPIECE(PTRSUB(CONST(0x0,3),CONST(0xfa46,3)),CONST(0x0,4))),CONST(0x4,2),CONST(0x1,2))
001a1c	FUN_001a1c	001d80	STORE	CAST(INT_ZEXT(INT_ADD(MULTIEQUAL(SUBPIECE(PTRSUB(CONST(0x0,3),CONST(0xfa46,3)),CONST(0x0,4)),SUBPIECE(PTRSUB(CONST(0x0,3),CONST(0xfa52,3)),CONST(0x0,4))),CONST(0xa,2))))
001a1c	FUN_001a1c	001d90	LOAD	CAST(INT_ZEXT(INT_ADD(INT_ZEXT(INDIRECT(LEAF(00fa80:1:byte),CONST(0x32b,4))),CONST(0xb100,2))))
001a1c	FUN_001a1c	001d98	STORE	CAST(INT_ZEXT(INT_ADD(MULTIEQUAL(SUBPIECE(PTRSUB(CONST(0x0,3),CONST(0xfa46,3)),CONST(0x0,4)),SUBPIECE(PTRSUB(CONST(0x0,3),CONST(0xfa52,3)),CONST(0x0,4))),CONST(0x8,2))))
001a1c	FUN_001a1c	001da6	LOAD	CAST(INT_ZEXT(INT_ADD(INT_MULT(INT_ZEXT(LEAF(00fa80:1:byte)),CONST(0x2,2)),CONST(0xb15a,2))))
001a1c	FUN_001a1c	001dae	LOAD	CAST(INT_ADD(SUBPIECE(PTRSUB(CONST(0x0,3),CONST(0xfc5a,3)),CONST(0x0,4)),LOAD(CONST(0x1f1,4),CAST(INT_ZEXT(INT_ADD(INT_MULT(INT_ZEXT(LEAF(00fa80:1:byte)),CONST(0x2,2)),CONST(0xb15a,2)))))))
001a1c	FUN_001a1c	001dba	STORE	CAST(INT_ADD(LOAD(CONST(0x1f1,4),CAST(INT_ZEXT(INT_ADD(INT_MULT(INT_ZEXT(LEAF(00fa80:1:byte)),CONST(0x2,2)),CONST(0xb15a,2))))),CONST(0xfa68,2)))
001a1c	FUN_001a1c	001dec	STORE	CAST(INT_ZEXT(INT_ADD(MULTIEQUAL(SUBPIECE(PTRSUB(CONST(0x0,3),CONST(0xfa46,3)),CONST(0x0,4)),SUBPIECE(PTRSUB(CONST(0x0,3),CONST(0xfa52,3)),CONST(0x0,4))),CONST(0x2,2))))
001a1c	FUN_001a1c	001df6	STORE	CAST(INT_ZEXT(INT_ADD(MULTIEQUAL(SUBPIECE(PTRSUB(CONST(0x0,3),CONST(0xfa46,3)),CONST(0x0,4)),SUBPIECE(PTRSUB(CONST(0x0,3),CONST(0xfa52,3)),CONST(0x0,4))),CONST(0x2,2))))
001a1c	FUN_001a1c	001e04	STORE	CAST(INT_ZEXT(MULTIEQUAL(SUBPIECE(PTRSUB(CONST(0x0,3),CONST(0xfa46,3)),CONST(0x0,4)),SUBPIECE(PTRSUB(CONST(0x0,3),CONST(0xfa52,3)),CONST(0x0,4)))))
001a1c	FUN_001a1c	001e14	LOAD	CAST(INT_ZEXT(INT_ADD(INT_MULT(INT_ZEXT(MULTIEQUAL(INDIRECT(MULTIEQUAL(INDIRECT(INDIRECT(INDIRECT(INDIRECT(INDIRECT(LEAF(00fa80:1:byte),CONST(0x32b,4)),CONST(0x41e,4)),CONST(0xd89,4)),CONST(0xebc,4)),CONST(0xfba,4)),LEAF(00fa80:1:byte)),CONST(0xf45,4)),LEAF(00fa80:1:byte))),CONST(0x2,2)),CONST(0xb14e,2))))
001a1c	FUN_001a1c	001e18	LOAD	LOAD(CONST(0x1f1,4),CAST(INT_ZEXT(INT_ADD(INT_MULT(INT_ZEXT(MULTIEQUAL(INDIRECT(MULTIEQUAL(INDIRECT(INDIRECT(INDIRECT(INDIRECT(INDIRECT(LEAF(00fa80:1:byte),CONST(0x32b,4)),CONST(0x41e,4)),CONST(0xd89,4)),CONST(0xebc,4)),CONST(0xfba,4)),LEAF(00fa80:1:byte)),CONST(0xf45,4)),LEAF(00fa80:1:byte))),CONST(0x2,2)),CONST(0xb14e,2)))))
001a1c	FUN_001a1c	001e46	LOAD	CAST(INT_ZEXT(INT_ADD(INT_MULT(INT_ZEXT(MULTIEQUAL(INDIRECT(MULTIEQUAL(INDIRECT(INDIRECT(INDIRECT(INDIRECT(INDIRECT(LEAF(00fa80:1:byte),CONST(0x32b,4)),CONST(0x41e,4)),CONST(0xd89,4)),CONST(0xebc,4)),CONST(0xfba,4)),LEAF(00fa80:1:byte)),CONST(0xf45,4)),LEAF(00fa80:1:byte))),CONST(0x2,2)),CONST(0xb166,2))))
001a1c	FUN_001a1c	001e4e	LOAD	CAST(INT_ADD(SUBPIECE(PTRSUB(CONST(0x0,3),CONST(0xfc5a,3)),CONST(0x0,4)),LOAD(CONST(0x1f1,4),CAST(INT_ZEXT(INT_ADD(INT_MULT(INT_ZEXT(MULTIEQUAL(INDIRECT(MULTIEQUAL(INDIRECT(INDIRECT(INDIRECT(INDIRECT(INDIRECT(LEAF(00fa80:1:byte),CONST(0x32b,4)),CONST(0x41e,4)),CONST(0xd89,4)),CONST(0xebc,4)),CONST(0xfba,4)),LEAF(00fa80:1:byte)),CONST(0xf45,4)),LEAF(00fa80:1:byte))),CONST(0x2,2)),CONST(0xb166,2)))))))
001a1c	FUN_001a1c	001e5a	STORE	CAST(INT_ADD(LOAD(CONST(0x1f1,4),CAST(INT_ZEXT(INT_ADD(INT_MULT(INT_ZEXT(MULTIEQUAL(INDIRECT(MULTIEQUAL(INDIRECT(INDIRECT(INDIRECT(INDIRECT(INDIRECT(LEAF(00fa80:1:byte),CONST(0x32b,4)),CONST(0x41e,4)),CONST(0xd89,4)),CONST(0xebc,4)),CONST(0xfba,4)),LEAF(00fa80:1:byte)),CONST(0xf45,4)),LEAF(00fa80:1:byte))),CONST(0x2,2)),CONST(0xb166,2))))),CONST(0xfa68,2)))
001a1c	FUN_001a1c	001eaa	LOAD	CAST(INT_ZEXT(INT_ADD(INT_ZEXT(INDIRECT(MULTIEQUAL(INDIRECT(MULTIEQUAL(INDIRECT(INDIRECT(INDIRECT(INDIRECT(INDIRECT(LEAF(00fa80:1:byte),CONST(0x32b,4)),CONST(0x41e,4)),CONST(0xd89,4)),CONST(0xebc,4)),CONST(0xfba,4)),LEAF(00fa80:1:byte)),CONST(0xf45,4)),LEAF(00fa80:1:byte)),CONST(0x66d,4))),CONST(0xb100,2))))
001a1c	FUN_001a1c	001ec2	STORE	CAST(INT_ZEXT(INT_ADD(MULTIEQUAL(SUBPIECE(PTRSUB(CONST(0x0,3),CONST(0xfa46,3)),CONST(0x0,4)),SUBPIECE(PTRSUB(CONST(0x0,3),CONST(0xfa52,3)),CONST(0x0,4))),CONST(0x4,2))))
001a1c	FUN_001a1c	001ede	STORE	CAST(INT_ZEXT(INT_ADD(MULTIEQUAL(SUBPIECE(PTRSUB(CONST(0x0,3),CONST(0xfa46,3)),CONST(0x0,4)),SUBPIECE(PTRSUB(CONST(0x0,3),CONST(0xfa52,3)),CONST(0x0,4))),CONST(0x6,2))))
001a1c	FUN_001a1c	001ee4	STORE	CAST(INT_ZEXT(INT_ADD(MULTIEQUAL(SUBPIECE(PTRSUB(CONST(0x0,3),CONST(0xfa46,3)),CONST(0x0,4)),SUBPIECE(PTRSUB(CONST(0x0,3),CONST(0xfa52,3)),CONST(0x0,4))),CONST(0x4,2))))
001a1c	FUN_001a1c	001eec	STORE	CAST(INT_ZEXT(INT_ADD(MULTIEQUAL(SUBPIECE(PTRSUB(CONST(0x0,3),CONST(0xfa46,3)),CONST(0x0,4)),SUBPIECE(PTRSUB(CONST(0x0,3),CONST(0xfa52,3)),CONST(0x0,4))),CONST(0x2,2))))
001a1c	FUN_001a1c	001ef0	STORE	CAST(INT_ZEXT(MULTIEQUAL(SUBPIECE(PTRSUB(CONST(0x0,3),CONST(0xfa46,3)),CONST(0x0,4)),SUBPIECE(PTRSUB(CONST(0x0,3),CONST(0xfa52,3)),CONST(0x0,4)))))
001a1c	FUN_001a1c	005d0a	LOAD	CAST(INT_ZEXT(INT_ADD(LEAF(register:0018:2:short),CONST(0x8130,2))))
001a62	FUN_001a62	001d40	LOAD	CAST(INT_ZEXT(INT_ADD(INT_MULT(INT_ZEXT(LEAF(00fa80:1:byte)),CONST(0x2,2)),CONST(0xb142,2))))
001a62	FUN_001a62	001d44	LOAD	LOAD(CONST(0x1f1,4),CAST(INT_ZEXT(INT_ADD(INT_MULT(INT_ZEXT(LEAF(00fa80:1:byte)),CONST(0x2,2)),CONST(0xb142,2)))))
001a62	FUN_001a62	001d7c	LOAD	PTRADD(MULTIEQUAL(SUBPIECE(PTRSUB(CONST(0x0,3),CONST(0xfa52,3)),CONST(0x0,4)),SUBPIECE(PTRSUB(CONST(0x0,3),CONST(0xfa46,3)),CONST(0x0,4))),CONST(0x4,2),CONST(0x1,2))
001a62	FUN_001a62	001d80	STORE	CAST(INT_ZEXT(INT_ADD(MULTIEQUAL(SUBPIECE(PTRSUB(CONST(0x0,3),CONST(0xfa46,3)),CONST(0x0,4)),SUBPIECE(PTRSUB(CONST(0x0,3),CONST(0xfa52,3)),CONST(0x0,4))),CONST(0xa,2))))
001a62	FUN_001a62	001d90	LOAD	CAST(INT_ZEXT(INT_ADD(INT_ZEXT(INDIRECT(LEAF(00fa80:1:byte),CONST(0x300,4))),CONST(0xb100,2))))
001a62	FUN_001a62	001d98	STORE	CAST(INT_ZEXT(INT_ADD(MULTIEQUAL(SUBPIECE(PTRSUB(CONST(0x0,3),CONST(0xfa46,3)),CONST(0x0,4)),SUBPIECE(PTRSUB(CONST(0x0,3),CONST(0xfa52,3)),CONST(0x0,4))),CONST(0x8,2))))
001a62	FUN_001a62	001da6	LOAD	CAST(INT_ZEXT(INT_ADD(INT_MULT(INT_ZEXT(LEAF(00fa80:1:byte)),CONST(0x2,2)),CONST(0xb15a,2))))
001a62	FUN_001a62	001dae	LOAD	CAST(INT_ADD(SUBPIECE(PTRSUB(CONST(0x0,3),CONST(0xfc5a,3)),CONST(0x0,4)),LOAD(CONST(0x1f1,4),CAST(INT_ZEXT(INT_ADD(INT_MULT(INT_ZEXT(LEAF(00fa80:1:byte)),CONST(0x2,2)),CONST(0xb15a,2)))))))
001a62	FUN_001a62	001dba	STORE	CAST(INT_ADD(LOAD(CONST(0x1f1,4),CAST(INT_ZEXT(INT_ADD(INT_MULT(INT_ZEXT(LEAF(00fa80:1:byte)),CONST(0x2,2)),CONST(0xb15a,2))))),CONST(0xfa68,2)))
001a62	FUN_001a62	001dec	STORE	CAST(INT_ZEXT(INT_ADD(MULTIEQUAL(SUBPIECE(PTRSUB(CONST(0x0,3),CONST(0xfa46,3)),CONST(0x0,4)),SUBPIECE(PTRSUB(CONST(0x0,3),CONST(0xfa52,3)),CONST(0x0,4))),CONST(0x2,2))))
001a62	FUN_001a62	001df6	STORE	CAST(INT_ZEXT(INT_ADD(MULTIEQUAL(SUBPIECE(PTRSUB(CONST(0x0,3),CONST(0xfa46,3)),CONST(0x0,4)),SUBPIECE(PTRSUB(CONST(0x0,3),CONST(0xfa52,3)),CONST(0x0,4))),CONST(0x2,2))))
001a62	FUN_001a62	001e04	STORE	CAST(INT_ZEXT(MULTIEQUAL(SUBPIECE(PTRSUB(CONST(0x0,3),CONST(0xfa46,3)),CONST(0x0,4)),SUBPIECE(PTRSUB(CONST(0x0,3),CONST(0xfa52,3)),CONST(0x0,4)))))
001a62	FUN_001a62	001e14	LOAD	CAST(INT_ZEXT(INT_ADD(INT_MULT(INT_ZEXT(MULTIEQUAL(INDIRECT(MULTIEQUAL(INDIRECT(INDIRECT(INDIRECT(INDIRECT(INDIRECT(LEAF(00fa80:1:byte),CONST(0x300,4)),CONST(0x3f3,4)),CONST(0xd5e,4)),CONST(0xe91,4)),CONST(0xf8f,4)),LEAF(00fa80:1:byte)),CONST(0xf1a,4)),LEAF(00fa80:1:byte))),CONST(0x2,2)),CONST(0xb14e,2))))
001a62	FUN_001a62	001e18	LOAD	LOAD(CONST(0x1f1,4),CAST(INT_ZEXT(INT_ADD(INT_MULT(INT_ZEXT(MULTIEQUAL(INDIRECT(MULTIEQUAL(INDIRECT(INDIRECT(INDIRECT(INDIRECT(INDIRECT(LEAF(00fa80:1:byte),CONST(0x300,4)),CONST(0x3f3,4)),CONST(0xd5e,4)),CONST(0xe91,4)),CONST(0xf8f,4)),LEAF(00fa80:1:byte)),CONST(0xf1a,4)),LEAF(00fa80:1:byte))),CONST(0x2,2)),CONST(0xb14e,2)))))
001a62	FUN_001a62	001e46	LOAD	CAST(INT_ZEXT(INT_ADD(INT_MULT(INT_ZEXT(MULTIEQUAL(INDIRECT(MULTIEQUAL(INDIRECT(INDIRECT(INDIRECT(INDIRECT(INDIRECT(LEAF(00fa80:1:byte),CONST(0x300,4)),CONST(0x3f3,4)),CONST(0xd5e,4)),CONST(0xe91,4)),CONST(0xf8f,4)),LEAF(00fa80:1:byte)),CONST(0xf1a,4)),LEAF(00fa80:1:byte))),CONST(0x2,2)),CONST(0xb166,2))))
001a62	FUN_001a62	001e4e	LOAD	CAST(INT_ADD(SUBPIECE(PTRSUB(CONST(0x0,3),CONST(0xfc5a,3)),CONST(0x0,4)),LOAD(CONST(0x1f1,4),CAST(INT_ZEXT(INT_ADD(INT_MULT(INT_ZEXT(MULTIEQUAL(INDIRECT(MULTIEQUAL(INDIRECT(INDIRECT(INDIRECT(INDIRECT(INDIRECT(LEAF(00fa80:1:byte),CONST(0x300,4)),CONST(0x3f3,4)),CONST(0xd5e,4)),CONST(0xe91,4)),CONST(0xf8f,4)),LEAF(00fa80:1:byte)),CONST(0xf1a,4)),LEAF(00fa80:1:byte))),CONST(0x2,2)),CONST(0xb166,2)))))))
001a62	FUN_001a62	001e5a	STORE	CAST(INT_ADD(LOAD(CONST(0x1f1,4),CAST(INT_ZEXT(INT_ADD(INT_MULT(INT_ZEXT(MULTIEQUAL(INDIRECT(MULTIEQUAL(INDIRECT(INDIRECT(INDIRECT(INDIRECT(INDIRECT(LEAF(00fa80:1:byte),CONST(0x300,4)),CONST(0x3f3,4)),CONST(0xd5e,4)),CONST(0xe91,4)),CONST(0xf8f,4)),LEAF(00fa80:1:byte)),CONST(0xf1a,4)),LEAF(00fa80:1:byte))),CONST(0x2,2)),CONST(0xb166,2))))),CONST(0xfa68,2)))
001a62	FUN_001a62	001eaa	LOAD	CAST(INT_ZEXT(INT_ADD(INT_ZEXT(INDIRECT(MULTIEQUAL(INDIRECT(MULTIEQUAL(INDIRECT(INDIRECT(INDIRECT(INDIRECT(INDIRECT(LEAF(00fa80:1:byte),CONST(0x300,4)),CONST(0x3f3,4)),CONST(0xd5e,4)),CONST(0xe91,4)),CONST(0xf8f,4)),LEAF(00fa80:1:byte)),CONST(0xf1a,4)),LEAF(00fa80:1:byte)),CONST(0x642,4))),CONST(0xb100,2))))
001a62	FUN_001a62	001ec2	STORE	CAST(INT_ZEXT(INT_ADD(MULTIEQUAL(SUBPIECE(PTRSUB(CONST(0x0,3),CONST(0xfa46,3)),CONST(0x0,4)),SUBPIECE(PTRSUB(CONST(0x0,3),CONST(0xfa52,3)),CONST(0x0,4))),CONST(0x4,2))))
001a62	FUN_001a62	001ede	STORE	CAST(INT_ZEXT(INT_ADD(MULTIEQUAL(SUBPIECE(PTRSUB(CONST(0x0,3),CONST(0xfa46,3)),CONST(0x0,4)),SUBPIECE(PTRSUB(CONST(0x0,3),CONST(0xfa52,3)),CONST(0x0,4))),CONST(0x6,2))))
001a62	FUN_001a62	001ee4	STORE	CAST(INT_ZEXT(INT_ADD(MULTIEQUAL(SUBPIECE(PTRSUB(CONST(0x0,3),CONST(0xfa46,3)),CONST(0x0,4)),SUBPIECE(PTRSUB(CONST(0x0,3),CONST(0xfa52,3)),CONST(0x0,4))),CONST(0x4,2))))
001a62	FUN_001a62	001eec	STORE	CAST(INT_ZEXT(INT_ADD(MULTIEQUAL(SUBPIECE(PTRSUB(CONST(0x0,3),CONST(0xfa46,3)),CONST(0x0,4)),SUBPIECE(PTRSUB(CONST(0x0,3),CONST(0xfa52,3)),CONST(0x0,4))),CONST(0x2,2))))
001a62	FUN_001a62	001ef0	STORE	CAST(INT_ZEXT(MULTIEQUAL(SUBPIECE(PTRSUB(CONST(0x0,3),CONST(0xfa46,3)),CONST(0x0,4)),SUBPIECE(PTRSUB(CONST(0x0,3),CONST(0xfa52,3)),CONST(0x0,4)))))
001a62	FUN_001a62	005d0a	LOAD	CAST(INT_ZEXT(INT_ADD(LEAF(register:0018:2:short),CONST(0x8130,2))))
001a8e	FUN_001a8e	001d40	LOAD	CAST(INT_ZEXT(INT_ADD(INT_MULT(INT_ZEXT(LEAF(00fa80:1:byte)),CONST(0x2,2)),CONST(0xb142,2))))
001a8e	FUN_001a8e	001d44	LOAD	LOAD(CONST(0x1f1,4),CAST(INT_ZEXT(INT_ADD(INT_MULT(INT_ZEXT(LEAF(00fa80:1:byte)),CONST(0x2,2)),CONST(0xb142,2)))))
001a8e	FUN_001a8e	001d7c	LOAD	PTRADD(MULTIEQUAL(SUBPIECE(PTRSUB(CONST(0x0,3),CONST(0xfa52,3)),CONST(0x0,4)),SUBPIECE(PTRSUB(CONST(0x0,3),CONST(0xfa46,3)),CONST(0x0,4))),CONST(0x4,2),CONST(0x1,2))
001a8e	FUN_001a8e	001d80	STORE	CAST(INT_ZEXT(INT_ADD(MULTIEQUAL(SUBPIECE(PTRSUB(CONST(0x0,3),CONST(0xfa46,3)),CONST(0x0,4)),SUBPIECE(PTRSUB(CONST(0x0,3),CONST(0xfa52,3)),CONST(0x0,4))),CONST(0xa,2))))
001a8e	FUN_001a8e	001d90	LOAD	CAST(INT_ZEXT(INT_ADD(INT_ZEXT(INDIRECT(LEAF(00fa80:1:byte),CONST(0x3ea,4))),CONST(0xb100,2))))
001a8e	FUN_001a8e	001d98	STORE	CAST(INT_ZEXT(INT_ADD(MULTIEQUAL(SUBPIECE(PTRSUB(CONST(0x0,3),CONST(0xfa46,3)),CONST(0x0,4)),SUBPIECE(PTRSUB(CONST(0x0,3),CONST(0xfa52,3)),CONST(0x0,4))),CONST(0x8,2))))
001a8e	FUN_001a8e	001da6	LOAD	CAST(INT_ZEXT(INT_ADD(INT_MULT(INT_ZEXT(LEAF(00fa80:1:byte)),CONST(0x2,2)),CONST(0xb15a,2))))
001a8e	FUN_001a8e	001dae	LOAD	CAST(INT_ADD(SUBPIECE(PTRSUB(CONST(0x0,3),CONST(0xfc5a,3)),CONST(0x0,4)),LOAD(CONST(0x1f1,4),CAST(INT_ZEXT(INT_ADD(INT_MULT(INT_ZEXT(LEAF(00fa80:1:byte)),CONST(0x2,2)),CONST(0xb15a,2)))))))
001a8e	FUN_001a8e	001dba	STORE	CAST(INT_ADD(LOAD(CONST(0x1f1,4),CAST(INT_ZEXT(INT_ADD(INT_MULT(INT_ZEXT(LEAF(00fa80:1:byte)),CONST(0x2,2)),CONST(0xb15a,2))))),CONST(0xfa68,2)))
001a8e	FUN_001a8e	001dec	STORE	CAST(INT_ZEXT(INT_ADD(MULTIEQUAL(SUBPIECE(PTRSUB(CONST(0x0,3),CONST(0xfa46,3)),CONST(0x0,4)),SUBPIECE(PTRSUB(CONST(0x0,3),CONST(0xfa52,3)),CONST(0x0,4))),CONST(0x2,2))))
001a8e	FUN_001a8e	001df6	STORE	CAST(INT_ZEXT(INT_ADD(MULTIEQUAL(SUBPIECE(PTRSUB(CONST(0x0,3),CONST(0xfa46,3)),CONST(0x0,4)),SUBPIECE(PTRSUB(CONST(0x0,3),CONST(0xfa52,3)),CONST(0x0,4))),CONST(0x2,2))))
001a8e	FUN_001a8e	001e04	STORE	CAST(INT_ZEXT(MULTIEQUAL(SUBPIECE(PTRSUB(CONST(0x0,3),CONST(0xfa46,3)),CONST(0x0,4)),SUBPIECE(PTRSUB(CONST(0x0,3),CONST(0xfa52,3)),CONST(0x0,4)))))
001a8e	FUN_001a8e	001e14	LOAD	CAST(INT_ZEXT(INT_ADD(INT_MULT(INT_ZEXT(MULTIEQUAL(INDIRECT(MULTIEQUAL(INDIRECT(INDIRECT(INDIRECT(INDIRECT(INDIRECT(LEAF(00fa80:1:byte),CONST(0x3ea,4)),CONST(0x4dd,4)),CONST(0xe48,4)),CONST(0xf7b,4)),CONST(0x1079,4)),LEAF(00fa80:1:byte)),CONST(0x1004,4)),LEAF(00fa80:1:byte))),CONST(0x2,2)),CONST(0xb14e,2))))
001a8e	FUN_001a8e	001e18	LOAD	LOAD(CONST(0x1f1,4),CAST(INT_ZEXT(INT_ADD(INT_MULT(INT_ZEXT(MULTIEQUAL(INDIRECT(MULTIEQUAL(INDIRECT(INDIRECT(INDIRECT(INDIRECT(INDIRECT(LEAF(00fa80:1:byte),CONST(0x3ea,4)),CONST(0x4dd,4)),CONST(0xe48,4)),CONST(0xf7b,4)),CONST(0x1079,4)),LEAF(00fa80:1:byte)),CONST(0x1004,4)),LEAF(00fa80:1:byte))),CONST(0x2,2)),CONST(0xb14e,2)))))
001a8e	FUN_001a8e	001e46	LOAD	CAST(INT_ZEXT(INT_ADD(INT_MULT(INT_ZEXT(MULTIEQUAL(INDIRECT(MULTIEQUAL(INDIRECT(INDIRECT(INDIRECT(INDIRECT(INDIRECT(LEAF(00fa80:1:byte),CONST(0x3ea,4)),CONST(0x4dd,4)),CONST(0xe48,4)),CONST(0xf7b,4)),CONST(0x1079,4)),LEAF(00fa80:1:byte)),CONST(0x1004,4)),LEAF(00fa80:1:byte))),CONST(0x2,2)),CONST(0xb166,2))))
001a8e	FUN_001a8e	001e4e	LOAD	CAST(INT_ADD(SUBPIECE(PTRSUB(CONST(0x0,3),CONST(0xfc5a,3)),CONST(0x0,4)),LOAD(CONST(0x1f1,4),CAST(INT_ZEXT(INT_ADD(INT_MULT(INT_ZEXT(MULTIEQUAL(INDIRECT(MULTIEQUAL(INDIRECT(INDIRECT(INDIRECT(INDIRECT(INDIRECT(LEAF(00fa80:1:byte),CONST(0x3ea,4)),CONST(0x4dd,4)),CONST(0xe48,4)),CONST(0xf7b,4)),CONST(0x1079,4)),LEAF(00fa80:1:byte)),CONST(0x1004,4)),LEAF(00fa80:1:byte))),CONST(0x2,2)),CONST(0xb166,2)))))))
001a8e	FUN_001a8e	001e5a	STORE	CAST(INT_ADD(LOAD(CONST(0x1f1,4),CAST(INT_ZEXT(INT_ADD(INT_MULT(INT_ZEXT(MULTIEQUAL(INDIRECT(MULTIEQUAL(INDIRECT(INDIRECT(INDIRECT(INDIRECT(INDIRECT(LEAF(00fa80:1:byte),CONST(0x3ea,4)),CONST(0x4dd,4)),CONST(0xe48,4)),CONST(0xf7b,4)),CONST(0x1079,4)),LEAF(00fa80:1:byte)),CONST(0x1004,4)),LEAF(00fa80:1:byte))),CONST(0x2,2)),CONST(0xb166,2))))),CONST(0xfa68,2)))
001a8e	FUN_001a8e	001eaa	LOAD	CAST(INT_ZEXT(INT_ADD(INT_ZEXT(INDIRECT(MULTIEQUAL(INDIRECT(MULTIEQUAL(INDIRECT(INDIRECT(INDIRECT(INDIRECT(INDIRECT(LEAF(00fa80:1:byte),CONST(0x3ea,4)),CONST(0x4dd,4)),CONST(0xe48,4)),CONST(0xf7b,4)),CONST(0x1079,4)),LEAF(00fa80:1:byte)),CONST(0x1004,4)),LEAF(00fa80:1:byte)),CONST(0x72c,4))),CONST(0xb100,2))))
001a8e	FUN_001a8e	001ec2	STORE	CAST(INT_ZEXT(INT_ADD(MULTIEQUAL(SUBPIECE(PTRSUB(CONST(0x0,3),CONST(0xfa46,3)),CONST(0x0,4)),SUBPIECE(PTRSUB(CONST(0x0,3),CONST(0xfa52,3)),CONST(0x0,4))),CONST(0x4,2))))
001a8e	FUN_001a8e	001ede	STORE	CAST(INT_ZEXT(INT_ADD(MULTIEQUAL(SUBPIECE(PTRSUB(CONST(0x0,3),CONST(0xfa46,3)),CONST(0x0,4)),SUBPIECE(PTRSUB(CONST(0x0,3),CONST(0xfa52,3)),CONST(0x0,4))),CONST(0x6,2))))
001a8e	FUN_001a8e	001ee4	STORE	CAST(INT_ZEXT(INT_ADD(MULTIEQUAL(SUBPIECE(PTRSUB(CONST(0x0,3),CONST(0xfa46,3)),CONST(0x0,4)),SUBPIECE(PTRSUB(CONST(0x0,3),CONST(0xfa52,3)),CONST(0x0,4))),CONST(0x4,2))))
001a8e	FUN_001a8e	001eec	STORE	CAST(INT_ZEXT(INT_ADD(MULTIEQUAL(SUBPIECE(PTRSUB(CONST(0x0,3),CONST(0xfa46,3)),CONST(0x0,4)),SUBPIECE(PTRSUB(CONST(0x0,3),CONST(0xfa52,3)),CONST(0x0,4))),CONST(0x2,2))))
001a8e	FUN_001a8e	001ef0	STORE	CAST(INT_ZEXT(MULTIEQUAL(SUBPIECE(PTRSUB(CONST(0x0,3),CONST(0xfa46,3)),CONST(0x0,4)),SUBPIECE(PTRSUB(CONST(0x0,3),CONST(0xfa52,3)),CONST(0x0,4)))))
001a8e	FUN_001a8e	005d0a	LOAD	CAST(INT_ZEXT(INT_ADD(LEAF(register:0018:2:short),CONST(0x8130,2))))
001aca	FUN_001aca	001d40	LOAD	CAST(INT_ZEXT(INT_ADD(INT_MULT(INT_ZEXT(LEAF(00fa80:1:byte)),CONST(0x2,2)),CONST(0xb142,2))))
001aca	FUN_001aca	001d44	LOAD	LOAD(CONST(0x1f1,4),CAST(INT_ZEXT(INT_ADD(INT_MULT(INT_ZEXT(LEAF(00fa80:1:byte)),CONST(0x2,2)),CONST(0xb142,2)))))
001aca	FUN_001aca	001d7c	LOAD	PTRADD(MULTIEQUAL(SUBPIECE(PTRSUB(CONST(0x0,3),CONST(0xfa52,3)),CONST(0x0,4)),SUBPIECE(PTRSUB(CONST(0x0,3),CONST(0xfa46,3)),CONST(0x0,4))),CONST(0x4,2),CONST(0x1,2))
001aca	FUN_001aca	001d80	STORE	CAST(INT_ZEXT(INT_ADD(MULTIEQUAL(SUBPIECE(PTRSUB(CONST(0x0,3),CONST(0xfa46,3)),CONST(0x0,4)),SUBPIECE(PTRSUB(CONST(0x0,3),CONST(0xfa52,3)),CONST(0x0,4))),CONST(0xa,2))))
001aca	FUN_001aca	001d90	LOAD	CAST(INT_ZEXT(INT_ADD(INT_ZEXT(INDIRECT(LEAF(00fa80:1:byte),CONST(0x2d2,4))),CONST(0xb100,2))))
001aca	FUN_001aca	001d98	STORE	CAST(INT_ZEXT(INT_ADD(MULTIEQUAL(SUBPIECE(PTRSUB(CONST(0x0,3),CONST(0xfa46,3)),CONST(0x0,4)),SUBPIECE(PTRSUB(CONST(0x0,3),CONST(0xfa52,3)),CONST(0x0,4))),CONST(0x8,2))))
001aca	FUN_001aca	001da6	LOAD	CAST(INT_ZEXT(INT_ADD(INT_MULT(INT_ZEXT(LEAF(00fa80:1:byte)),CONST(0x2,2)),CONST(0xb15a,2))))
001aca	FUN_001aca	001dae	LOAD	CAST(INT_ADD(SUBPIECE(PTRSUB(CONST(0x0,3),CONST(0xfc5a,3)),CONST(0x0,4)),LOAD(CONST(0x1f1,4),CAST(INT_ZEXT(INT_ADD(INT_MULT(INT_ZEXT(LEAF(00fa80:1:byte)),CONST(0x2,2)),CONST(0xb15a,2)))))))
001aca	FUN_001aca	001dba	STORE	CAST(INT_ADD(LOAD(CONST(0x1f1,4),CAST(INT_ZEXT(INT_ADD(INT_MULT(INT_ZEXT(LEAF(00fa80:1:byte)),CONST(0x2,2)),CONST(0xb15a,2))))),CONST(0xfa68,2)))
001aca	FUN_001aca	001dec	STORE	CAST(INT_ZEXT(INT_ADD(MULTIEQUAL(SUBPIECE(PTRSUB(CONST(0x0,3),CONST(0xfa46,3)),CONST(0x0,4)),SUBPIECE(PTRSUB(CONST(0x0,3),CONST(0xfa52,3)),CONST(0x0,4))),CONST(0x2,2))))
001aca	FUN_001aca	001df6	STORE	CAST(INT_ZEXT(INT_ADD(MULTIEQUAL(SUBPIECE(PTRSUB(CONST(0x0,3),CONST(0xfa46,3)),CONST(0x0,4)),SUBPIECE(PTRSUB(CONST(0x0,3),CONST(0xfa52,3)),CONST(0x0,4))),CONST(0x2,2))))
001aca	FUN_001aca	001e04	STORE	CAST(INT_ZEXT(MULTIEQUAL(SUBPIECE(PTRSUB(CONST(0x0,3),CONST(0xfa46,3)),CONST(0x0,4)),SUBPIECE(PTRSUB(CONST(0x0,3),CONST(0xfa52,3)),CONST(0x0,4)))))
001aca	FUN_001aca	001e14	LOAD	CAST(INT_ZEXT(INT_ADD(INT_MULT(INT_ZEXT(MULTIEQUAL(INDIRECT(MULTIEQUAL(INDIRECT(INDIRECT(INDIRECT(INDIRECT(INDIRECT(LEAF(00fa80:1:byte),CONST(0x2d2,4)),CONST(0x3c5,4)),CONST(0xd30,4)),CONST(0xe63,4)),CONST(0xf61,4)),LEAF(00fa80:1:byte)),CONST(0xeec,4)),LEAF(00fa80:1:byte))),CONST(0x2,2)),CONST(0xb14e,2))))
001aca	FUN_001aca	001e18	LOAD	LOAD(CONST(0x1f1,4),CAST(INT_ZEXT(INT_ADD(INT_MULT(INT_ZEXT(MULTIEQUAL(INDIRECT(MULTIEQUAL(INDIRECT(INDIRECT(INDIRECT(INDIRECT(INDIRECT(LEAF(00fa80:1:byte),CONST(0x2d2,4)),CONST(0x3c5,4)),CONST(0xd30,4)),CONST(0xe63,4)),CONST(0xf61,4)),LEAF(00fa80:1:byte)),CONST(0xeec,4)),LEAF(00fa80:1:byte))),CONST(0x2,2)),CONST(0xb14e,2)))))
001aca	FUN_001aca	001e46	LOAD	CAST(INT_ZEXT(INT_ADD(INT_MULT(INT_ZEXT(MULTIEQUAL(INDIRECT(MULTIEQUAL(INDIRECT(INDIRECT(INDIRECT(INDIRECT(INDIRECT(LEAF(00fa80:1:byte),CONST(0x2d2,4)),CONST(0x3c5,4)),CONST(0xd30,4)),CONST(0xe63,4)),CONST(0xf61,4)),LEAF(00fa80:1:byte)),CONST(0xeec,4)),LEAF(00fa80:1:byte))),CONST(0x2,2)),CONST(0xb166,2))))
001aca	FUN_001aca	001e4e	LOAD	CAST(INT_ADD(SUBPIECE(PTRSUB(CONST(0x0,3),CONST(0xfc5a,3)),CONST(0x0,4)),LOAD(CONST(0x1f1,4),CAST(INT_ZEXT(INT_ADD(INT_MULT(INT_ZEXT(MULTIEQUAL(INDIRECT(MULTIEQUAL(INDIRECT(INDIRECT(INDIRECT(INDIRECT(INDIRECT(LEAF(00fa80:1:byte),CONST(0x2d2,4)),CONST(0x3c5,4)),CONST(0xd30,4)),CONST(0xe63,4)),CONST(0xf61,4)),LEAF(00fa80:1:byte)),CONST(0xeec,4)),LEAF(00fa80:1:byte))),CONST(0x2,2)),CONST(0xb166,2)))))))
001aca	FUN_001aca	001e5a	STORE	CAST(INT_ADD(LOAD(CONST(0x1f1,4),CAST(INT_ZEXT(INT_ADD(INT_MULT(INT_ZEXT(MULTIEQUAL(INDIRECT(MULTIEQUAL(INDIRECT(INDIRECT(INDIRECT(INDIRECT(INDIRECT(LEAF(00fa80:1:byte),CONST(0x2d2,4)),CONST(0x3c5,4)),CONST(0xd30,4)),CONST(0xe63,4)),CONST(0xf61,4)),LEAF(00fa80:1:byte)),CONST(0xeec,4)),LEAF(00fa80:1:byte))),CONST(0x2,2)),CONST(0xb166,2))))),CONST(0xfa68,2)))
001aca	FUN_001aca	001eaa	LOAD	CAST(INT_ZEXT(INT_ADD(INT_ZEXT(INDIRECT(MULTIEQUAL(INDIRECT(MULTIEQUAL(INDIRECT(INDIRECT(INDIRECT(INDIRECT(INDIRECT(LEAF(00fa80:1:byte),CONST(0x2d2,4)),CONST(0x3c5,4)),CONST(0xd30,4)),CONST(0xe63,4)),CONST(0xf61,4)),LEAF(00fa80:1:byte)),CONST(0xeec,4)),LEAF(00fa80:1:byte)),CONST(0x614,4))),CONST(0xb100,2))))
001aca	FUN_001aca	001ec2	STORE	CAST(INT_ZEXT(INT_ADD(MULTIEQUAL(SUBPIECE(PTRSUB(CONST(0x0,3),CONST(0xfa46,3)),CONST(0x0,4)),SUBPIECE(PTRSUB(CONST(0x0,3),CONST(0xfa52,3)),CONST(0x0,4))),CONST(0x4,2))))
001aca	FUN_001aca	001ede	STORE	CAST(INT_ZEXT(INT_ADD(MULTIEQUAL(SUBPIECE(PTRSUB(CONST(0x0,3),CONST(0xfa46,3)),CONST(0x0,4)),SUBPIECE(PTRSUB(CONST(0x0,3),CONST(0xfa52,3)),CONST(0x0,4))),CONST(0x6,2))))
001aca	FUN_001aca	001ee4	STORE	CAST(INT_ZEXT(INT_ADD(MULTIEQUAL(SUBPIECE(PTRSUB(CONST(0x0,3),CONST(0xfa46,3)),CONST(0x0,4)),SUBPIECE(PTRSUB(CONST(0x0,3),CONST(0xfa52,3)),CONST(0x0,4))),CONST(0x4,2))))
001aca	FUN_001aca	001eec	STORE	CAST(INT_ZEXT(INT_ADD(MULTIEQUAL(SUBPIECE(PTRSUB(CONST(0x0,3),CONST(0xfa46,3)),CONST(0x0,4)),SUBPIECE(PTRSUB(CONST(0x0,3),CONST(0xfa52,3)),CONST(0x0,4))),CONST(0x2,2))))
001aca	FUN_001aca	001ef0	STORE	CAST(INT_ZEXT(MULTIEQUAL(SUBPIECE(PTRSUB(CONST(0x0,3),CONST(0xfa46,3)),CONST(0x0,4)),SUBPIECE(PTRSUB(CONST(0x0,3),CONST(0xfa52,3)),CONST(0x0,4)))))
001aca	FUN_001aca	005d0a	LOAD	CAST(INT_ZEXT(INT_ADD(LEAF(register:0018:2:short),CONST(0x8130,2))))
001ade	FUN_001ade	001d40	LOAD	CAST(INT_ZEXT(INT_ADD(INT_MULT(INT_ZEXT(LEAF(00fa80:1:byte)),CONST(0x2,2)),CONST(0xb142,2))))
001ade	FUN_001ade	001d44	LOAD	LOAD(CONST(0x1f1,4),CAST(INT_ZEXT(INT_ADD(INT_MULT(INT_ZEXT(LEAF(00fa80:1:byte)),CONST(0x2,2)),CONST(0xb142,2)))))
001ade	FUN_001ade	001d7c	LOAD	PTRADD(MULTIEQUAL(SUBPIECE(PTRSUB(CONST(0x0,3),CONST(0xfa52,3)),CONST(0x0,4)),SUBPIECE(PTRSUB(CONST(0x0,3),CONST(0xfa46,3)),CONST(0x0,4))),CONST(0x4,2),CONST(0x1,2))
001ade	FUN_001ade	001d80	STORE	CAST(INT_ZEXT(INT_ADD(MULTIEQUAL(SUBPIECE(PTRSUB(CONST(0x0,3),CONST(0xfa46,3)),CONST(0x0,4)),SUBPIECE(PTRSUB(CONST(0x0,3),CONST(0xfa52,3)),CONST(0x0,4))),CONST(0xa,2))))
001ade	FUN_001ade	001d90	LOAD	CAST(INT_ZEXT(INT_ADD(INT_ZEXT(INDIRECT(LEAF(00fa80:1:byte),CONST(0x36c,4))),CONST(0xb100,2))))
001ade	FUN_001ade	001d98	STORE	CAST(INT_ZEXT(INT_ADD(MULTIEQUAL(SUBPIECE(PTRSUB(CONST(0x0,3),CONST(0xfa46,3)),CONST(0x0,4)),SUBPIECE(PTRSUB(CONST(0x0,3),CONST(0xfa52,3)),CONST(0x0,4))),CONST(0x8,2))))
001ade	FUN_001ade	001da6	LOAD	CAST(INT_ZEXT(INT_ADD(INT_MULT(INT_ZEXT(LEAF(00fa80:1:byte)),CONST(0x2,2)),CONST(0xb15a,2))))
001ade	FUN_001ade	001dae	LOAD	CAST(INT_ADD(SUBPIECE(PTRSUB(CONST(0x0,3),CONST(0xfc5a,3)),CONST(0x0,4)),LOAD(CONST(0x1f1,4),CAST(INT_ZEXT(INT_ADD(INT_MULT(INT_ZEXT(LEAF(00fa80:1:byte)),CONST(0x2,2)),CONST(0xb15a,2)))))))
001ade	FUN_001ade	001dba	STORE	CAST(INT_ADD(LOAD(CONST(0x1f1,4),CAST(INT_ZEXT(INT_ADD(INT_MULT(INT_ZEXT(LEAF(00fa80:1:byte)),CONST(0x2,2)),CONST(0xb15a,2))))),CONST(0xfa68,2)))
001ade	FUN_001ade	001dec	STORE	CAST(INT_ZEXT(INT_ADD(MULTIEQUAL(SUBPIECE(PTRSUB(CONST(0x0,3),CONST(0xfa46,3)),CONST(0x0,4)),SUBPIECE(PTRSUB(CONST(0x0,3),CONST(0xfa52,3)),CONST(0x0,4))),CONST(0x2,2))))
001ade	FUN_001ade	001df6	STORE	CAST(INT_ZEXT(INT_ADD(MULTIEQUAL(SUBPIECE(PTRSUB(CONST(0x0,3),CONST(0xfa46,3)),CONST(0x0,4)),SUBPIECE(PTRSUB(CONST(0x0,3),CONST(0xfa52,3)),CONST(0x0,4))),CONST(0x2,2))))
001ade	FUN_001ade	001e04	STORE	CAST(INT_ZEXT(MULTIEQUAL(SUBPIECE(PTRSUB(CONST(0x0,3),CONST(0xfa46,3)),CONST(0x0,4)),SUBPIECE(PTRSUB(CONST(0x0,3),CONST(0xfa52,3)),CONST(0x0,4)))))
001ade	FUN_001ade	001e14	LOAD	CAST(INT_ZEXT(INT_ADD(INT_MULT(INT_ZEXT(MULTIEQUAL(INDIRECT(MULTIEQUAL(INDIRECT(INDIRECT(INDIRECT(INDIRECT(INDIRECT(LEAF(00fa80:1:byte),CONST(0x36c,4)),CONST(0x45f,4)),CONST(0xdca,4)),CONST(0xefd,4)),CONST(0xffb,4)),LEAF(00fa80:1:byte)),CONST(0xf86,4)),LEAF(00fa80:1:byte))),CONST(0x2,2)),CONST(0xb14e,2))))
001ade	FUN_001ade	001e18	LOAD	LOAD(CONST(0x1f1,4),CAST(INT_ZEXT(INT_ADD(INT_MULT(INT_ZEXT(MULTIEQUAL(INDIRECT(MULTIEQUAL(INDIRECT(INDIRECT(INDIRECT(INDIRECT(INDIRECT(LEAF(00fa80:1:byte),CONST(0x36c,4)),CONST(0x45f,4)),CONST(0xdca,4)),CONST(0xefd,4)),CONST(0xffb,4)),LEAF(00fa80:1:byte)),CONST(0xf86,4)),LEAF(00fa80:1:byte))),CONST(0x2,2)),CONST(0xb14e,2)))))
001ade	FUN_001ade	001e46	LOAD	CAST(INT_ZEXT(INT_ADD(INT_MULT(INT_ZEXT(MULTIEQUAL(INDIRECT(MULTIEQUAL(INDIRECT(INDIRECT(INDIRECT(INDIRECT(INDIRECT(LEAF(00fa80:1:byte),CONST(0x36c,4)),CONST(0x45f,4)),CONST(0xdca,4)),CONST(0xefd,4)),CONST(0xffb,4)),LEAF(00fa80:1:byte)),CONST(0xf86,4)),LEAF(00fa80:1:byte))),CONST(0x2,2)),CONST(0xb166,2))))
001ade	FUN_001ade	001e4e	LOAD	CAST(INT_ADD(SUBPIECE(PTRSUB(CONST(0x0,3),CONST(0xfc5a,3)),CONST(0x0,4)),LOAD(CONST(0x1f1,4),CAST(INT_ZEXT(INT_ADD(INT_MULT(INT_ZEXT(MULTIEQUAL(INDIRECT(MULTIEQUAL(INDIRECT(INDIRECT(INDIRECT(INDIRECT(INDIRECT(LEAF(00fa80:1:byte),CONST(0x36c,4)),CONST(0x45f,4)),CONST(0xdca,4)),CONST(0xefd,4)),CONST(0xffb,4)),LEAF(00fa80:1:byte)),CONST(0xf86,4)),LEAF(00fa80:1:byte))),CONST(0x2,2)),CONST(0xb166,2)))))))
001ade	FUN_001ade	001e5a	STORE	CAST(INT_ADD(LOAD(CONST(0x1f1,4),CAST(INT_ZEXT(INT_ADD(INT_MULT(INT_ZEXT(MULTIEQUAL(INDIRECT(MULTIEQUAL(INDIRECT(INDIRECT(INDIRECT(INDIRECT(INDIRECT(LEAF(00fa80:1:byte),CONST(0x36c,4)),CONST(0x45f,4)),CONST(0xdca,4)),CONST(0xefd,4)),CONST(0xffb,4)),LEAF(00fa80:1:byte)),CONST(0xf86,4)),LEAF(00fa80:1:byte))),CONST(0x2,2)),CONST(0xb166,2))))),CONST(0xfa68,2)))
001ade	FUN_001ade	001eaa	LOAD	CAST(INT_ZEXT(INT_ADD(INT_ZEXT(INDIRECT(MULTIEQUAL(INDIRECT(MULTIEQUAL(INDIRECT(INDIRECT(INDIRECT(INDIRECT(INDIRECT(LEAF(00fa80:1:byte),CONST(0x36c,4)),CONST(0x45f,4)),CONST(0xdca,4)),CONST(0xefd,4)),CONST(0xffb,4)),LEAF(00fa80:1:byte)),CONST(0xf86,4)),LEAF(00fa80:1:byte)),CONST(0x6ae,4))),CONST(0xb100,2))))
001ade	FUN_001ade	001ec2	STORE	CAST(INT_ZEXT(INT_ADD(MULTIEQUAL(SUBPIECE(PTRSUB(CONST(0x0,3),CONST(0xfa46,3)),CONST(0x0,4)),SUBPIECE(PTRSUB(CONST(0x0,3),CONST(0xfa52,3)),CONST(0x0,4))),CONST(0x4,2))))
001ade	FUN_001ade	001ede	STORE	CAST(INT_ZEXT(INT_ADD(MULTIEQUAL(SUBPIECE(PTRSUB(CONST(0x0,3),CONST(0xfa46,3)),CONST(0x0,4)),SUBPIECE(PTRSUB(CONST(0x0,3),CONST(0xfa52,3)),CONST(0x0,4))),CONST(0x6,2))))
001ade	FUN_001ade	001ee4	STORE	CAST(INT_ZEXT(INT_ADD(MULTIEQUAL(SUBPIECE(PTRSUB(CONST(0x0,3),CONST(0xfa46,3)),CONST(0x0,4)),SUBPIECE(PTRSUB(CONST(0x0,3),CONST(0xfa52,3)),CONST(0x0,4))),CONST(0x4,2))))
001ade	FUN_001ade	001eec	STORE	CAST(INT_ZEXT(INT_ADD(MULTIEQUAL(SUBPIECE(PTRSUB(CONST(0x0,3),CONST(0xfa46,3)),CONST(0x0,4)),SUBPIECE(PTRSUB(CONST(0x0,3),CONST(0xfa52,3)),CONST(0x0,4))),CONST(0x2,2))))
001ade	FUN_001ade	001ef0	STORE	CAST(INT_ZEXT(MULTIEQUAL(SUBPIECE(PTRSUB(CONST(0x0,3),CONST(0xfa46,3)),CONST(0x0,4)),SUBPIECE(PTRSUB(CONST(0x0,3),CONST(0xfa52,3)),CONST(0x0,4)))))
001ade	FUN_001ade	005d0a	LOAD	CAST(INT_ZEXT(INT_ADD(LEAF(register:0018:2:short),CONST(0x8130,2))))
001bcc	FUN_001bcc	001d40	LOAD	CAST(INT_ZEXT(INT_ADD(INT_MULT(INT_ZEXT(LEAF(00fa80:1:byte)),CONST(0x2,2)),CONST(0xb142,2))))
001bcc	FUN_001bcc	001d44	LOAD	LOAD(CONST(0x1f1,4),CAST(INT_ZEXT(INT_ADD(INT_MULT(INT_ZEXT(LEAF(00fa80:1:byte)),CONST(0x2,2)),CONST(0xb142,2)))))
001bcc	FUN_001bcc	001d7c	LOAD	PTRADD(MULTIEQUAL(SUBPIECE(PTRSUB(CONST(0x0,3),CONST(0xfa52,3)),CONST(0x0,4)),SUBPIECE(PTRSUB(CONST(0x0,3),CONST(0xfa46,3)),CONST(0x0,4))),CONST(0x4,2),CONST(0x1,2))
001bcc	FUN_001bcc	001d80	STORE	CAST(INT_ZEXT(INT_ADD(MULTIEQUAL(SUBPIECE(PTRSUB(CONST(0x0,3),CONST(0xfa46,3)),CONST(0x0,4)),SUBPIECE(PTRSUB(CONST(0x0,3),CONST(0xfa52,3)),CONST(0x0,4))),CONST(0xa,2))))
001bcc	FUN_001bcc	001d90	LOAD	CAST(INT_ZEXT(INT_ADD(INT_ZEXT(INDIRECT(LEAF(00fa80:1:byte),CONST(0x2ea,4))),CONST(0xb100,2))))
001bcc	FUN_001bcc	001d98	STORE	CAST(INT_ZEXT(INT_ADD(MULTIEQUAL(SUBPIECE(PTRSUB(CONST(0x0,3),CONST(0xfa46,3)),CONST(0x0,4)),SUBPIECE(PTRSUB(CONST(0x0,3),CONST(0xfa52,3)),CONST(0x0,4))),CONST(0x8,2))))
001bcc	FUN_001bcc	001da6	LOAD	CAST(INT_ZEXT(INT_ADD(INT_MULT(INT_ZEXT(LEAF(00fa80:1:byte)),CONST(0x2,2)),CONST(0xb15a,2))))
001bcc	FUN_001bcc	001dae	LOAD	CAST(INT_ADD(SUBPIECE(PTRSUB(CONST(0x0,3),CONST(0xfc5a,3)),CONST(0x0,4)),LOAD(CONST(0x1f1,4),CAST(INT_ZEXT(INT_ADD(INT_MULT(INT_ZEXT(LEAF(00fa80:1:byte)),CONST(0x2,2)),CONST(0xb15a,2)))))))
001bcc	FUN_001bcc	001dba	STORE	CAST(INT_ADD(LOAD(CONST(0x1f1,4),CAST(INT_ZEXT(INT_ADD(INT_MULT(INT_ZEXT(LEAF(00fa80:1:byte)),CONST(0x2,2)),CONST(0xb15a,2))))),CONST(0xfa68,2)))
001bcc	FUN_001bcc	001dec	STORE	CAST(INT_ZEXT(INT_ADD(MULTIEQUAL(SUBPIECE(PTRSUB(CONST(0x0,3),CONST(0xfa46,3)),CONST(0x0,4)),SUBPIECE(PTRSUB(CONST(0x0,3),CONST(0xfa52,3)),CONST(0x0,4))),CONST(0x2,2))))
001bcc	FUN_001bcc	001df6	STORE	CAST(INT_ZEXT(INT_ADD(MULTIEQUAL(SUBPIECE(PTRSUB(CONST(0x0,3),CONST(0xfa46,3)),CONST(0x0,4)),SUBPIECE(PTRSUB(CONST(0x0,3),CONST(0xfa52,3)),CONST(0x0,4))),CONST(0x2,2))))
001bcc	FUN_001bcc	001e04	STORE	CAST(INT_ZEXT(MULTIEQUAL(SUBPIECE(PTRSUB(CONST(0x0,3),CONST(0xfa46,3)),CONST(0x0,4)),SUBPIECE(PTRSUB(CONST(0x0,3),CONST(0xfa52,3)),CONST(0x0,4)))))
001bcc	FUN_001bcc	001e14	LOAD	CAST(INT_ZEXT(INT_ADD(INT_MULT(INT_ZEXT(MULTIEQUAL(INDIRECT(MULTIEQUAL(INDIRECT(INDIRECT(INDIRECT(INDIRECT(INDIRECT(LEAF(00fa80:1:byte),CONST(0x2ea,4)),CONST(0x3dd,4)),CONST(0xd48,4)),CONST(0xe7b,4)),CONST(0xf79,4)),LEAF(00fa80:1:byte)),CONST(0xf04,4)),LEAF(00fa80:1:byte))),CONST(0x2,2)),CONST(0xb14e,2))))
001bcc	FUN_001bcc	001e18	LOAD	LOAD(CONST(0x1f1,4),CAST(INT_ZEXT(INT_ADD(INT_MULT(INT_ZEXT(MULTIEQUAL(INDIRECT(MULTIEQUAL(INDIRECT(INDIRECT(INDIRECT(INDIRECT(INDIRECT(LEAF(00fa80:1:byte),CONST(0x2ea,4)),CONST(0x3dd,4)),CONST(0xd48,4)),CONST(0xe7b,4)),CONST(0xf79,4)),LEAF(00fa80:1:byte)),CONST(0xf04,4)),LEAF(00fa80:1:byte))),CONST(0x2,2)),CONST(0xb14e,2)))))
001bcc	FUN_001bcc	001e46	LOAD	CAST(INT_ZEXT(INT_ADD(INT_MULT(INT_ZEXT(MULTIEQUAL(INDIRECT(MULTIEQUAL(INDIRECT(INDIRECT(INDIRECT(INDIRECT(INDIRECT(LEAF(00fa80:1:byte),CONST(0x2ea,4)),CONST(0x3dd,4)),CONST(0xd48,4)),CONST(0xe7b,4)),CONST(0xf79,4)),LEAF(00fa80:1:byte)),CONST(0xf04,4)),LEAF(00fa80:1:byte))),CONST(0x2,2)),CONST(0xb166,2))))
001bcc	FUN_001bcc	001e4e	LOAD	CAST(INT_ADD(SUBPIECE(PTRSUB(CONST(0x0,3),CONST(0xfc5a,3)),CONST(0x0,4)),LOAD(CONST(0x1f1,4),CAST(INT_ZEXT(INT_ADD(INT_MULT(INT_ZEXT(MULTIEQUAL(INDIRECT(MULTIEQUAL(INDIRECT(INDIRECT(INDIRECT(INDIRECT(INDIRECT(LEAF(00fa80:1:byte),CONST(0x2ea,4)),CONST(0x3dd,4)),CONST(0xd48,4)),CONST(0xe7b,4)),CONST(0xf79,4)),LEAF(00fa80:1:byte)),CONST(0xf04,4)),LEAF(00fa80:1:byte))),CONST(0x2,2)),CONST(0xb166,2)))))))
001bcc	FUN_001bcc	001e5a	STORE	CAST(INT_ADD(LOAD(CONST(0x1f1,4),CAST(INT_ZEXT(INT_ADD(INT_MULT(INT_ZEXT(MULTIEQUAL(INDIRECT(MULTIEQUAL(INDIRECT(INDIRECT(INDIRECT(INDIRECT(INDIRECT(LEAF(00fa80:1:byte),CONST(0x2ea,4)),CONST(0x3dd,4)),CONST(0xd48,4)),CONST(0xe7b,4)),CONST(0xf79,4)),LEAF(00fa80:1:byte)),CONST(0xf04,4)),LEAF(00fa80:1:byte))),CONST(0x2,2)),CONST(0xb166,2))))),CONST(0xfa68,2)))
001bcc	FUN_001bcc	001eaa	LOAD	CAST(INT_ZEXT(INT_ADD(INT_ZEXT(INDIRECT(MULTIEQUAL(INDIRECT(MULTIEQUAL(INDIRECT(INDIRECT(INDIRECT(INDIRECT(INDIRECT(LEAF(00fa80:1:byte),CONST(0x2ea,4)),CONST(0x3dd,4)),CONST(0xd48,4)),CONST(0xe7b,4)),CONST(0xf79,4)),LEAF(00fa80:1:byte)),CONST(0xf04,4)),LEAF(00fa80:1:byte)),CONST(0x62c,4))),CONST(0xb100,2))))
001bcc	FUN_001bcc	001ec2	STORE	CAST(INT_ZEXT(INT_ADD(MULTIEQUAL(SUBPIECE(PTRSUB(CONST(0x0,3),CONST(0xfa46,3)),CONST(0x0,4)),SUBPIECE(PTRSUB(CONST(0x0,3),CONST(0xfa52,3)),CONST(0x0,4))),CONST(0x4,2))))
001bcc	FUN_001bcc	001ede	STORE	CAST(INT_ZEXT(INT_ADD(MULTIEQUAL(SUBPIECE(PTRSUB(CONST(0x0,3),CONST(0xfa46,3)),CONST(0x0,4)),SUBPIECE(PTRSUB(CONST(0x0,3),CONST(0xfa52,3)),CONST(0x0,4))),CONST(0x6,2))))
001bcc	FUN_001bcc	001ee4	STORE	CAST(INT_ZEXT(INT_ADD(MULTIEQUAL(SUBPIECE(PTRSUB(CONST(0x0,3),CONST(0xfa46,3)),CONST(0x0,4)),SUBPIECE(PTRSUB(CONST(0x0,3),CONST(0xfa52,3)),CONST(0x0,4))),CONST(0x4,2))))
001bcc	FUN_001bcc	001eec	STORE	CAST(INT_ZEXT(INT_ADD(MULTIEQUAL(SUBPIECE(PTRSUB(CONST(0x0,3),CONST(0xfa46,3)),CONST(0x0,4)),SUBPIECE(PTRSUB(CONST(0x0,3),CONST(0xfa52,3)),CONST(0x0,4))),CONST(0x2,2))))
001bcc	FUN_001bcc	001ef0	STORE	CAST(INT_ZEXT(MULTIEQUAL(SUBPIECE(PTRSUB(CONST(0x0,3),CONST(0xfa46,3)),CONST(0x0,4)),SUBPIECE(PTRSUB(CONST(0x0,3),CONST(0xfa52,3)),CONST(0x0,4)))))
002104	FUN_002104	00112c	LOAD	CAST(INT_ZEXT(INT_ADD(INT_RIGHT(MULTIEQUAL(PIECE(SUBPIECE(INT_RIGHT(MULTIEQUAL(MULTIEQUAL(COPY(INT_ADD(INT_ZEXT(LEAF(00e427:1:byte)),LEAF(00e736:2:ushort))),COPY(LEAF(00e736:2:ushort))),LEAF(unique:00022d00:2:ushort),INT_ADD(INT_ZEXT(LEAF(00e427:1:byte)),LEAF(00e736:2:ushort)),MULTIEQUAL(INT_ADD(INT_ZEXT(LEAF(00e427:1:byte)),LEAF(00e736:2:ushort)),INT_ADD(INT_ZEXT(LEAF(00e427:1:byte)),LEAF(00e736:2:ushort)))),CONST(0x8,4)),CONST(0x0,4)),LEAF(00e423:1:char)),LEAF(register:0008:2:ushort),PIECE(LEAF(register:0009:1:undefined1),LEAF(00e743:1:char))),CONST(0x8,2)),CONST(0xaf7a,2))))
002104	FUN_002104	00508a	LOAD	CAST(INT_ZEXT(MULTIEQUAL(COPY(CONST(0x32e,2)),INT_ADD(LEAF(register:0012:2:ushort),CONST(0x1,2)))))
002104	FUN_002104	00508a	STORE	CAST(INT_ZEXT(MULTIEQUAL(SUBPIECE(PTRSUB(CONST(0x0,3),CONST(0xe320,3)),CONST(0x0,4)),INT_ADD(LEAF(register:000e:2:ushort),CONST(0x1,2)))))
002104	FUN_002104	005146	LOAD	CAST(INT_ZEXT(MULTIEQUAL(COPY(INT_AND(PIECE(LEAF(00e425:1:byte),LEAF(00e426:1:undefined1)),CONST(0x3fff,2))),MULTIEQUAL(COPY(COPY(CONST(0x0,2))),COPY(INT_ADD(LEAF(register:0012:2:ushort),CONST(0x1,2)))))))
002104	FUN_002104	0051b0	STORE	CAST(INT_ZEXT(INT_ADD(SUBPIECE(PTRSUB(CONST(0x0,3),CONST(0xe428,3)),CONST(0x0,4)),INT_ZEXT(MULTIEQUAL(COPY(COPY(LEAF(00e427:1:byte))),LEAF(00e73a:1:byte),INDIRECT(INDIRECT(MULTIEQUAL(INDIRECT(INDIRECT(MULTIEQUAL(INDIRECT(LEAF(00e73a:1:byte),CONST(0x1f633,4)),LEAF(00e73a:1:byte),LEAF(00e73a:1:byte)),CONST(0x1d8a6,4)),CONST(0x1d8c5,4)),LEAF(00e73a:1:byte)),CONST(0x1d95b,4)),CONST(0x1daab,4)),INDIRECT(INDIRECT(INDIRECT(LEAF(00e73a:1:byte),CONST(0x1f4b7,4)),CONST(0x1f540,4)),CONST(0x1f5c9,4)))))))
002104	FUN_002104	00520a	LOAD	CAST(INT_ZEXT(MULTIEQUAL(COPY(CONST(0x230,2)),INT_ADD(LEAF(register:0012:2:ushort),CONST(0x1,2)))))
002104	FUN_002104	00520a	STORE	CAST(INT_ZEXT(MULTIEQUAL(SUBPIECE(PTRSUB(CONST(0x0,3),CONST(0xe320,3)),CONST(0x0,4)),INT_ADD(LEAF(register:000e:2:ushort),CONST(0x1,2)))))
002104	FUN_002104	00532a	LOAD	CAST(INT_ZEXT(INT_AND(INT_SUB(MULTIEQUAL(INDIRECT(MULTIEQUAL(MULTIEQUAL(LEAF(00a356:2:short),LEAF(00a356:2:short),INDIRECT(INDIRECT(MULTIEQUAL(INDIRECT(INDIRECT(MULTIEQUAL(INDIRECT(LEAF(00a356:2:short),CONST(0x1f633,4)),LEAF(00a356:2:short),LEAF(00a356:2:short)),CONST(0x1d8a6,4)),CONST(0x1d8c5,4)),LEAF(00a356:2:short)),CONST(0x1d95b,4)),CONST(0x1daab,4)),INDIRECT(INDIRECT(INDIRECT(LEAF(00a356:2:short),CONST(0x1f4b7,4)),CONST(0x1f540,4)),CONST(0x1f5c9,4))),INDIRECT(INDIRECT(INDIRECT(MULTIEQUAL(INDIRECT(MULTIEQUAL(INDIRECT(LEAF(00a356:2:short),CONST(0x1f383,4)),LEAF(00a356:2:short)),CONST(0x1ef33,4)),LEAF(00a356:2:short)),CONST(0x1efc9,4)),CONST(0x1f0bc,4)),CONST(0x1f0c2,4)),LEAF(00a356:2:short),LEAF(00a356:2:short),LEAF(00a356:2:short)),CONST(0x1e11c,4)),INDIRECT(LEAF(00a356:2:short),CONST(0x1eada,4)),INDIRECT(INDIRECT(LEAF(00a356:2:short),CONST(0x1eb72,4)),CONST(0x1ebed,4)),INDIRECT(LEAF(00a356:2:short),CONST(0x1ec85,4)),LEAF(00a356:2:short),LEAF(00a356:2:short)),CONST(0x1,2)),CONST(0x3fff,2))))
002104	FUN_002104	00537a	LOAD	CAST(INT_ZEXT(INT_AND(MULTIEQUAL(INDIRECT(MULTIEQUAL(MULTIEQUAL(LEAF(00a37a:2:ushort),LEAF(00a37a:2:ushort),INDIRECT(INDIRECT(MULTIEQUAL(INDIRECT(INDIRECT(MULTIEQUAL(INDIRECT(LEAF(00a37a:2:ushort),CONST(0x1f633,4)),LEAF(00a37a:2:ushort),LEAF(00a37a:2:ushort)),CONST(0x1d8a6,4)),CONST(0x1d8c5,4)),LEAF(00a37a:2:ushort)),CONST(0x1d95b,4)),CONST(0x1daab,4)),INDIRECT(INDIRECT(INDIRECT(LEAF(00a37a:2:ushort),CONST(0x1f4b7,4)),CONST(0x1f540,4)),CONST(0x1f5c9,4))),INDIRECT(INDIRECT(INDIRECT(MULTIEQUAL(INDIRECT(MULTIEQUAL(INDIRECT(LEAF(00a37a:2:ushort),CONST(0x1f383,4)),LEAF(00a37a:2:ushort)),CONST(0x1ef33,4)),LEAF(00a37a:2:ushort)),CONST(0x1efc9,4)),CONST(0x1f0bc,4)),CONST(0x1f0c2,4)),LEAF(00a37a:2:ushort),LEAF(00a37a:2:ushort),LEAF(00a37a:2:ushort)),CONST(0x1e11c,4)),INDIRECT(LEAF(00a37a:2:ushort),CONST(0x1eada,4)),INDIRECT(INDIRECT(LEAF(00a37a:2:ushort),CONST(0x1eb72,4)),CONST(0x1ebed,4)),INDIRECT(LEAF(00a37a:2:ushort),CONST(0x1ec85,4)),LEAF(00a37a:2:ushort),LEAF(00a37a:2:ushort)),CONST(0x3fff,2))))
002128	FUN_002128	00112c	LOAD	CAST(INT_ZEXT(INT_ADD(INT_RIGHT(MULTIEQUAL(PIECE(SUBPIECE(INT_RIGHT(MULTIEQUAL(MULTIEQUAL(COPY(INT_ADD(INT_ZEXT(LEAF(00e427:1:byte)),LEAF(00e736:2:ushort))),COPY(LEAF(00e736:2:ushort))),LEAF(unique:00022d00:2:ushort),INT_ADD(INT_ZEXT(LEAF(00e427:1:byte)),LEAF(00e736:2:ushort)),MULTIEQUAL(INT_ADD(INT_ZEXT(LEAF(00e427:1:byte)),LEAF(00e736:2:ushort)),INT_ADD(INT_ZEXT(LEAF(00e427:1:byte)),LEAF(00e736:2:ushort)))),CONST(0x8,4)),CONST(0x0,4)),LEAF(00e423:1:char)),LEAF(register:0008:2:ushort),PIECE(LEAF(register:0009:1:undefined1),LEAF(00e743:1:char))),CONST(0x8,2)),CONST(0xaf7a,2))))
002128	FUN_002128	00508a	LOAD	CAST(INT_ZEXT(MULTIEQUAL(COPY(CONST(0x32e,2)),INT_ADD(LEAF(register:0012:2:ushort),CONST(0x1,2)))))
002128	FUN_002128	00508a	STORE	CAST(INT_ZEXT(MULTIEQUAL(SUBPIECE(PTRSUB(CONST(0x0,3),CONST(0xe320,3)),CONST(0x0,4)),INT_ADD(LEAF(register:000e:2:ushort),CONST(0x1,2)))))
002128	FUN_002128	005146	LOAD	CAST(INT_ZEXT(MULTIEQUAL(COPY(INT_AND(PIECE(LEAF(00e425:1:byte),LEAF(00e426:1:undefined1)),CONST(0x3fff,2))),MULTIEQUAL(COPY(COPY(CONST(0x0,2))),COPY(INT_ADD(LEAF(register:0012:2:ushort),CONST(0x1,2)))))))
002128	FUN_002128	0051b0	STORE	CAST(INT_ZEXT(INT_ADD(SUBPIECE(PTRSUB(CONST(0x0,3),CONST(0xe428,3)),CONST(0x0,4)),INT_ZEXT(MULTIEQUAL(COPY(COPY(LEAF(00e427:1:byte))),LEAF(00e73a:1:byte),INDIRECT(INDIRECT(MULTIEQUAL(INDIRECT(INDIRECT(MULTIEQUAL(INDIRECT(LEAF(00e73a:1:byte),CONST(0x1f417,4)),LEAF(00e73a:1:byte),LEAF(00e73a:1:byte)),CONST(0x1d68a,4)),CONST(0x1d6a9,4)),LEAF(00e73a:1:byte)),CONST(0x1d73f,4)),CONST(0x1d88f,4)),INDIRECT(INDIRECT(INDIRECT(LEAF(00e73a:1:byte),CONST(0x1f29b,4)),CONST(0x1f324,4)),CONST(0x1f3ad,4)))))))
002128	FUN_002128	00520a	LOAD	CAST(INT_ZEXT(MULTIEQUAL(COPY(CONST(0x230,2)),INT_ADD(LEAF(register:0012:2:ushort),CONST(0x1,2)))))
002128	FUN_002128	00520a	STORE	CAST(INT_ZEXT(MULTIEQUAL(SUBPIECE(PTRSUB(CONST(0x0,3),CONST(0xe320,3)),CONST(0x0,4)),INT_ADD(LEAF(register:000e:2:ushort),CONST(0x1,2)))))
002128	FUN_002128	00532a	LOAD	CAST(INT_ZEXT(INT_AND(INT_SUB(MULTIEQUAL(INDIRECT(MULTIEQUAL(MULTIEQUAL(LEAF(00a356:2:short),LEAF(00a356:2:short),INDIRECT(INDIRECT(MULTIEQUAL(INDIRECT(INDIRECT(MULTIEQUAL(INDIRECT(LEAF(00a356:2:short),CONST(0x1f417,4)),LEAF(00a356:2:short),LEAF(00a356:2:short)),CONST(0x1d68a,4)),CONST(0x1d6a9,4)),LEAF(00a356:2:short)),CONST(0x1d73f,4)),CONST(0x1d88f,4)),INDIRECT(INDIRECT(INDIRECT(LEAF(00a356:2:short),CONST(0x1f29b,4)),CONST(0x1f324,4)),CONST(0x1f3ad,4))),INDIRECT(INDIRECT(INDIRECT(MULTIEQUAL(INDIRECT(MULTIEQUAL(INDIRECT(LEAF(00a356:2:short),CONST(0x1f167,4)),LEAF(00a356:2:short)),CONST(0x1ed17,4)),LEAF(00a356:2:short)),CONST(0x1edad,4)),CONST(0x1eea0,4)),CONST(0x1eea6,4)),LEAF(00a356:2:short),LEAF(00a356:2:short),LEAF(00a356:2:short)),CONST(0x1df00,4)),INDIRECT(LEAF(00a356:2:short),CONST(0x1e8be,4)),INDIRECT(INDIRECT(LEAF(00a356:2:short),CONST(0x1e956,4)),CONST(0x1e9d1,4)),INDIRECT(LEAF(00a356:2:short),CONST(0x1ea69,4)),LEAF(00a356:2:short),LEAF(00a356:2:short)),CONST(0x1,2)),CONST(0x3fff,2))))
002128	FUN_002128	00537a	LOAD	CAST(INT_ZEXT(INT_AND(MULTIEQUAL(INDIRECT(MULTIEQUAL(MULTIEQUAL(LEAF(00a37a:2:ushort),LEAF(00a37a:2:ushort),INDIRECT(INDIRECT(MULTIEQUAL(INDIRECT(INDIRECT(MULTIEQUAL(INDIRECT(LEAF(00a37a:2:ushort),CONST(0x1f417,4)),LEAF(00a37a:2:ushort),LEAF(00a37a:2:ushort)),CONST(0x1d68a,4)),CONST(0x1d6a9,4)),LEAF(00a37a:2:ushort)),CONST(0x1d73f,4)),CONST(0x1d88f,4)),INDIRECT(INDIRECT(INDIRECT(LEAF(00a37a:2:ushort),CONST(0x1f29b,4)),CONST(0x1f324,4)),CONST(0x1f3ad,4))),INDIRECT(INDIRECT(INDIRECT(MULTIEQUAL(INDIRECT(MULTIEQUAL(INDIRECT(LEAF(00a37a:2:ushort),CONST(0x1f167,4)),LEAF(00a37a:2:ushort)),CONST(0x1ed17,4)),LEAF(00a37a:2:ushort)),CONST(0x1edad,4)),CONST(0x1eea0,4)),CONST(0x1eea6,4)),LEAF(00a37a:2:ushort),LEAF(00a37a:2:ushort),LEAF(00a37a:2:ushort)),CONST(0x1df00,4)),INDIRECT(LEAF(00a37a:2:ushort),CONST(0x1e8be,4)),INDIRECT(INDIRECT(LEAF(00a37a:2:ushort),CONST(0x1e956,4)),CONST(0x1e9d1,4)),INDIRECT(LEAF(00a37a:2:ushort),CONST(0x1ea69,4)),LEAF(00a37a:2:ushort),LEAF(00a37a:2:ushort)),CONST(0x3fff,2))))
002144	FUN_002144	00112c	LOAD	CAST(INT_ZEXT(INT_ADD(INT_RIGHT(MULTIEQUAL(PIECE(SUBPIECE(INT_RIGHT(MULTIEQUAL(MULTIEQUAL(COPY(INT_ADD(INT_ZEXT(LEAF(00e427:1:byte)),LEAF(00e736:2:ushort))),COPY(LEAF(00e736:2:ushort))),LEAF(unique:00022d00:2:ushort),INT_ADD(INT_ZEXT(LEAF(00e427:1:byte)),LEAF(00e736:2:ushort)),MULTIEQUAL(INT_ADD(INT_ZEXT(LEAF(00e427:1:byte)),LEAF(00e736:2:ushort)),INT_ADD(INT_ZEXT(LEAF(00e427:1:byte)),LEAF(00e736:2:ushort)))),CONST(0x8,4)),CONST(0x0,4)),LEAF(00e423:1:char)),LEAF(register:0008:2:ushort),PIECE(LEAF(register:0009:1:undefined1),LEAF(00e743:1:char))),CONST(0x8,2)),CONST(0xaf7a,2))))
002144	FUN_002144	00508a	LOAD	CAST(INT_ZEXT(MULTIEQUAL(COPY(CONST(0x32e,2)),INT_ADD(LEAF(register:0012:2:ushort),CONST(0x1,2)))))
002144	FUN_002144	00508a	STORE	CAST(INT_ZEXT(MULTIEQUAL(SUBPIECE(PTRSUB(CONST(0x0,3),CONST(0xe320,3)),CONST(0x0,4)),INT_ADD(LEAF(register:000e:2:ushort),CONST(0x1,2)))))
002144	FUN_002144	005146	LOAD	CAST(INT_ZEXT(MULTIEQUAL(COPY(INT_AND(PIECE(LEAF(00e425:1:byte),LEAF(00e426:1:undefined1)),CONST(0x3fff,2))),MULTIEQUAL(COPY(COPY(CONST(0x0,2))),COPY(INT_ADD(LEAF(register:0012:2:ushort),CONST(0x1,2)))))))
002144	FUN_002144	0051b0	STORE	CAST(INT_ZEXT(INT_ADD(SUBPIECE(PTRSUB(CONST(0x0,3),CONST(0xe428,3)),CONST(0x0,4)),INT_ZEXT(MULTIEQUAL(COPY(COPY(LEAF(00e427:1:byte))),LEAF(00e73a:1:byte),INDIRECT(INDIRECT(MULTIEQUAL(INDIRECT(INDIRECT(MULTIEQUAL(INDIRECT(LEAF(00e73a:1:byte),CONST(0x1f273,4)),LEAF(00e73a:1:byte),LEAF(00e73a:1:byte)),CONST(0x1d4e6,4)),CONST(0x1d505,4)),LEAF(00e73a:1:byte)),CONST(0x1d59b,4)),CONST(0x1d6eb,4)),INDIRECT(INDIRECT(INDIRECT(LEAF(00e73a:1:byte),CONST(0x1f0f7,4)),CONST(0x1f180,4)),CONST(0x1f209,4)))))))
002144	FUN_002144	00520a	LOAD	CAST(INT_ZEXT(MULTIEQUAL(COPY(CONST(0x230,2)),INT_ADD(LEAF(register:0012:2:ushort),CONST(0x1,2)))))
002144	FUN_002144	00520a	STORE	CAST(INT_ZEXT(MULTIEQUAL(SUBPIECE(PTRSUB(CONST(0x0,3),CONST(0xe320,3)),CONST(0x0,4)),INT_ADD(LEAF(register:000e:2:ushort),CONST(0x1,2)))))
002144	FUN_002144	00532a	LOAD	CAST(INT_ZEXT(INT_AND(INT_SUB(MULTIEQUAL(INDIRECT(MULTIEQUAL(MULTIEQUAL(LEAF(00a356:2:short),LEAF(00a356:2:short),INDIRECT(INDIRECT(MULTIEQUAL(INDIRECT(INDIRECT(MULTIEQUAL(INDIRECT(LEAF(00a356:2:short),CONST(0x1f273,4)),LEAF(00a356:2:short),LEAF(00a356:2:short)),CONST(0x1d4e6,4)),CONST(0x1d505,4)),LEAF(00a356:2:short)),CONST(0x1d59b,4)),CONST(0x1d6eb,4)),INDIRECT(INDIRECT(INDIRECT(LEAF(00a356:2:short),CONST(0x1f0f7,4)),CONST(0x1f180,4)),CONST(0x1f209,4))),INDIRECT(INDIRECT(INDIRECT(MULTIEQUAL(INDIRECT(MULTIEQUAL(INDIRECT(LEAF(00a356:2:short),CONST(0x1efc3,4)),LEAF(00a356:2:short)),CONST(0x1eb73,4)),LEAF(00a356:2:short)),CONST(0x1ec09,4)),CONST(0x1ecfc,4)),CONST(0x1ed02,4)),LEAF(00a356:2:short),LEAF(00a356:2:short),LEAF(00a356:2:short)),CONST(0x1dd5c,4)),INDIRECT(LEAF(00a356:2:short),CONST(0x1e71a,4)),INDIRECT(INDIRECT(LEAF(00a356:2:short),CONST(0x1e7b2,4)),CONST(0x1e82d,4)),INDIRECT(LEAF(00a356:2:short),CONST(0x1e8c5,4)),LEAF(00a356:2:short),LEAF(00a356:2:short)),CONST(0x1,2)),CONST(0x3fff,2))))
002144	FUN_002144	00537a	LOAD	CAST(INT_ZEXT(INT_AND(MULTIEQUAL(INDIRECT(MULTIEQUAL(MULTIEQUAL(LEAF(00a37a:2:ushort),LEAF(00a37a:2:ushort),INDIRECT(INDIRECT(MULTIEQUAL(INDIRECT(INDIRECT(MULTIEQUAL(INDIRECT(LEAF(00a37a:2:ushort),CONST(0x1f273,4)),LEAF(00a37a:2:ushort),LEAF(00a37a:2:ushort)),CONST(0x1d4e6,4)),CONST(0x1d505,4)),LEAF(00a37a:2:ushort)),CONST(0x1d59b,4)),CONST(0x1d6eb,4)),INDIRECT(INDIRECT(INDIRECT(LEAF(00a37a:2:ushort),CONST(0x1f0f7,4)),CONST(0x1f180,4)),CONST(0x1f209,4))),INDIRECT(INDIRECT(INDIRECT(MULTIEQUAL(INDIRECT(MULTIEQUAL(INDIRECT(LEAF(00a37a:2:ushort),CONST(0x1efc3,4)),LEAF(00a37a:2:ushort)),CONST(0x1eb73,4)),LEAF(00a37a:2:ushort)),CONST(0x1ec09,4)),CONST(0x1ecfc,4)),CONST(0x1ed02,4)),LEAF(00a37a:2:ushort),LEAF(00a37a:2:ushort),LEAF(00a37a:2:ushort)),CONST(0x1dd5c,4)),INDIRECT(LEAF(00a37a:2:ushort),CONST(0x1e71a,4)),INDIRECT(INDIRECT(LEAF(00a37a:2:ushort),CONST(0x1e7b2,4)),CONST(0x1e82d,4)),INDIRECT(LEAF(00a37a:2:ushort),CONST(0x1e8c5,4)),LEAF(00a37a:2:ushort),LEAF(00a37a:2:ushort)),CONST(0x3fff,2))))
00214c	FUN_00214c	00112c	LOAD	CAST(INT_ZEXT(INT_ADD(INT_RIGHT(MULTIEQUAL(PIECE(SUBPIECE(INT_RIGHT(MULTIEQUAL(MULTIEQUAL(COPY(INT_ADD(INT_ZEXT(LEAF(00e427:1:byte)),LEAF(00e736:2:ushort))),COPY(LEAF(00e736:2:ushort))),LEAF(unique:00022d00:2:ushort),INT_ADD(INT_ZEXT(LEAF(00e427:1:byte)),LEAF(00e736:2:ushort)),MULTIEQUAL(INT_ADD(INT_ZEXT(LEAF(00e427:1:byte)),LEAF(00e736:2:ushort)),INT_ADD(INT_ZEXT(LEAF(00e427:1:byte)),LEAF(00e736:2:ushort)))),CONST(0x8,4)),CONST(0x0,4)),LEAF(00e423:1:char)),LEAF(register:0008:2:ushort),PIECE(LEAF(register:0009:1:undefined1),LEAF(00e743:1:char))),CONST(0x8,2)),CONST(0xaf7a,2))))
00214c	FUN_00214c	00508a	LOAD	CAST(INT_ZEXT(MULTIEQUAL(COPY(CONST(0x32e,2)),INT_ADD(LEAF(register:0012:2:ushort),CONST(0x1,2)))))
00214c	FUN_00214c	00508a	STORE	CAST(INT_ZEXT(MULTIEQUAL(SUBPIECE(PTRSUB(CONST(0x0,3),CONST(0xe320,3)),CONST(0x0,4)),INT_ADD(LEAF(register:000e:2:ushort),CONST(0x1,2)))))
00214c	FUN_00214c	005146	LOAD	CAST(INT_ZEXT(MULTIEQUAL(COPY(INT_AND(PIECE(LEAF(00e425:1:byte),LEAF(00e426:1:undefined1)),CONST(0x3fff,2))),MULTIEQUAL(COPY(COPY(CONST(0x0,2))),COPY(INT_ADD(LEAF(register:0012:2:ushort),CONST(0x1,2)))))))
00214c	FUN_00214c	0051b0	STORE	CAST(INT_ZEXT(INT_ADD(SUBPIECE(PTRSUB(CONST(0x0,3),CONST(0xe428,3)),CONST(0x0,4)),INT_ZEXT(MULTIEQUAL(COPY(COPY(LEAF(00e427:1:byte))),LEAF(00e73a:1:byte),INDIRECT(INDIRECT(MULTIEQUAL(INDIRECT(INDIRECT(MULTIEQUAL(INDIRECT(LEAF(00e73a:1:byte),CONST(0x1f1fb,4)),LEAF(00e73a:1:byte),LEAF(00e73a:1:byte)),CONST(0x1d46e,4)),CONST(0x1d48d,4)),LEAF(00e73a:1:byte)),CONST(0x1d523,4)),CONST(0x1d673,4)),INDIRECT(INDIRECT(INDIRECT(LEAF(00e73a:1:byte),CONST(0x1f07f,4)),CONST(0x1f108,4)),CONST(0x1f191,4)))))))
00214c	FUN_00214c	00520a	LOAD	CAST(INT_ZEXT(MULTIEQUAL(COPY(CONST(0x230,2)),INT_ADD(LEAF(register:0012:2:ushort),CONST(0x1,2)))))
00214c	FUN_00214c	00520a	STORE	CAST(INT_ZEXT(MULTIEQUAL(SUBPIECE(PTRSUB(CONST(0x0,3),CONST(0xe320,3)),CONST(0x0,4)),INT_ADD(LEAF(register:000e:2:ushort),CONST(0x1,2)))))
00214c	FUN_00214c	00532a	LOAD	CAST(INT_ZEXT(INT_AND(INT_SUB(MULTIEQUAL(INDIRECT(MULTIEQUAL(MULTIEQUAL(LEAF(00a356:2:short),LEAF(00a356:2:short),INDIRECT(INDIRECT(MULTIEQUAL(INDIRECT(INDIRECT(MULTIEQUAL(INDIRECT(LEAF(00a356:2:short),CONST(0x1f1fb,4)),LEAF(00a356:2:short),LEAF(00a356:2:short)),CONST(0x1d46e,4)),CONST(0x1d48d,4)),LEAF(00a356:2:short)),CONST(0x1d523,4)),CONST(0x1d673,4)),INDIRECT(INDIRECT(INDIRECT(LEAF(00a356:2:short),CONST(0x1f07f,4)),CONST(0x1f108,4)),CONST(0x1f191,4))),INDIRECT(INDIRECT(INDIRECT(MULTIEQUAL(INDIRECT(MULTIEQUAL(INDIRECT(LEAF(00a356:2:short),CONST(0x1ef4b,4)),LEAF(00a356:2:short)),CONST(0x1eafb,4)),LEAF(00a356:2:short)),CONST(0x1eb91,4)),CONST(0x1ec84,4)),CONST(0x1ec8a,4)),LEAF(00a356:2:short),LEAF(00a356:2:short),LEAF(00a356:2:short)),CONST(0x1dce4,4)),INDIRECT(LEAF(00a356:2:short),CONST(0x1e6a2,4)),INDIRECT(INDIRECT(LEAF(00a356:2:short),CONST(0x1e73a,4)),CONST(0x1e7b5,4)),INDIRECT(LEAF(00a356:2:short),CONST(0x1e84d,4)),LEAF(00a356:2:short),LEAF(00a356:2:short)),CONST(0x1,2)),CONST(0x3fff,2))))
00214c	FUN_00214c	00537a	LOAD	CAST(INT_ZEXT(INT_AND(MULTIEQUAL(INDIRECT(MULTIEQUAL(MULTIEQUAL(LEAF(00a37a:2:ushort),LEAF(00a37a:2:ushort),INDIRECT(INDIRECT(MULTIEQUAL(INDIRECT(INDIRECT(MULTIEQUAL(INDIRECT(LEAF(00a37a:2:ushort),CONST(0x1f1fb,4)),LEAF(00a37a:2:ushort),LEAF(00a37a:2:ushort)),CONST(0x1d46e,4)),CONST(0x1d48d,4)),LEAF(00a37a:2:ushort)),CONST(0x1d523,4)),CONST(0x1d673,4)),INDIRECT(INDIRECT(INDIRECT(LEAF(00a37a:2:ushort),CONST(0x1f07f,4)),CONST(0x1f108,4)),CONST(0x1f191,4))),INDIRECT(INDIRECT(INDIRECT(MULTIEQUAL(INDIRECT(MULTIEQUAL(INDIRECT(LEAF(00a37a:2:ushort),CONST(0x1ef4b,4)),LEAF(00a37a:2:ushort)),CONST(0x1eafb,4)),LEAF(00a37a:2:ushort)),CONST(0x1eb91,4)),CONST(0x1ec84,4)),CONST(0x1ec8a,4)),LEAF(00a37a:2:ushort),LEAF(00a37a:2:ushort),LEAF(00a37a:2:ushort)),CONST(0x1dce4,4)),INDIRECT(LEAF(00a37a:2:ushort),CONST(0x1e6a2,4)),INDIRECT(INDIRECT(LEAF(00a37a:2:ushort),CONST(0x1e73a,4)),CONST(0x1e7b5,4)),INDIRECT(LEAF(00a37a:2:ushort),CONST(0x1e84d,4)),LEAF(00a37a:2:ushort),LEAF(00a37a:2:ushort)),CONST(0x3fff,2))))
002154	FUN_002154	00112c	LOAD	CAST(INT_ZEXT(INT_ADD(INT_RIGHT(MULTIEQUAL(PIECE(SUBPIECE(INT_RIGHT(MULTIEQUAL(MULTIEQUAL(COPY(INT_ADD(INT_ZEXT(LEAF(00e427:1:byte)),LEAF(00e736:2:ushort))),COPY(LEAF(00e736:2:ushort))),LEAF(unique:00022d00:2:ushort),INT_ADD(INT_ZEXT(LEAF(00e427:1:byte)),LEAF(00e736:2:ushort)),MULTIEQUAL(INT_ADD(INT_ZEXT(LEAF(00e427:1:byte)),LEAF(00e736:2:ushort)),INT_ADD(INT_ZEXT(LEAF(00e427:1:byte)),LEAF(00e736:2:ushort)))),CONST(0x8,4)),CONST(0x0,4)),LEAF(00e423:1:char)),LEAF(register:0008:2:ushort),PIECE(LEAF(register:0009:1:undefined1),LEAF(00e743:1:char))),CONST(0x8,2)),CONST(0xaf7a,2))))
002154	FUN_002154	00508a	LOAD	CAST(INT_ZEXT(MULTIEQUAL(COPY(CONST(0x32e,2)),INT_ADD(LEAF(register:0012:2:ushort),CONST(0x1,2)))))
002154	FUN_002154	00508a	STORE	CAST(INT_ZEXT(MULTIEQUAL(SUBPIECE(PTRSUB(CONST(0x0,3),CONST(0xe320,3)),CONST(0x0,4)),INT_ADD(LEAF(register:000e:2:ushort),CONST(0x1,2)))))
002154	FUN_002154	005146	LOAD	CAST(INT_ZEXT(MULTIEQUAL(COPY(INT_AND(PIECE(LEAF(00e425:1:byte),LEAF(00e426:1:undefined1)),CONST(0x3fff,2))),MULTIEQUAL(COPY(COPY(CONST(0x0,2))),COPY(INT_ADD(LEAF(register:0012:2:ushort),CONST(0x1,2)))))))
002154	FUN_002154	0051b0	STORE	CAST(INT_ZEXT(INT_ADD(SUBPIECE(PTRSUB(CONST(0x0,3),CONST(0xe428,3)),CONST(0x0,4)),INT_ZEXT(MULTIEQUAL(COPY(COPY(LEAF(00e427:1:byte))),LEAF(00e73a:1:byte),INDIRECT(INDIRECT(MULTIEQUAL(INDIRECT(INDIRECT(MULTIEQUAL(INDIRECT(LEAF(00e73a:1:byte),CONST(0x1f183,4)),LEAF(00e73a:1:byte),LEAF(00e73a:1:byte)),CONST(0x1d3f6,4)),CONST(0x1d415,4)),LEAF(00e73a:1:byte)),CONST(0x1d4ab,4)),CONST(0x1d5fb,4)),INDIRECT(INDIRECT(INDIRECT(LEAF(00e73a:1:byte),CONST(0x1f007,4)),CONST(0x1f090,4)),CONST(0x1f119,4)))))))
002154	FUN_002154	00520a	LOAD	CAST(INT_ZEXT(MULTIEQUAL(COPY(CONST(0x230,2)),INT_ADD(LEAF(register:0012:2:ushort),CONST(0x1,2)))))
002154	FUN_002154	00520a	STORE	CAST(INT_ZEXT(MULTIEQUAL(SUBPIECE(PTRSUB(CONST(0x0,3),CONST(0xe320,3)),CONST(0x0,4)),INT_ADD(LEAF(register:000e:2:ushort),CONST(0x1,2)))))
002154	FUN_002154	00532a	LOAD	CAST(INT_ZEXT(INT_AND(INT_SUB(MULTIEQUAL(INDIRECT(MULTIEQUAL(MULTIEQUAL(LEAF(00a356:2:short),LEAF(00a356:2:short),INDIRECT(INDIRECT(MULTIEQUAL(INDIRECT(INDIRECT(MULTIEQUAL(INDIRECT(LEAF(00a356:2:short),CONST(0x1f183,4)),LEAF(00a356:2:short),LEAF(00a356:2:short)),CONST(0x1d3f6,4)),CONST(0x1d415,4)),LEAF(00a356:2:short)),CONST(0x1d4ab,4)),CONST(0x1d5fb,4)),INDIRECT(INDIRECT(INDIRECT(LEAF(00a356:2:short),CONST(0x1f007,4)),CONST(0x1f090,4)),CONST(0x1f119,4))),INDIRECT(INDIRECT(INDIRECT(MULTIEQUAL(INDIRECT(MULTIEQUAL(INDIRECT(LEAF(00a356:2:short),CONST(0x1eed3,4)),LEAF(00a356:2:short)),CONST(0x1ea83,4)),LEAF(00a356:2:short)),CONST(0x1eb19,4)),CONST(0x1ec0c,4)),CONST(0x1ec12,4)),LEAF(00a356:2:short),LEAF(00a356:2:short),LEAF(00a356:2:short)),CONST(0x1dc6c,4)),INDIRECT(LEAF(00a356:2:short),CONST(0x1e62a,4)),INDIRECT(INDIRECT(LEAF(00a356:2:short),CONST(0x1e6c2,4)),CONST(0x1e73d,4)),INDIRECT(LEAF(00a356:2:short),CONST(0x1e7d5,4)),LEAF(00a356:2:short),LEAF(00a356:2:short)),CONST(0x1,2)),CONST(0x3fff,2))))
002154	FUN_002154	00537a	LOAD	CAST(INT_ZEXT(INT_AND(MULTIEQUAL(INDIRECT(MULTIEQUAL(MULTIEQUAL(LEAF(00a37a:2:ushort),LEAF(00a37a:2:ushort),INDIRECT(INDIRECT(MULTIEQUAL(INDIRECT(INDIRECT(MULTIEQUAL(INDIRECT(LEAF(00a37a:2:ushort),CONST(0x1f183,4)),LEAF(00a37a:2:ushort),LEAF(00a37a:2:ushort)),CONST(0x1d3f6,4)),CONST(0x1d415,4)),LEAF(00a37a:2:ushort)),CONST(0x1d4ab,4)),CONST(0x1d5fb,4)),INDIRECT(INDIRECT(INDIRECT(LEAF(00a37a:2:ushort),CONST(0x1f007,4)),CONST(0x1f090,4)),CONST(0x1f119,4))),INDIRECT(INDIRECT(INDIRECT(MULTIEQUAL(INDIRECT(MULTIEQUAL(INDIRECT(LEAF(00a37a:2:ushort),CONST(0x1eed3,4)),LEAF(00a37a:2:ushort)),CONST(0x1ea83,4)),LEAF(00a37a:2:ushort)),CONST(0x1eb19,4)),CONST(0x1ec0c,4)),CONST(0x1ec12,4)),LEAF(00a37a:2:ushort),LEAF(00a37a:2:ushort),LEAF(00a37a:2:ushort)),CONST(0x1dc6c,4)),INDIRECT(LEAF(00a37a:2:ushort),CONST(0x1e62a,4)),INDIRECT(INDIRECT(LEAF(00a37a:2:ushort),CONST(0x1e6c2,4)),CONST(0x1e73d,4)),INDIRECT(LEAF(00a37a:2:ushort),CONST(0x1e7d5,4)),LEAF(00a37a:2:ushort),LEAF(00a37a:2:ushort)),CONST(0x3fff,2))))
002170	FUN_002170	00112c	LOAD	CAST(INT_ZEXT(INT_ADD(INT_RIGHT(MULTIEQUAL(PIECE(SUBPIECE(INT_RIGHT(MULTIEQUAL(MULTIEQUAL(COPY(INT_ADD(INT_ZEXT(LEAF(00e427:1:byte)),LEAF(00e736:2:ushort))),COPY(LEAF(00e736:2:ushort))),LEAF(unique:00022d00:2:ushort),INT_ADD(INT_ZEXT(LEAF(00e427:1:byte)),LEAF(00e736:2:ushort)),MULTIEQUAL(INT_ADD(INT_ZEXT(LEAF(00e427:1:byte)),LEAF(00e736:2:ushort)),INT_ADD(INT_ZEXT(LEAF(00e427:1:byte)),LEAF(00e736:2:ushort)))),CONST(0x8,4)),CONST(0x0,4)),LEAF(00e423:1:char)),LEAF(register:0008:2:ushort),PIECE(LEAF(register:0009:1:undefined1),LEAF(00e743:1:char))),CONST(0x8,2)),CONST(0xaf7a,2))))
002170	FUN_002170	00508a	LOAD	CAST(INT_ZEXT(MULTIEQUAL(COPY(CONST(0x32e,2)),INT_ADD(LEAF(register:0012:2:ushort),CONST(0x1,2)))))
002170	FUN_002170	00508a	STORE	CAST(INT_ZEXT(MULTIEQUAL(SUBPIECE(PTRSUB(CONST(0x0,3),CONST(0xe320,3)),CONST(0x0,4)),INT_ADD(LEAF(register:000e:2:ushort),CONST(0x1,2)))))
002170	FUN_002170	005146	LOAD	CAST(INT_ZEXT(MULTIEQUAL(COPY(INT_AND(PIECE(LEAF(00e425:1:byte),LEAF(00e426:1:undefined1)),CONST(0x3fff,2))),MULTIEQUAL(COPY(COPY(CONST(0x0,2))),COPY(INT_ADD(LEAF(register:0012:2:ushort),CONST(0x1,2)))))))
002170	FUN_002170	0051b0	STORE	CAST(INT_ZEXT(INT_ADD(SUBPIECE(PTRSUB(CONST(0x0,3),CONST(0xe428,3)),CONST(0x0,4)),INT_ZEXT(MULTIEQUAL(COPY(COPY(LEAF(00e427:1:byte))),LEAF(00e73a:1:byte),INDIRECT(INDIRECT(MULTIEQUAL(INDIRECT(INDIRECT(MULTIEQUAL(INDIRECT(LEAF(00e73a:1:byte),CONST(0x1efdf,4)),LEAF(00e73a:1:byte),LEAF(00e73a:1:byte)),CONST(0x1d252,4)),CONST(0x1d271,4)),LEAF(00e73a:1:byte)),CONST(0x1d307,4)),CONST(0x1d457,4)),INDIRECT(INDIRECT(INDIRECT(LEAF(00e73a:1:byte),CONST(0x1ee63,4)),CONST(0x1eeec,4)),CONST(0x1ef75,4)))))))
002170	FUN_002170	00520a	LOAD	CAST(INT_ZEXT(MULTIEQUAL(COPY(CONST(0x230,2)),INT_ADD(LEAF(register:0012:2:ushort),CONST(0x1,2)))))
002170	FUN_002170	00520a	STORE	CAST(INT_ZEXT(MULTIEQUAL(SUBPIECE(PTRSUB(CONST(0x0,3),CONST(0xe320,3)),CONST(0x0,4)),INT_ADD(LEAF(register:000e:2:ushort),CONST(0x1,2)))))
002170	FUN_002170	00532a	LOAD	CAST(INT_ZEXT(INT_AND(INT_SUB(MULTIEQUAL(INDIRECT(MULTIEQUAL(MULTIEQUAL(LEAF(00a356:2:short),LEAF(00a356:2:short),INDIRECT(INDIRECT(MULTIEQUAL(INDIRECT(INDIRECT(MULTIEQUAL(INDIRECT(LEAF(00a356:2:short),CONST(0x1efdf,4)),LEAF(00a356:2:short),LEAF(00a356:2:short)),CONST(0x1d252,4)),CONST(0x1d271,4)),LEAF(00a356:2:short)),CONST(0x1d307,4)),CONST(0x1d457,4)),INDIRECT(INDIRECT(INDIRECT(LEAF(00a356:2:short),CONST(0x1ee63,4)),CONST(0x1eeec,4)),CONST(0x1ef75,4))),INDIRECT(INDIRECT(INDIRECT(MULTIEQUAL(INDIRECT(MULTIEQUAL(INDIRECT(LEAF(00a356:2:short),CONST(0x1ed2f,4)),LEAF(00a356:2:short)),CONST(0x1e8df,4)),LEAF(00a356:2:short)),CONST(0x1e975,4)),CONST(0x1ea68,4)),CONST(0x1ea6e,4)),LEAF(00a356:2:short),LEAF(00a356:2:short),LEAF(00a356:2:short)),CONST(0x1dac8,4)),INDIRECT(LEAF(00a356:2:short),CONST(0x1e486,4)),INDIRECT(INDIRECT(LEAF(00a356:2:short),CONST(0x1e51e,4)),CONST(0x1e599,4)),INDIRECT(LEAF(00a356:2:short),CONST(0x1e631,4)),LEAF(00a356:2:short),LEAF(00a356:2:short)),CONST(0x1,2)),CONST(0x3fff,2))))
002170	FUN_002170	00537a	LOAD	CAST(INT_ZEXT(INT_AND(MULTIEQUAL(INDIRECT(MULTIEQUAL(MULTIEQUAL(LEAF(00a37a:2:ushort),LEAF(00a37a:2:ushort),INDIRECT(INDIRECT(MULTIEQUAL(INDIRECT(INDIRECT(MULTIEQUAL(INDIRECT(LEAF(00a37a:2:ushort),CONST(0x1efdf,4)),LEAF(00a37a:2:ushort),LEAF(00a37a:2:ushort)),CONST(0x1d252,4)),CONST(0x1d271,4)),LEAF(00a37a:2:ushort)),CONST(0x1d307,4)),CONST(0x1d457,4)),INDIRECT(INDIRECT(INDIRECT(LEAF(00a37a:2:ushort),CONST(0x1ee63,4)),CONST(0x1eeec,4)),CONST(0x1ef75,4))),INDIRECT(INDIRECT(INDIRECT(MULTIEQUAL(INDIRECT(MULTIEQUAL(INDIRECT(LEAF(00a37a:2:ushort),CONST(0x1ed2f,4)),LEAF(00a37a:2:ushort)),CONST(0x1e8df,4)),LEAF(00a37a:2:ushort)),CONST(0x1e975,4)),CONST(0x1ea68,4)),CONST(0x1ea6e,4)),LEAF(00a37a:2:ushort),LEAF(00a37a:2:ushort),LEAF(00a37a:2:ushort)),CONST(0x1dac8,4)),INDIRECT(LEAF(00a37a:2:ushort),CONST(0x1e486,4)),INDIRECT(INDIRECT(LEAF(00a37a:2:ushort),CONST(0x1e51e,4)),CONST(0x1e599,4)),INDIRECT(LEAF(00a37a:2:ushort),CONST(0x1e631,4)),LEAF(00a37a:2:ushort),LEAF(00a37a:2:ushort)),CONST(0x3fff,2))))
002194	FUN_002194	00112c	LOAD	CAST(INT_ZEXT(INT_ADD(INT_RIGHT(MULTIEQUAL(PIECE(SUBPIECE(INT_RIGHT(MULTIEQUAL(MULTIEQUAL(COPY(INT_ADD(INT_ZEXT(LEAF(00e427:1:byte)),LEAF(00e736:2:ushort))),COPY(LEAF(00e736:2:ushort))),LEAF(unique:00022d00:2:ushort),INT_ADD(INT_ZEXT(LEAF(00e427:1:byte)),LEAF(00e736:2:ushort)),MULTIEQUAL(INT_ADD(INT_ZEXT(LEAF(00e427:1:byte)),LEAF(00e736:2:ushort)),INT_ADD(INT_ZEXT(LEAF(00e427:1:byte)),LEAF(00e736:2:ushort)))),CONST(0x8,4)),CONST(0x0,4)),LEAF(00e423:1:char)),LEAF(register:0008:2:ushort),PIECE(LEAF(register:0009:1:undefined1),LEAF(00e743:1:char))),CONST(0x8,2)),CONST(0xaf7a,2))))
002194	FUN_002194	00508a	LOAD	CAST(INT_ZEXT(MULTIEQUAL(COPY(CONST(0x32e,2)),INT_ADD(LEAF(register:0012:2:ushort),CONST(0x1,2)))))
002194	FUN_002194	00508a	STORE	CAST(INT_ZEXT(MULTIEQUAL(SUBPIECE(PTRSUB(CONST(0x0,3),CONST(0xe320,3)),CONST(0x0,4)),INT_ADD(LEAF(register:000e:2:ushort),CONST(0x1,2)))))
002194	FUN_002194	005146	LOAD	CAST(INT_ZEXT(MULTIEQUAL(COPY(INT_AND(PIECE(LEAF(00e425:1:byte),LEAF(00e426:1:undefined1)),CONST(0x3fff,2))),MULTIEQUAL(COPY(COPY(CONST(0x0,2))),COPY(INT_ADD(LEAF(register:0012:2:ushort),CONST(0x1,2)))))))
002194	FUN_002194	0051b0	STORE	CAST(INT_ZEXT(INT_ADD(SUBPIECE(PTRSUB(CONST(0x0,3),CONST(0xe428,3)),CONST(0x0,4)),INT_ZEXT(MULTIEQUAL(COPY(COPY(LEAF(00e427:1:byte))),LEAF(00e73a:1:byte),INDIRECT(INDIRECT(MULTIEQUAL(INDIRECT(INDIRECT(MULTIEQUAL(INDIRECT(LEAF(00e73a:1:byte),CONST(0x1edc3,4)),LEAF(00e73a:1:byte),LEAF(00e73a:1:byte)),CONST(0x1d036,4)),CONST(0x1d055,4)),LEAF(00e73a:1:byte)),CONST(0x1d0eb,4)),CONST(0x1d23b,4)),INDIRECT(INDIRECT(INDIRECT(LEAF(00e73a:1:byte),CONST(0x1ec47,4)),CONST(0x1ecd0,4)),CONST(0x1ed59,4)))))))
002194	FUN_002194	00520a	LOAD	CAST(INT_ZEXT(MULTIEQUAL(COPY(CONST(0x230,2)),INT_ADD(LEAF(register:0012:2:ushort),CONST(0x1,2)))))
002194	FUN_002194	00520a	STORE	CAST(INT_ZEXT(MULTIEQUAL(SUBPIECE(PTRSUB(CONST(0x0,3),CONST(0xe320,3)),CONST(0x0,4)),INT_ADD(LEAF(register:000e:2:ushort),CONST(0x1,2)))))
002194	FUN_002194	00532a	LOAD	CAST(INT_ZEXT(INT_AND(INT_SUB(MULTIEQUAL(INDIRECT(MULTIEQUAL(MULTIEQUAL(LEAF(00a356:2:short),LEAF(00a356:2:short),INDIRECT(INDIRECT(MULTIEQUAL(INDIRECT(INDIRECT(MULTIEQUAL(INDIRECT(LEAF(00a356:2:short),CONST(0x1edc3,4)),LEAF(00a356:2:short),LEAF(00a356:2:short)),CONST(0x1d036,4)),CONST(0x1d055,4)),LEAF(00a356:2:short)),CONST(0x1d0eb,4)),CONST(0x1d23b,4)),INDIRECT(INDIRECT(INDIRECT(LEAF(00a356:2:short),CONST(0x1ec47,4)),CONST(0x1ecd0,4)),CONST(0x1ed59,4))),INDIRECT(INDIRECT(INDIRECT(MULTIEQUAL(INDIRECT(MULTIEQUAL(INDIRECT(LEAF(00a356:2:short),CONST(0x1eb13,4)),LEAF(00a356:2:short)),CONST(0x1e6c3,4)),LEAF(00a356:2:short)),CONST(0x1e759,4)),CONST(0x1e84c,4)),CONST(0x1e852,4)),LEAF(00a356:2:short),LEAF(00a356:2:short),LEAF(00a356:2:short)),CONST(0x1d8ac,4)),INDIRECT(LEAF(00a356:2:short),CONST(0x1e26a,4)),INDIRECT(INDIRECT(LEAF(00a356:2:short),CONST(0x1e302,4)),CONST(0x1e37d,4)),INDIRECT(LEAF(00a356:2:short),CONST(0x1e415,4)),LEAF(00a356:2:short),LEAF(00a356:2:short)),CONST(0x1,2)),CONST(0x3fff,2))))
002194	FUN_002194	00537a	LOAD	CAST(INT_ZEXT(INT_AND(MULTIEQUAL(INDIRECT(MULTIEQUAL(MULTIEQUAL(LEAF(00a37a:2:ushort),LEAF(00a37a:2:ushort),INDIRECT(INDIRECT(MULTIEQUAL(INDIRECT(INDIRECT(MULTIEQUAL(INDIRECT(LEAF(00a37a:2:ushort),CONST(0x1edc3,4)),LEAF(00a37a:2:ushort),LEAF(00a37a:2:ushort)),CONST(0x1d036,4)),CONST(0x1d055,4)),LEAF(00a37a:2:ushort)),CONST(0x1d0eb,4)),CONST(0x1d23b,4)),INDIRECT(INDIRECT(INDIRECT(LEAF(00a37a:2:ushort),CONST(0x1ec47,4)),CONST(0x1ecd0,4)),CONST(0x1ed59,4))),INDIRECT(INDIRECT(INDIRECT(MULTIEQUAL(INDIRECT(MULTIEQUAL(INDIRECT(LEAF(00a37a:2:ushort),CONST(0x1eb13,4)),LEAF(00a37a:2:ushort)),CONST(0x1e6c3,4)),LEAF(00a37a:2:ushort)),CONST(0x1e759,4)),CONST(0x1e84c,4)),CONST(0x1e852,4)),LEAF(00a37a:2:ushort),LEAF(00a37a:2:ushort),LEAF(00a37a:2:ushort)),CONST(0x1d8ac,4)),INDIRECT(LEAF(00a37a:2:ushort),CONST(0x1e26a,4)),INDIRECT(INDIRECT(LEAF(00a37a:2:ushort),CONST(0x1e302,4)),CONST(0x1e37d,4)),INDIRECT(LEAF(00a37a:2:ushort),CONST(0x1e415,4)),LEAF(00a37a:2:ushort),LEAF(00a37a:2:ushort)),CONST(0x3fff,2))))
0021b8	FUN_0021b8	00112c	LOAD	CAST(INT_ZEXT(INT_ADD(INT_RIGHT(MULTIEQUAL(PIECE(SUBPIECE(INT_RIGHT(MULTIEQUAL(MULTIEQUAL(COPY(INT_ADD(INT_ZEXT(LEAF(00e427:1:byte)),LEAF(00e736:2:ushort))),COPY(LEAF(00e736:2:ushort))),LEAF(unique:00022d00:2:ushort),INT_ADD(INT_ZEXT(LEAF(00e427:1:byte)),LEAF(00e736:2:ushort)),MULTIEQUAL(INT_ADD(INT_ZEXT(LEAF(00e427:1:byte)),LEAF(00e736:2:ushort)),INT_ADD(INT_ZEXT(LEAF(00e427:1:byte)),LEAF(00e736:2:ushort)))),CONST(0x8,4)),CONST(0x0,4)),LEAF(00e423:1:char)),LEAF(register:0008:2:ushort),PIECE(LEAF(register:0009:1:undefined1),LEAF(00e743:1:char))),CONST(0x8,2)),CONST(0xaf7a,2))))
0021b8	FUN_0021b8	00508a	LOAD	CAST(INT_ZEXT(MULTIEQUAL(COPY(CONST(0x32e,2)),INT_ADD(LEAF(register:0012:2:ushort),CONST(0x1,2)))))
0021b8	FUN_0021b8	00508a	STORE	CAST(INT_ZEXT(MULTIEQUAL(SUBPIECE(PTRSUB(CONST(0x0,3),CONST(0xe320,3)),CONST(0x0,4)),INT_ADD(LEAF(register:000e:2:ushort),CONST(0x1,2)))))
0021b8	FUN_0021b8	005146	LOAD	CAST(INT_ZEXT(MULTIEQUAL(COPY(INT_AND(PIECE(LEAF(00e425:1:byte),LEAF(00e426:1:undefined1)),CONST(0x3fff,2))),MULTIEQUAL(COPY(COPY(CONST(0x0,2))),COPY(INT_ADD(LEAF(register:0012:2:ushort),CONST(0x1,2)))))))
0021b8	FUN_0021b8	0051b0	STORE	CAST(INT_ZEXT(INT_ADD(SUBPIECE(PTRSUB(CONST(0x0,3),CONST(0xe428,3)),CONST(0x0,4)),INT_ZEXT(MULTIEQUAL(COPY(COPY(LEAF(00e427:1:byte))),LEAF(00e73a:1:byte),INDIRECT(INDIRECT(MULTIEQUAL(INDIRECT(INDIRECT(MULTIEQUAL(INDIRECT(LEAF(00e73a:1:byte),CONST(0x1eba7,4)),LEAF(00e73a:1:byte),LEAF(00e73a:1:byte)),CONST(0x1ce1a,4)),CONST(0x1ce39,4)),LEAF(00e73a:1:byte)),CONST(0x1cecf,4)),CONST(0x1d01f,4)),INDIRECT(INDIRECT(INDIRECT(LEAF(00e73a:1:byte),CONST(0x1ea2b,4)),CONST(0x1eab4,4)),CONST(0x1eb3d,4)))))))
0021b8	FUN_0021b8	00520a	LOAD	CAST(INT_ZEXT(MULTIEQUAL(COPY(CONST(0x230,2)),INT_ADD(LEAF(register:0012:2:ushort),CONST(0x1,2)))))
0021b8	FUN_0021b8	00520a	STORE	CAST(INT_ZEXT(MULTIEQUAL(SUBPIECE(PTRSUB(CONST(0x0,3),CONST(0xe320,3)),CONST(0x0,4)),INT_ADD(LEAF(register:000e:2:ushort),CONST(0x1,2)))))
0021b8	FUN_0021b8	00532a	LOAD	CAST(INT_ZEXT(INT_AND(INT_SUB(MULTIEQUAL(INDIRECT(MULTIEQUAL(MULTIEQUAL(LEAF(00a356:2:short),LEAF(00a356:2:short),INDIRECT(INDIRECT(MULTIEQUAL(INDIRECT(INDIRECT(MULTIEQUAL(INDIRECT(LEAF(00a356:2:short),CONST(0x1eba7,4)),LEAF(00a356:2:short),LEAF(00a356:2:short)),CONST(0x1ce1a,4)),CONST(0x1ce39,4)),LEAF(00a356:2:short)),CONST(0x1cecf,4)),CONST(0x1d01f,4)),INDIRECT(INDIRECT(INDIRECT(LEAF(00a356:2:short),CONST(0x1ea2b,4)),CONST(0x1eab4,4)),CONST(0x1eb3d,4))),INDIRECT(INDIRECT(INDIRECT(MULTIEQUAL(INDIRECT(MULTIEQUAL(INDIRECT(LEAF(00a356:2:short),CONST(0x1e8f7,4)),LEAF(00a356:2:short)),CONST(0x1e4a7,4)),LEAF(00a356:2:short)),CONST(0x1e53d,4)),CONST(0x1e630,4)),CONST(0x1e636,4)),LEAF(00a356:2:short),LEAF(00a356:2:short),LEAF(00a356:2:short)),CONST(0x1d690,4)),INDIRECT(LEAF(00a356:2:short),CONST(0x1e04e,4)),INDIRECT(INDIRECT(LEAF(00a356:2:short),CONST(0x1e0e6,4)),CONST(0x1e161,4)),INDIRECT(LEAF(00a356:2:short),CONST(0x1e1f9,4)),LEAF(00a356:2:short),LEAF(00a356:2:short)),CONST(0x1,2)),CONST(0x3fff,2))))
0021b8	FUN_0021b8	00537a	LOAD	CAST(INT_ZEXT(INT_AND(MULTIEQUAL(INDIRECT(MULTIEQUAL(MULTIEQUAL(LEAF(00a37a:2:ushort),LEAF(00a37a:2:ushort),INDIRECT(INDIRECT(MULTIEQUAL(INDIRECT(INDIRECT(MULTIEQUAL(INDIRECT(LEAF(00a37a:2:ushort),CONST(0x1eba7,4)),LEAF(00a37a:2:ushort),LEAF(00a37a:2:ushort)),CONST(0x1ce1a,4)),CONST(0x1ce39,4)),LEAF(00a37a:2:ushort)),CONST(0x1cecf,4)),CONST(0x1d01f,4)),INDIRECT(INDIRECT(INDIRECT(LEAF(00a37a:2:ushort),CONST(0x1ea2b,4)),CONST(0x1eab4,4)),CONST(0x1eb3d,4))),INDIRECT(INDIRECT(INDIRECT(MULTIEQUAL(INDIRECT(MULTIEQUAL(INDIRECT(LEAF(00a37a:2:ushort),CONST(0x1e8f7,4)),LEAF(00a37a:2:ushort)),CONST(0x1e4a7,4)),LEAF(00a37a:2:ushort)),CONST(0x1e53d,4)),CONST(0x1e630,4)),CONST(0x1e636,4)),LEAF(00a37a:2:ushort),LEAF(00a37a:2:ushort),LEAF(00a37a:2:ushort)),CONST(0x1d690,4)),INDIRECT(LEAF(00a37a:2:ushort),CONST(0x1e04e,4)),INDIRECT(INDIRECT(LEAF(00a37a:2:ushort),CONST(0x1e0e6,4)),CONST(0x1e161,4)),INDIRECT(LEAF(00a37a:2:ushort),CONST(0x1e1f9,4)),LEAF(00a37a:2:ushort),LEAF(00a37a:2:ushort)),CONST(0x3fff,2))))
0021dc	FUN_0021dc	00112c	LOAD	CAST(INT_ZEXT(INT_ADD(INT_RIGHT(MULTIEQUAL(PIECE(SUBPIECE(INT_RIGHT(MULTIEQUAL(MULTIEQUAL(COPY(INT_ADD(INT_ZEXT(LEAF(00e427:1:byte)),LEAF(00e736:2:ushort))),COPY(LEAF(00e736:2:ushort))),LEAF(unique:00022d00:2:ushort),INT_ADD(INT_ZEXT(LEAF(00e427:1:byte)),LEAF(00e736:2:ushort)),MULTIEQUAL(INT_ADD(INT_ZEXT(LEAF(00e427:1:byte)),LEAF(00e736:2:ushort)),INT_ADD(INT_ZEXT(LEAF(00e427:1:byte)),LEAF(00e736:2:ushort)))),CONST(0x8,4)),CONST(0x0,4)),LEAF(00e423:1:char)),LEAF(register:0008:2:ushort),PIECE(LEAF(register:0009:1:undefined1),LEAF(00e743:1:char))),CONST(0x8,2)),CONST(0xaf7a,2))))
0021dc	FUN_0021dc	00508a	LOAD	CAST(INT_ZEXT(MULTIEQUAL(COPY(CONST(0x32e,2)),INT_ADD(LEAF(register:0012:2:ushort),CONST(0x1,2)))))
0021dc	FUN_0021dc	00508a	STORE	CAST(INT_ZEXT(MULTIEQUAL(SUBPIECE(PTRSUB(CONST(0x0,3),CONST(0xe320,3)),CONST(0x0,4)),INT_ADD(LEAF(register:000e:2:ushort),CONST(0x1,2)))))
0021dc	FUN_0021dc	005146	LOAD	CAST(INT_ZEXT(MULTIEQUAL(COPY(INT_AND(PIECE(LEAF(00e425:1:byte),LEAF(00e426:1:undefined1)),CONST(0x3fff,2))),MULTIEQUAL(COPY(COPY(CONST(0x0,2))),COPY(INT_ADD(LEAF(register:0012:2:ushort),CONST(0x1,2)))))))
0021dc	FUN_0021dc	0051b0	STORE	CAST(INT_ZEXT(INT_ADD(SUBPIECE(PTRSUB(CONST(0x0,3),CONST(0xe428,3)),CONST(0x0,4)),INT_ZEXT(MULTIEQUAL(COPY(COPY(LEAF(00e427:1:byte))),LEAF(00e73a:1:byte),INDIRECT(INDIRECT(MULTIEQUAL(INDIRECT(INDIRECT(MULTIEQUAL(INDIRECT(LEAF(00e73a:1:byte),CONST(0x1e98b,4)),LEAF(00e73a:1:byte),LEAF(00e73a:1:byte)),CONST(0x1cbfe,4)),CONST(0x1cc1d,4)),LEAF(00e73a:1:byte)),CONST(0x1ccb3,4)),CONST(0x1ce03,4)),INDIRECT(INDIRECT(INDIRECT(LEAF(00e73a:1:byte),CONST(0x1e80f,4)),CONST(0x1e898,4)),CONST(0x1e921,4)))))))
0021dc	FUN_0021dc	00520a	LOAD	CAST(INT_ZEXT(MULTIEQUAL(COPY(CONST(0x230,2)),INT_ADD(LEAF(register:0012:2:ushort),CONST(0x1,2)))))
0021dc	FUN_0021dc	00520a	STORE	CAST(INT_ZEXT(MULTIEQUAL(SUBPIECE(PTRSUB(CONST(0x0,3),CONST(0xe320,3)),CONST(0x0,4)),INT_ADD(LEAF(register:000e:2:ushort),CONST(0x1,2)))))
0021dc	FUN_0021dc	00532a	LOAD	CAST(INT_ZEXT(INT_AND(INT_SUB(MULTIEQUAL(INDIRECT(MULTIEQUAL(MULTIEQUAL(LEAF(00a356:2:short),LEAF(00a356:2:short),INDIRECT(INDIRECT(MULTIEQUAL(INDIRECT(INDIRECT(MULTIEQUAL(INDIRECT(LEAF(00a356:2:short),CONST(0x1e98b,4)),LEAF(00a356:2:short),LEAF(00a356:2:short)),CONST(0x1cbfe,4)),CONST(0x1cc1d,4)),LEAF(00a356:2:short)),CONST(0x1ccb3,4)),CONST(0x1ce03,4)),INDIRECT(INDIRECT(INDIRECT(LEAF(00a356:2:short),CONST(0x1e80f,4)),CONST(0x1e898,4)),CONST(0x1e921,4))),INDIRECT(INDIRECT(INDIRECT(MULTIEQUAL(INDIRECT(MULTIEQUAL(INDIRECT(LEAF(00a356:2:short),CONST(0x1e6db,4)),LEAF(00a356:2:short)),CONST(0x1e28b,4)),LEAF(00a356:2:short)),CONST(0x1e321,4)),CONST(0x1e414,4)),CONST(0x1e41a,4)),LEAF(00a356:2:short),LEAF(00a356:2:short),LEAF(00a356:2:short)),CONST(0x1d474,4)),INDIRECT(LEAF(00a356:2:short),CONST(0x1de32,4)),INDIRECT(INDIRECT(LEAF(00a356:2:short),CONST(0x1deca,4)),CONST(0x1df45,4)),INDIRECT(LEAF(00a356:2:short),CONST(0x1dfdd,4)),LEAF(00a356:2:short),LEAF(00a356:2:short)),CONST(0x1,2)),CONST(0x3fff,2))))
0021dc	FUN_0021dc	00537a	LOAD	CAST(INT_ZEXT(INT_AND(MULTIEQUAL(INDIRECT(MULTIEQUAL(MULTIEQUAL(LEAF(00a37a:2:ushort),LEAF(00a37a:2:ushort),INDIRECT(INDIRECT(MULTIEQUAL(INDIRECT(INDIRECT(MULTIEQUAL(INDIRECT(LEAF(00a37a:2:ushort),CONST(0x1e98b,4)),LEAF(00a37a:2:ushort),LEAF(00a37a:2:ushort)),CONST(0x1cbfe,4)),CONST(0x1cc1d,4)),LEAF(00a37a:2:ushort)),CONST(0x1ccb3,4)),CONST(0x1ce03,4)),INDIRECT(INDIRECT(INDIRECT(LEAF(00a37a:2:ushort),CONST(0x1e80f,4)),CONST(0x1e898,4)),CONST(0x1e921,4))),INDIRECT(INDIRECT(INDIRECT(MULTIEQUAL(INDIRECT(MULTIEQUAL(INDIRECT(LEAF(00a37a:2:ushort),CONST(0x1e6db,4)),LEAF(00a37a:2:ushort)),CONST(0x1e28b,4)),LEAF(00a37a:2:ushort)),CONST(0x1e321,4)),CONST(0x1e414,4)),CONST(0x1e41a,4)),LEAF(00a37a:2:ushort),LEAF(00a37a:2:ushort),LEAF(00a37a:2:ushort)),CONST(0x1d474,4)),INDIRECT(LEAF(00a37a:2:ushort),CONST(0x1de32,4)),INDIRECT(INDIRECT(LEAF(00a37a:2:ushort),CONST(0x1deca,4)),CONST(0x1df45,4)),INDIRECT(LEAF(00a37a:2:ushort),CONST(0x1dfdd,4)),LEAF(00a37a:2:ushort),LEAF(00a37a:2:ushort)),CONST(0x3fff,2))))
002214	FUN_002214	00112c	LOAD	CAST(INT_ZEXT(INT_ADD(INT_RIGHT(MULTIEQUAL(PIECE(SUBPIECE(INT_RIGHT(MULTIEQUAL(MULTIEQUAL(COPY(INT_ADD(INT_ZEXT(LEAF(00e427:1:byte)),LEAF(00e736:2:ushort))),COPY(LEAF(00e736:2:ushort))),LEAF(unique:00022d00:2:ushort),INT_ADD(INT_ZEXT(LEAF(00e427:1:byte)),LEAF(00e736:2:ushort)),MULTIEQUAL(INT_ADD(INT_ZEXT(LEAF(00e427:1:byte)),LEAF(00e736:2:ushort)),INT_ADD(INT_ZEXT(LEAF(00e427:1:byte)),LEAF(00e736:2:ushort)))),CONST(0x8,4)),CONST(0x0,4)),LEAF(00e423:1:char)),LEAF(register:0008:2:ushort),PIECE(LEAF(register:0009:1:undefined1),LEAF(00e743:1:char))),CONST(0x8,2)),CONST(0xaf7a,2))))
002214	FUN_002214	00508a	LOAD	CAST(INT_ZEXT(MULTIEQUAL(COPY(CONST(0x32e,2)),INT_ADD(LEAF(register:0012:2:ushort),CONST(0x1,2)))))
002214	FUN_002214	00508a	STORE	CAST(INT_ZEXT(MULTIEQUAL(SUBPIECE(PTRSUB(CONST(0x0,3),CONST(0xe320,3)),CONST(0x0,4)),INT_ADD(LEAF(register:000e:2:ushort),CONST(0x1,2)))))
002214	FUN_002214	005146	LOAD	CAST(INT_ZEXT(MULTIEQUAL(COPY(INT_AND(PIECE(LEAF(00e425:1:byte),LEAF(00e426:1:undefined1)),CONST(0x3fff,2))),MULTIEQUAL(COPY(COPY(CONST(0x0,2))),COPY(INT_ADD(LEAF(register:0012:2:ushort),CONST(0x1,2)))))))
002214	FUN_002214	0051b0	STORE	CAST(INT_ZEXT(INT_ADD(SUBPIECE(PTRSUB(CONST(0x0,3),CONST(0xe428,3)),CONST(0x0,4)),INT_ZEXT(MULTIEQUAL(COPY(COPY(LEAF(00e427:1:byte))),LEAF(00e73a:1:byte),INDIRECT(INDIRECT(MULTIEQUAL(INDIRECT(INDIRECT(MULTIEQUAL(INDIRECT(LEAF(00e73a:1:byte),CONST(0x1e643,4)),LEAF(00e73a:1:byte),LEAF(00e73a:1:byte)),CONST(0x1c8b6,4)),CONST(0x1c8d5,4)),LEAF(00e73a:1:byte)),CONST(0x1c96b,4)),CONST(0x1cabb,4)),INDIRECT(INDIRECT(INDIRECT(LEAF(00e73a:1:byte),CONST(0x1e4c7,4)),CONST(0x1e550,4)),CONST(0x1e5d9,4)))))))
002214	FUN_002214	00520a	LOAD	CAST(INT_ZEXT(MULTIEQUAL(COPY(CONST(0x230,2)),INT_ADD(LEAF(register:0012:2:ushort),CONST(0x1,2)))))
002214	FUN_002214	00520a	STORE	CAST(INT_ZEXT(MULTIEQUAL(SUBPIECE(PTRSUB(CONST(0x0,3),CONST(0xe320,3)),CONST(0x0,4)),INT_ADD(LEAF(register:000e:2:ushort),CONST(0x1,2)))))
002214	FUN_002214	00532a	LOAD	CAST(INT_ZEXT(INT_AND(INT_SUB(MULTIEQUAL(INDIRECT(MULTIEQUAL(MULTIEQUAL(LEAF(00a356:2:short),LEAF(00a356:2:short),INDIRECT(INDIRECT(MULTIEQUAL(INDIRECT(INDIRECT(MULTIEQUAL(INDIRECT(LEAF(00a356:2:short),CONST(0x1e643,4)),LEAF(00a356:2:short),LEAF(00a356:2:short)),CONST(0x1c8b6,4)),CONST(0x1c8d5,4)),LEAF(00a356:2:short)),CONST(0x1c96b,4)),CONST(0x1cabb,4)),INDIRECT(INDIRECT(INDIRECT(LEAF(00a356:2:short),CONST(0x1e4c7,4)),CONST(0x1e550,4)),CONST(0x1e5d9,4))),INDIRECT(INDIRECT(INDIRECT(MULTIEQUAL(INDIRECT(MULTIEQUAL(INDIRECT(LEAF(00a356:2:short),CONST(0x1e393,4)),LEAF(00a356:2:short)),CONST(0x1df43,4)),LEAF(00a356:2:short)),CONST(0x1dfd9,4)),CONST(0x1e0cc,4)),CONST(0x1e0d2,4)),LEAF(00a356:2:short),LEAF(00a356:2:short),LEAF(00a356:2:short)),CONST(0x1d12c,4)),INDIRECT(LEAF(00a356:2:short),CONST(0x1daea,4)),INDIRECT(INDIRECT(LEAF(00a356:2:short),CONST(0x1db82,4)),CONST(0x1dbfd,4)),INDIRECT(LEAF(00a356:2:short),CONST(0x1dc95,4)),LEAF(00a356:2:short),LEAF(00a356:2:short)),CONST(0x1,2)),CONST(0x3fff,2))))
002214	FUN_002214	00537a	LOAD	CAST(INT_ZEXT(INT_AND(MULTIEQUAL(INDIRECT(MULTIEQUAL(MULTIEQUAL(LEAF(00a37a:2:ushort),LEAF(00a37a:2:ushort),INDIRECT(INDIRECT(MULTIEQUAL(INDIRECT(INDIRECT(MULTIEQUAL(INDIRECT(LEAF(00a37a:2:ushort),CONST(0x1e643,4)),LEAF(00a37a:2:ushort),LEAF(00a37a:2:ushort)),CONST(0x1c8b6,4)),CONST(0x1c8d5,4)),LEAF(00a37a:2:ushort)),CONST(0x1c96b,4)),CONST(0x1cabb,4)),INDIRECT(INDIRECT(INDIRECT(LEAF(00a37a:2:ushort),CONST(0x1e4c7,4)),CONST(0x1e550,4)),CONST(0x1e5d9,4))),INDIRECT(INDIRECT(INDIRECT(MULTIEQUAL(INDIRECT(MULTIEQUAL(INDIRECT(LEAF(00a37a:2:ushort),CONST(0x1e393,4)),LEAF(00a37a:2:ushort)),CONST(0x1df43,4)),LEAF(00a37a:2:ushort)),CONST(0x1dfd9,4)),CONST(0x1e0cc,4)),CONST(0x1e0d2,4)),LEAF(00a37a:2:ushort),LEAF(00a37a:2:ushort),LEAF(00a37a:2:ushort)),CONST(0x1d12c,4)),INDIRECT(LEAF(00a37a:2:ushort),CONST(0x1daea,4)),INDIRECT(INDIRECT(LEAF(00a37a:2:ushort),CONST(0x1db82,4)),CONST(0x1dbfd,4)),INDIRECT(LEAF(00a37a:2:ushort),CONST(0x1dc95,4)),LEAF(00a37a:2:ushort),LEAF(00a37a:2:ushort)),CONST(0x3fff,2))))
002238	FUN_002238	00112c	LOAD	CAST(INT_ZEXT(INT_ADD(INT_RIGHT(MULTIEQUAL(PIECE(SUBPIECE(INT_RIGHT(MULTIEQUAL(MULTIEQUAL(COPY(INT_ADD(INT_ZEXT(LEAF(00e427:1:byte)),LEAF(00e736:2:ushort))),COPY(LEAF(00e736:2:ushort))),LEAF(unique:00022d00:2:ushort),INT_ADD(INT_ZEXT(LEAF(00e427:1:byte)),LEAF(00e736:2:ushort)),MULTIEQUAL(INT_ADD(INT_ZEXT(LEAF(00e427:1:byte)),LEAF(00e736:2:ushort)),INT_ADD(INT_ZEXT(LEAF(00e427:1:byte)),LEAF(00e736:2:ushort)))),CONST(0x8,4)),CONST(0x0,4)),LEAF(00e423:1:char)),LEAF(register:0008:2:ushort),PIECE(LEAF(register:0009:1:undefined1),LEAF(00e743:1:char))),CONST(0x8,2)),CONST(0xaf7a,2))))
002238	FUN_002238	00508a	LOAD	CAST(INT_ZEXT(MULTIEQUAL(COPY(CONST(0x32e,2)),INT_ADD(LEAF(register:0012:2:ushort),CONST(0x1,2)))))
002238	FUN_002238	00508a	STORE	CAST(INT_ZEXT(MULTIEQUAL(SUBPIECE(PTRSUB(CONST(0x0,3),CONST(0xe320,3)),CONST(0x0,4)),INT_ADD(LEAF(register:000e:2:ushort),CONST(0x1,2)))))
002238	FUN_002238	005146	LOAD	CAST(INT_ZEXT(MULTIEQUAL(COPY(INT_AND(PIECE(LEAF(00e425:1:byte),LEAF(00e426:1:undefined1)),CONST(0x3fff,2))),MULTIEQUAL(COPY(COPY(CONST(0x0,2))),COPY(INT_ADD(LEAF(register:0012:2:ushort),CONST(0x1,2)))))))
002238	FUN_002238	0051b0	STORE	CAST(INT_ZEXT(INT_ADD(SUBPIECE(PTRSUB(CONST(0x0,3),CONST(0xe428,3)),CONST(0x0,4)),INT_ZEXT(MULTIEQUAL(COPY(COPY(LEAF(00e427:1:byte))),LEAF(00e73a:1:byte),INDIRECT(INDIRECT(MULTIEQUAL(INDIRECT(INDIRECT(MULTIEQUAL(INDIRECT(LEAF(00e73a:1:byte),CONST(0x1e427,4)),LEAF(00e73a:1:byte),LEAF(00e73a:1:byte)),CONST(0x1c69a,4)),CONST(0x1c6b9,4)),LEAF(00e73a:1:byte)),CONST(0x1c74f,4)),CONST(0x1c89f,4)),INDIRECT(INDIRECT(INDIRECT(LEAF(00e73a:1:byte),CONST(0x1e2ab,4)),CONST(0x1e334,4)),CONST(0x1e3bd,4)))))))
002238	FUN_002238	00520a	LOAD	CAST(INT_ZEXT(MULTIEQUAL(COPY(CONST(0x230,2)),INT_ADD(LEAF(register:0012:2:ushort),CONST(0x1,2)))))
002238	FUN_002238	00520a	STORE	CAST(INT_ZEXT(MULTIEQUAL(SUBPIECE(PTRSUB(CONST(0x0,3),CONST(0xe320,3)),CONST(0x0,4)),INT_ADD(LEAF(register:000e:2:ushort),CONST(0x1,2)))))
002238	FUN_002238	00532a	LOAD	CAST(INT_ZEXT(INT_AND(INT_SUB(MULTIEQUAL(INDIRECT(MULTIEQUAL(MULTIEQUAL(LEAF(00a356:2:short),LEAF(00a356:2:short),INDIRECT(INDIRECT(MULTIEQUAL(INDIRECT(INDIRECT(MULTIEQUAL(INDIRECT(LEAF(00a356:2:short),CONST(0x1e427,4)),LEAF(00a356:2:short),LEAF(00a356:2:short)),CONST(0x1c69a,4)),CONST(0x1c6b9,4)),LEAF(00a356:2:short)),CONST(0x1c74f,4)),CONST(0x1c89f,4)),INDIRECT(INDIRECT(INDIRECT(LEAF(00a356:2:short),CONST(0x1e2ab,4)),CONST(0x1e334,4)),CONST(0x1e3bd,4))),INDIRECT(INDIRECT(INDIRECT(MULTIEQUAL(INDIRECT(MULTIEQUAL(INDIRECT(LEAF(00a356:2:short),CONST(0x1e177,4)),LEAF(00a356:2:short)),CONST(0x1dd27,4)),LEAF(00a356:2:short)),CONST(0x1ddbd,4)),CONST(0x1deb0,4)),CONST(0x1deb6,4)),LEAF(00a356:2:short),LEAF(00a356:2:short),LEAF(00a356:2:short)),CONST(0x1cf10,4)),INDIRECT(LEAF(00a356:2:short),CONST(0x1d8ce,4)),INDIRECT(INDIRECT(LEAF(00a356:2:short),CONST(0x1d966,4)),CONST(0x1d9e1,4)),INDIRECT(LEAF(00a356:2:short),CONST(0x1da79,4)),LEAF(00a356:2:short),LEAF(00a356:2:short)),CONST(0x1,2)),CONST(0x3fff,2))))
002238	FUN_002238	00537a	LOAD	CAST(INT_ZEXT(INT_AND(MULTIEQUAL(INDIRECT(MULTIEQUAL(MULTIEQUAL(LEAF(00a37a:2:ushort),LEAF(00a37a:2:ushort),INDIRECT(INDIRECT(MULTIEQUAL(INDIRECT(INDIRECT(MULTIEQUAL(INDIRECT(LEAF(00a37a:2:ushort),CONST(0x1e427,4)),LEAF(00a37a:2:ushort),LEAF(00a37a:2:ushort)),CONST(0x1c69a,4)),CONST(0x1c6b9,4)),LEAF(00a37a:2:ushort)),CONST(0x1c74f,4)),CONST(0x1c89f,4)),INDIRECT(INDIRECT(INDIRECT(LEAF(00a37a:2:ushort),CONST(0x1e2ab,4)),CONST(0x1e334,4)),CONST(0x1e3bd,4))),INDIRECT(INDIRECT(INDIRECT(MULTIEQUAL(INDIRECT(MULTIEQUAL(INDIRECT(LEAF(00a37a:2:ushort),CONST(0x1e177,4)),LEAF(00a37a:2:ushort)),CONST(0x1dd27,4)),LEAF(00a37a:2:ushort)),CONST(0x1ddbd,4)),CONST(0x1deb0,4)),CONST(0x1deb6,4)),LEAF(00a37a:2:ushort),LEAF(00a37a:2:ushort),LEAF(00a37a:2:ushort)),CONST(0x1cf10,4)),INDIRECT(LEAF(00a37a:2:ushort),CONST(0x1d8ce,4)),INDIRECT(INDIRECT(LEAF(00a37a:2:ushort),CONST(0x1d966,4)),CONST(0x1d9e1,4)),INDIRECT(LEAF(00a37a:2:ushort),CONST(0x1da79,4)),LEAF(00a37a:2:ushort),LEAF(00a37a:2:ushort)),CONST(0x3fff,2))))
00225c	FUN_00225c	00112c	LOAD	CAST(INT_ZEXT(INT_ADD(INT_RIGHT(MULTIEQUAL(PIECE(SUBPIECE(INT_RIGHT(MULTIEQUAL(MULTIEQUAL(COPY(INT_ADD(INT_ZEXT(LEAF(00e427:1:byte)),LEAF(00e736:2:ushort))),COPY(LEAF(00e736:2:ushort))),LEAF(unique:00022d00:2:ushort),INT_ADD(INT_ZEXT(LEAF(00e427:1:byte)),LEAF(00e736:2:ushort)),MULTIEQUAL(INT_ADD(INT_ZEXT(LEAF(00e427:1:byte)),LEAF(00e736:2:ushort)),INT_ADD(INT_ZEXT(LEAF(00e427:1:byte)),LEAF(00e736:2:ushort)))),CONST(0x8,4)),CONST(0x0,4)),LEAF(00e423:1:char)),LEAF(register:0008:2:ushort),PIECE(LEAF(register:0009:1:undefined1),LEAF(00e743:1:char))),CONST(0x8,2)),CONST(0xaf7a,2))))
00225c	FUN_00225c	00508a	LOAD	CAST(INT_ZEXT(MULTIEQUAL(COPY(CONST(0x32e,2)),INT_ADD(LEAF(register:0012:2:ushort),CONST(0x1,2)))))
00225c	FUN_00225c	00508a	STORE	CAST(INT_ZEXT(MULTIEQUAL(SUBPIECE(PTRSUB(CONST(0x0,3),CONST(0xe320,3)),CONST(0x0,4)),INT_ADD(LEAF(register:000e:2:ushort),CONST(0x1,2)))))
00225c	FUN_00225c	005146	LOAD	CAST(INT_ZEXT(MULTIEQUAL(COPY(INT_AND(PIECE(LEAF(00e425:1:byte),LEAF(00e426:1:undefined1)),CONST(0x3fff,2))),MULTIEQUAL(COPY(COPY(CONST(0x0,2))),COPY(INT_ADD(LEAF(register:0012:2:ushort),CONST(0x1,2)))))))
00225c	FUN_00225c	0051b0	STORE	CAST(INT_ZEXT(INT_ADD(SUBPIECE(PTRSUB(CONST(0x0,3),CONST(0xe428,3)),CONST(0x0,4)),INT_ZEXT(MULTIEQUAL(COPY(COPY(LEAF(00e427:1:byte))),LEAF(00e73a:1:byte),INDIRECT(INDIRECT(MULTIEQUAL(INDIRECT(INDIRECT(MULTIEQUAL(INDIRECT(LEAF(00e73a:1:byte),CONST(0x1e20b,4)),LEAF(00e73a:1:byte),LEAF(00e73a:1:byte)),CONST(0x1c47e,4)),CONST(0x1c49d,4)),LEAF(00e73a:1:byte)),CONST(0x1c533,4)),CONST(0x1c683,4)),INDIRECT(INDIRECT(INDIRECT(LEAF(00e73a:1:byte),CONST(0x1e08f,4)),CONST(0x1e118,4)),CONST(0x1e1a1,4)))))))
00225c	FUN_00225c	00520a	LOAD	CAST(INT_ZEXT(MULTIEQUAL(COPY(CONST(0x230,2)),INT_ADD(LEAF(register:0012:2:ushort),CONST(0x1,2)))))
00225c	FUN_00225c	00520a	STORE	CAST(INT_ZEXT(MULTIEQUAL(SUBPIECE(PTRSUB(CONST(0x0,3),CONST(0xe320,3)),CONST(0x0,4)),INT_ADD(LEAF(register:000e:2:ushort),CONST(0x1,2)))))
00225c	FUN_00225c	00532a	LOAD	CAST(INT_ZEXT(INT_AND(INT_SUB(MULTIEQUAL(INDIRECT(MULTIEQUAL(MULTIEQUAL(LEAF(00a356:2:short),LEAF(00a356:2:short),INDIRECT(INDIRECT(MULTIEQUAL(INDIRECT(INDIRECT(MULTIEQUAL(INDIRECT(LEAF(00a356:2:short),CONST(0x1e20b,4)),LEAF(00a356:2:short),LEAF(00a356:2:short)),CONST(0x1c47e,4)),CONST(0x1c49d,4)),LEAF(00a356:2:short)),CONST(0x1c533,4)),CONST(0x1c683,4)),INDIRECT(INDIRECT(INDIRECT(LEAF(00a356:2:short),CONST(0x1e08f,4)),CONST(0x1e118,4)),CONST(0x1e1a1,4))),INDIRECT(INDIRECT(INDIRECT(MULTIEQUAL(INDIRECT(MULTIEQUAL(INDIRECT(LEAF(00a356:2:short),CONST(0x1df5b,4)),LEAF(00a356:2:short)),CONST(0x1db0b,4)),LEAF(00a356:2:short)),CONST(0x1dba1,4)),CONST(0x1dc94,4)),CONST(0x1dc9a,4)),LEAF(00a356:2:short),LEAF(00a356:2:short),LEAF(00a356:2:short)),CONST(0x1ccf4,4)),INDIRECT(LEAF(00a356:2:short),CONST(0x1d6b2,4)),INDIRECT(INDIRECT(LEAF(00a356:2:short),CONST(0x1d74a,4)),CONST(0x1d7c5,4)),INDIRECT(LEAF(00a356:2:short),CONST(0x1d85d,4)),LEAF(00a356:2:short),LEAF(00a356:2:short)),CONST(0x1,2)),CONST(0x3fff,2))))
00225c	FUN_00225c	00537a	LOAD	CAST(INT_ZEXT(INT_AND(MULTIEQUAL(INDIRECT(MULTIEQUAL(MULTIEQUAL(LEAF(00a37a:2:ushort),LEAF(00a37a:2:ushort),INDIRECT(INDIRECT(MULTIEQUAL(INDIRECT(INDIRECT(MULTIEQUAL(INDIRECT(LEAF(00a37a:2:ushort),CONST(0x1e20b,4)),LEAF(00a37a:2:ushort),LEAF(00a37a:2:ushort)),CONST(0x1c47e,4)),CONST(0x1c49d,4)),LEAF(00a37a:2:ushort)),CONST(0x1c533,4)),CONST(0x1c683,4)),INDIRECT(INDIRECT(INDIRECT(LEAF(00a37a:2:ushort),CONST(0x1e08f,4)),CONST(0x1e118,4)),CONST(0x1e1a1,4))),INDIRECT(INDIRECT(INDIRECT(MULTIEQUAL(INDIRECT(MULTIEQUAL(INDIRECT(LEAF(00a37a:2:ushort),CONST(0x1df5b,4)),LEAF(00a37a:2:ushort)),CONST(0x1db0b,4)),LEAF(00a37a:2:ushort)),CONST(0x1dba1,4)),CONST(0x1dc94,4)),CONST(0x1dc9a,4)),LEAF(00a37a:2:ushort),LEAF(00a37a:2:ushort),LEAF(00a37a:2:ushort)),CONST(0x1ccf4,4)),INDIRECT(LEAF(00a37a:2:ushort),CONST(0x1d6b2,4)),INDIRECT(INDIRECT(LEAF(00a37a:2:ushort),CONST(0x1d74a,4)),CONST(0x1d7c5,4)),INDIRECT(LEAF(00a37a:2:ushort),CONST(0x1d85d,4)),LEAF(00a37a:2:ushort),LEAF(00a37a:2:ushort)),CONST(0x3fff,2))))
002280	FUN_002280	00112c	LOAD	CAST(INT_ZEXT(INT_ADD(INT_RIGHT(MULTIEQUAL(PIECE(SUBPIECE(INT_RIGHT(MULTIEQUAL(MULTIEQUAL(COPY(INT_ADD(INT_ZEXT(LEAF(00e427:1:byte)),LEAF(00e736:2:ushort))),COPY(LEAF(00e736:2:ushort))),LEAF(unique:00022d00:2:ushort),INT_ADD(INT_ZEXT(LEAF(00e427:1:byte)),LEAF(00e736:2:ushort)),MULTIEQUAL(INT_ADD(INT_ZEXT(LEAF(00e427:1:byte)),LEAF(00e736:2:ushort)),INT_ADD(INT_ZEXT(LEAF(00e427:1:byte)),LEAF(00e736:2:ushort)))),CONST(0x8,4)),CONST(0x0,4)),LEAF(00e423:1:char)),LEAF(register:0008:2:ushort),PIECE(LEAF(register:0009:1:undefined1),LEAF(00e743:1:char))),CONST(0x8,2)),CONST(0xaf7a,2))))
002280	FUN_002280	00508a	LOAD	CAST(INT_ZEXT(MULTIEQUAL(COPY(CONST(0x32e,2)),INT_ADD(LEAF(register:0012:2:ushort),CONST(0x1,2)))))
002280	FUN_002280	00508a	STORE	CAST(INT_ZEXT(MULTIEQUAL(SUBPIECE(PTRSUB(CONST(0x0,3),CONST(0xe320,3)),CONST(0x0,4)),INT_ADD(LEAF(register:000e:2:ushort),CONST(0x1,2)))))
002280	FUN_002280	005146	LOAD	CAST(INT_ZEXT(MULTIEQUAL(COPY(INT_AND(PIECE(LEAF(00e425:1:byte),LEAF(00e426:1:undefined1)),CONST(0x3fff,2))),MULTIEQUAL(COPY(COPY(CONST(0x0,2))),COPY(INT_ADD(LEAF(register:0012:2:ushort),CONST(0x1,2)))))))
002280	FUN_002280	0051b0	STORE	CAST(INT_ZEXT(INT_ADD(SUBPIECE(PTRSUB(CONST(0x0,3),CONST(0xe428,3)),CONST(0x0,4)),INT_ZEXT(MULTIEQUAL(COPY(COPY(LEAF(00e427:1:byte))),LEAF(00e73a:1:byte),INDIRECT(INDIRECT(MULTIEQUAL(INDIRECT(INDIRECT(MULTIEQUAL(INDIRECT(LEAF(00e73a:1:byte),CONST(0x1dfef,4)),LEAF(00e73a:1:byte),LEAF(00e73a:1:byte)),CONST(0x1c262,4)),CONST(0x1c281,4)),LEAF(00e73a:1:byte)),CONST(0x1c317,4)),CONST(0x1c467,4)),INDIRECT(INDIRECT(INDIRECT(LEAF(00e73a:1:byte),CONST(0x1de73,4)),CONST(0x1defc,4)),CONST(0x1df85,4)))))))
002280	FUN_002280	00520a	LOAD	CAST(INT_ZEXT(MULTIEQUAL(COPY(CONST(0x230,2)),INT_ADD(LEAF(register:0012:2:ushort),CONST(0x1,2)))))
002280	FUN_002280	00520a	STORE	CAST(INT_ZEXT(MULTIEQUAL(SUBPIECE(PTRSUB(CONST(0x0,3),CONST(0xe320,3)),CONST(0x0,4)),INT_ADD(LEAF(register:000e:2:ushort),CONST(0x1,2)))))
002280	FUN_002280	00532a	LOAD	CAST(INT_ZEXT(INT_AND(INT_SUB(MULTIEQUAL(INDIRECT(MULTIEQUAL(MULTIEQUAL(LEAF(00a356:2:short),LEAF(00a356:2:short),INDIRECT(INDIRECT(MULTIEQUAL(INDIRECT(INDIRECT(MULTIEQUAL(INDIRECT(LEAF(00a356:2:short),CONST(0x1dfef,4)),LEAF(00a356:2:short),LEAF(00a356:2:short)),CONST(0x1c262,4)),CONST(0x1c281,4)),LEAF(00a356:2:short)),CONST(0x1c317,4)),CONST(0x1c467,4)),INDIRECT(INDIRECT(INDIRECT(LEAF(00a356:2:short),CONST(0x1de73,4)),CONST(0x1defc,4)),CONST(0x1df85,4))),INDIRECT(INDIRECT(INDIRECT(MULTIEQUAL(INDIRECT(MULTIEQUAL(INDIRECT(LEAF(00a356:2:short),CONST(0x1dd3f,4)),LEAF(00a356:2:short)),CONST(0x1d8ef,4)),LEAF(00a356:2:short)),CONST(0x1d985,4)),CONST(0x1da78,4)),CONST(0x1da7e,4)),LEAF(00a356:2:short),LEAF(00a356:2:short),LEAF(00a356:2:short)),CONST(0x1cad8,4)),INDIRECT(LEAF(00a356:2:short),CONST(0x1d496,4)),INDIRECT(INDIRECT(LEAF(00a356:2:short),CONST(0x1d52e,4)),CONST(0x1d5a9,4)),INDIRECT(LEAF(00a356:2:short),CONST(0x1d641,4)),LEAF(00a356:2:short),LEAF(00a356:2:short)),CONST(0x1,2)),CONST(0x3fff,2))))
002280	FUN_002280	00537a	LOAD	CAST(INT_ZEXT(INT_AND(MULTIEQUAL(INDIRECT(MULTIEQUAL(MULTIEQUAL(LEAF(00a37a:2:ushort),LEAF(00a37a:2:ushort),INDIRECT(INDIRECT(MULTIEQUAL(INDIRECT(INDIRECT(MULTIEQUAL(INDIRECT(LEAF(00a37a:2:ushort),CONST(0x1dfef,4)),LEAF(00a37a:2:ushort),LEAF(00a37a:2:ushort)),CONST(0x1c262,4)),CONST(0x1c281,4)),LEAF(00a37a:2:ushort)),CONST(0x1c317,4)),CONST(0x1c467,4)),INDIRECT(INDIRECT(INDIRECT(LEAF(00a37a:2:ushort),CONST(0x1de73,4)),CONST(0x1defc,4)),CONST(0x1df85,4))),INDIRECT(INDIRECT(INDIRECT(MULTIEQUAL(INDIRECT(MULTIEQUAL(INDIRECT(LEAF(00a37a:2:ushort),CONST(0x1dd3f,4)),LEAF(00a37a:2:ushort)),CONST(0x1d8ef,4)),LEAF(00a37a:2:ushort)),CONST(0x1d985,4)),CONST(0x1da78,4)),CONST(0x1da7e,4)),LEAF(00a37a:2:ushort),LEAF(00a37a:2:ushort),LEAF(00a37a:2:ushort)),CONST(0x1cad8,4)),INDIRECT(LEAF(00a37a:2:ushort),CONST(0x1d496,4)),INDIRECT(INDIRECT(LEAF(00a37a:2:ushort),CONST(0x1d52e,4)),CONST(0x1d5a9,4)),INDIRECT(LEAF(00a37a:2:ushort),CONST(0x1d641,4)),LEAF(00a37a:2:ushort),LEAF(00a37a:2:ushort)),CONST(0x3fff,2))))
0022a4	FUN_0022a4	00112c	LOAD	CAST(INT_ZEXT(INT_ADD(INT_RIGHT(MULTIEQUAL(PIECE(SUBPIECE(INT_RIGHT(MULTIEQUAL(MULTIEQUAL(COPY(INT_ADD(INT_ZEXT(LEAF(00e427:1:byte)),LEAF(00e736:2:ushort))),COPY(LEAF(00e736:2:ushort))),LEAF(unique:00022d00:2:ushort),INT_ADD(INT_ZEXT(LEAF(00e427:1:byte)),LEAF(00e736:2:ushort)),MULTIEQUAL(INT_ADD(INT_ZEXT(LEAF(00e427:1:byte)),LEAF(00e736:2:ushort)),INT_ADD(INT_ZEXT(LEAF(00e427:1:byte)),LEAF(00e736:2:ushort)))),CONST(0x8,4)),CONST(0x0,4)),LEAF(00e423:1:char)),LEAF(register:0008:2:ushort),PIECE(LEAF(register:0009:1:undefined1),LEAF(00e743:1:char))),CONST(0x8,2)),CONST(0xaf7a,2))))
0022a4	FUN_0022a4	00508a	LOAD	CAST(INT_ZEXT(MULTIEQUAL(COPY(CONST(0x32e,2)),INT_ADD(LEAF(register:0012:2:ushort),CONST(0x1,2)))))
0022a4	FUN_0022a4	00508a	STORE	CAST(INT_ZEXT(MULTIEQUAL(SUBPIECE(PTRSUB(CONST(0x0,3),CONST(0xe320,3)),CONST(0x0,4)),INT_ADD(LEAF(register:000e:2:ushort),CONST(0x1,2)))))
0022a4	FUN_0022a4	005146	LOAD	CAST(INT_ZEXT(MULTIEQUAL(COPY(INT_AND(PIECE(LEAF(00e425:1:byte),LEAF(00e426:1:undefined1)),CONST(0x3fff,2))),MULTIEQUAL(COPY(COPY(CONST(0x0,2))),COPY(INT_ADD(LEAF(register:0012:2:ushort),CONST(0x1,2)))))))
0022a4	FUN_0022a4	0051b0	STORE	CAST(INT_ZEXT(INT_ADD(SUBPIECE(PTRSUB(CONST(0x0,3),CONST(0xe428,3)),CONST(0x0,4)),INT_ZEXT(MULTIEQUAL(COPY(COPY(LEAF(00e427:1:byte))),LEAF(00e73a:1:byte),INDIRECT(INDIRECT(MULTIEQUAL(INDIRECT(INDIRECT(MULTIEQUAL(INDIRECT(LEAF(00e73a:1:byte),CONST(0x1ddd3,4)),LEAF(00e73a:1:byte),LEAF(00e73a:1:byte)),CONST(0x1c046,4)),CONST(0x1c065,4)),LEAF(00e73a:1:byte)),CONST(0x1c0fb,4)),CONST(0x1c24b,4)),INDIRECT(INDIRECT(INDIRECT(LEAF(00e73a:1:byte),CONST(0x1dc57,4)),CONST(0x1dce0,4)),CONST(0x1dd69,4)))))))
0022a4	FUN_0022a4	00520a	LOAD	CAST(INT_ZEXT(MULTIEQUAL(COPY(CONST(0x230,2)),INT_ADD(LEAF(register:0012:2:ushort),CONST(0x1,2)))))
0022a4	FUN_0022a4	00520a	STORE	CAST(INT_ZEXT(MULTIEQUAL(SUBPIECE(PTRSUB(CONST(0x0,3),CONST(0xe320,3)),CONST(0x0,4)),INT_ADD(LEAF(register:000e:2:ushort),CONST(0x1,2)))))
0022a4	FUN_0022a4	00532a	LOAD	CAST(INT_ZEXT(INT_AND(INT_SUB(MULTIEQUAL(INDIRECT(MULTIEQUAL(MULTIEQUAL(LEAF(00a356:2:short),LEAF(00a356:2:short),INDIRECT(INDIRECT(MULTIEQUAL(INDIRECT(INDIRECT(MULTIEQUAL(INDIRECT(LEAF(00a356:2:short),CONST(0x1ddd3,4)),LEAF(00a356:2:short),LEAF(00a356:2:short)),CONST(0x1c046,4)),CONST(0x1c065,4)),LEAF(00a356:2:short)),CONST(0x1c0fb,4)),CONST(0x1c24b,4)),INDIRECT(INDIRECT(INDIRECT(LEAF(00a356:2:short),CONST(0x1dc57,4)),CONST(0x1dce0,4)),CONST(0x1dd69,4))),INDIRECT(INDIRECT(INDIRECT(MULTIEQUAL(INDIRECT(MULTIEQUAL(INDIRECT(LEAF(00a356:2:short),CONST(0x1db23,4)),LEAF(00a356:2:short)),CONST(0x1d6d3,4)),LEAF(00a356:2:short)),CONST(0x1d769,4)),CONST(0x1d85c,4)),CONST(0x1d862,4)),LEAF(00a356:2:short),LEAF(00a356:2:short),LEAF(00a356:2:short)),CONST(0x1c8bc,4)),INDIRECT(LEAF(00a356:2:short),CONST(0x1d27a,4)),INDIRECT(INDIRECT(LEAF(00a356:2:short),CONST(0x1d312,4)),CONST(0x1d38d,4)),INDIRECT(LEAF(00a356:2:short),CONST(0x1d425,4)),LEAF(00a356:2:short),LEAF(00a356:2:short)),CONST(0x1,2)),CONST(0x3fff,2))))
0022a4	FUN_0022a4	00537a	LOAD	CAST(INT_ZEXT(INT_AND(MULTIEQUAL(INDIRECT(MULTIEQUAL(MULTIEQUAL(LEAF(00a37a:2:ushort),LEAF(00a37a:2:ushort),INDIRECT(INDIRECT(MULTIEQUAL(INDIRECT(INDIRECT(MULTIEQUAL(INDIRECT(LEAF(00a37a:2:ushort),CONST(0x1ddd3,4)),LEAF(00a37a:2:ushort),LEAF(00a37a:2:ushort)),CONST(0x1c046,4)),CONST(0x1c065,4)),LEAF(00a37a:2:ushort)),CONST(0x1c0fb,4)),CONST(0x1c24b,4)),INDIRECT(INDIRECT(INDIRECT(LEAF(00a37a:2:ushort),CONST(0x1dc57,4)),CONST(0x1dce0,4)),CONST(0x1dd69,4))),INDIRECT(INDIRECT(INDIRECT(MULTIEQUAL(INDIRECT(MULTIEQUAL(INDIRECT(LEAF(00a37a:2:ushort),CONST(0x1db23,4)),LEAF(00a37a:2:ushort)),CONST(0x1d6d3,4)),LEAF(00a37a:2:ushort)),CONST(0x1d769,4)),CONST(0x1d85c,4)),CONST(0x1d862,4)),LEAF(00a37a:2:ushort),LEAF(00a37a:2:ushort),LEAF(00a37a:2:ushort)),CONST(0x1c8bc,4)),INDIRECT(LEAF(00a37a:2:ushort),CONST(0x1d27a,4)),INDIRECT(INDIRECT(LEAF(00a37a:2:ushort),CONST(0x1d312,4)),CONST(0x1d38d,4)),INDIRECT(LEAF(00a37a:2:ushort),CONST(0x1d425,4)),LEAF(00a37a:2:ushort),LEAF(00a37a:2:ushort)),CONST(0x3fff,2))))
0022c8	FUN_0022c8	00112c	LOAD	CAST(INT_ZEXT(INT_ADD(INT_RIGHT(MULTIEQUAL(PIECE(SUBPIECE(INT_RIGHT(MULTIEQUAL(MULTIEQUAL(COPY(INT_ADD(INT_ZEXT(LEAF(00e427:1:byte)),LEAF(00e736:2:ushort))),COPY(LEAF(00e736:2:ushort))),LEAF(unique:00022d00:2:ushort),INT_ADD(INT_ZEXT(LEAF(00e427:1:byte)),LEAF(00e736:2:ushort)),MULTIEQUAL(INT_ADD(INT_ZEXT(LEAF(00e427:1:byte)),LEAF(00e736:2:ushort)),INT_ADD(INT_ZEXT(LEAF(00e427:1:byte)),LEAF(00e736:2:ushort)))),CONST(0x8,4)),CONST(0x0,4)),LEAF(00e423:1:char)),LEAF(register:0008:2:ushort),PIECE(LEAF(register:0009:1:undefined1),LEAF(00e743:1:char))),CONST(0x8,2)),CONST(0xaf7a,2))))
0022c8	FUN_0022c8	00508a	LOAD	CAST(INT_ZEXT(MULTIEQUAL(COPY(CONST(0x32e,2)),INT_ADD(LEAF(register:0012:2:ushort),CONST(0x1,2)))))
0022c8	FUN_0022c8	00508a	STORE	CAST(INT_ZEXT(MULTIEQUAL(SUBPIECE(PTRSUB(CONST(0x0,3),CONST(0xe320,3)),CONST(0x0,4)),INT_ADD(LEAF(register:000e:2:ushort),CONST(0x1,2)))))
0022c8	FUN_0022c8	005146	LOAD	CAST(INT_ZEXT(MULTIEQUAL(COPY(INT_AND(PIECE(LEAF(00e425:1:byte),LEAF(00e426:1:undefined1)),CONST(0x3fff,2))),MULTIEQUAL(COPY(COPY(CONST(0x0,2))),COPY(INT_ADD(LEAF(register:0012:2:ushort),CONST(0x1,2)))))))
0022c8	FUN_0022c8	0051b0	STORE	CAST(INT_ZEXT(INT_ADD(SUBPIECE(PTRSUB(CONST(0x0,3),CONST(0xe428,3)),CONST(0x0,4)),INT_ZEXT(MULTIEQUAL(COPY(COPY(LEAF(00e427:1:byte))),LEAF(00e73a:1:byte),INDIRECT(INDIRECT(MULTIEQUAL(INDIRECT(INDIRECT(MULTIEQUAL(INDIRECT(LEAF(00e73a:1:byte),CONST(0x1dbb7,4)),LEAF(00e73a:1:byte),LEAF(00e73a:1:byte)),CONST(0x1be2a,4)),CONST(0x1be49,4)),LEAF(00e73a:1:byte)),CONST(0x1bedf,4)),CONST(0x1c02f,4)),INDIRECT(INDIRECT(INDIRECT(LEAF(00e73a:1:byte),CONST(0x1da3b,4)),CONST(0x1dac4,4)),CONST(0x1db4d,4)))))))
0022c8	FUN_0022c8	00520a	LOAD	CAST(INT_ZEXT(MULTIEQUAL(COPY(CONST(0x230,2)),INT_ADD(LEAF(register:0012:2:ushort),CONST(0x1,2)))))
0022c8	FUN_0022c8	00520a	STORE	CAST(INT_ZEXT(MULTIEQUAL(SUBPIECE(PTRSUB(CONST(0x0,3),CONST(0xe320,3)),CONST(0x0,4)),INT_ADD(LEAF(register:000e:2:ushort),CONST(0x1,2)))))
0022c8	FUN_0022c8	00532a	LOAD	CAST(INT_ZEXT(INT_AND(INT_SUB(MULTIEQUAL(INDIRECT(MULTIEQUAL(MULTIEQUAL(LEAF(00a356:2:short),LEAF(00a356:2:short),INDIRECT(INDIRECT(MULTIEQUAL(INDIRECT(INDIRECT(MULTIEQUAL(INDIRECT(LEAF(00a356:2:short),CONST(0x1dbb7,4)),LEAF(00a356:2:short),LEAF(00a356:2:short)),CONST(0x1be2a,4)),CONST(0x1be49,4)),LEAF(00a356:2:short)),CONST(0x1bedf,4)),CONST(0x1c02f,4)),INDIRECT(INDIRECT(INDIRECT(LEAF(00a356:2:short),CONST(0x1da3b,4)),CONST(0x1dac4,4)),CONST(0x1db4d,4))),INDIRECT(INDIRECT(INDIRECT(MULTIEQUAL(INDIRECT(MULTIEQUAL(INDIRECT(LEAF(00a356:2:short),CONST(0x1d907,4)),LEAF(00a356:2:short)),CONST(0x1d4b7,4)),LEAF(00a356:2:short)),CONST(0x1d54d,4)),CONST(0x1d640,4)),CONST(0x1d646,4)),LEAF(00a356:2:short),LEAF(00a356:2:short),LEAF(00a356:2:short)),CONST(0x1c6a0,4)),INDIRECT(LEAF(00a356:2:short),CONST(0x1d05e,4)),INDIRECT(INDIRECT(LEAF(00a356:2:short),CONST(0x1d0f6,4)),CONST(0x1d171,4)),INDIRECT(LEAF(00a356:2:short),CONST(0x1d209,4)),LEAF(00a356:2:short),LEAF(00a356:2:short)),CONST(0x1,2)),CONST(0x3fff,2))))
0022c8	FUN_0022c8	00537a	LOAD	CAST(INT_ZEXT(INT_AND(MULTIEQUAL(INDIRECT(MULTIEQUAL(MULTIEQUAL(LEAF(00a37a:2:ushort),LEAF(00a37a:2:ushort),INDIRECT(INDIRECT(MULTIEQUAL(INDIRECT(INDIRECT(MULTIEQUAL(INDIRECT(LEAF(00a37a:2:ushort),CONST(0x1dbb7,4)),LEAF(00a37a:2:ushort),LEAF(00a37a:2:ushort)),CONST(0x1be2a,4)),CONST(0x1be49,4)),LEAF(00a37a:2:ushort)),CONST(0x1bedf,4)),CONST(0x1c02f,4)),INDIRECT(INDIRECT(INDIRECT(LEAF(00a37a:2:ushort),CONST(0x1da3b,4)),CONST(0x1dac4,4)),CONST(0x1db4d,4))),INDIRECT(INDIRECT(INDIRECT(MULTIEQUAL(INDIRECT(MULTIEQUAL(INDIRECT(LEAF(00a37a:2:ushort),CONST(0x1d907,4)),LEAF(00a37a:2:ushort)),CONST(0x1d4b7,4)),LEAF(00a37a:2:ushort)),CONST(0x1d54d,4)),CONST(0x1d640,4)),CONST(0x1d646,4)),LEAF(00a37a:2:ushort),LEAF(00a37a:2:ushort),LEAF(00a37a:2:ushort)),CONST(0x1c6a0,4)),INDIRECT(LEAF(00a37a:2:ushort),CONST(0x1d05e,4)),INDIRECT(INDIRECT(LEAF(00a37a:2:ushort),CONST(0x1d0f6,4)),CONST(0x1d171,4)),INDIRECT(LEAF(00a37a:2:ushort),CONST(0x1d209,4)),LEAF(00a37a:2:ushort),LEAF(00a37a:2:ushort)),CONST(0x3fff,2))))
0022ec	FUN_0022ec	00112c	LOAD	CAST(INT_ZEXT(INT_ADD(INT_RIGHT(MULTIEQUAL(PIECE(SUBPIECE(INT_RIGHT(MULTIEQUAL(MULTIEQUAL(COPY(INT_ADD(INT_ZEXT(LEAF(00e427:1:byte)),LEAF(00e736:2:ushort))),COPY(LEAF(00e736:2:ushort))),LEAF(unique:00022d00:2:ushort),INT_ADD(INT_ZEXT(LEAF(00e427:1:byte)),LEAF(00e736:2:ushort)),MULTIEQUAL(INT_ADD(INT_ZEXT(LEAF(00e427:1:byte)),LEAF(00e736:2:ushort)),INT_ADD(INT_ZEXT(LEAF(00e427:1:byte)),LEAF(00e736:2:ushort)))),CONST(0x8,4)),CONST(0x0,4)),LEAF(00e423:1:char)),LEAF(register:0008:2:ushort),PIECE(LEAF(register:0009:1:undefined1),LEAF(00e743:1:char))),CONST(0x8,2)),CONST(0xaf7a,2))))
0022ec	FUN_0022ec	00508a	LOAD	CAST(INT_ZEXT(MULTIEQUAL(COPY(CONST(0x32e,2)),INT_ADD(LEAF(register:0012:2:ushort),CONST(0x1,2)))))
0022ec	FUN_0022ec	00508a	STORE	CAST(INT_ZEXT(MULTIEQUAL(SUBPIECE(PTRSUB(CONST(0x0,3),CONST(0xe320,3)),CONST(0x0,4)),INT_ADD(LEAF(register:000e:2:ushort),CONST(0x1,2)))))
0022ec	FUN_0022ec	005146	LOAD	CAST(INT_ZEXT(MULTIEQUAL(COPY(INT_AND(PIECE(LEAF(00e425:1:byte),LEAF(00e426:1:undefined1)),CONST(0x3fff,2))),MULTIEQUAL(COPY(COPY(CONST(0x0,2))),COPY(INT_ADD(LEAF(register:0012:2:ushort),CONST(0x1,2)))))))
0022ec	FUN_0022ec	0051b0	STORE	CAST(INT_ZEXT(INT_ADD(SUBPIECE(PTRSUB(CONST(0x0,3),CONST(0xe428,3)),CONST(0x0,4)),INT_ZEXT(MULTIEQUAL(COPY(COPY(LEAF(00e427:1:byte))),LEAF(00e73a:1:byte),INDIRECT(INDIRECT(MULTIEQUAL(INDIRECT(INDIRECT(MULTIEQUAL(INDIRECT(LEAF(00e73a:1:byte),CONST(0x1d99b,4)),LEAF(00e73a:1:byte),LEAF(00e73a:1:byte)),CONST(0x1bc0e,4)),CONST(0x1bc2d,4)),LEAF(00e73a:1:byte)),CONST(0x1bcc3,4)),CONST(0x1be13,4)),INDIRECT(INDIRECT(INDIRECT(LEAF(00e73a:1:byte),CONST(0x1d81f,4)),CONST(0x1d8a8,4)),CONST(0x1d931,4)))))))
0022ec	FUN_0022ec	00520a	LOAD	CAST(INT_ZEXT(MULTIEQUAL(COPY(CONST(0x230,2)),INT_ADD(LEAF(register:0012:2:ushort),CONST(0x1,2)))))
0022ec	FUN_0022ec	00520a	STORE	CAST(INT_ZEXT(MULTIEQUAL(SUBPIECE(PTRSUB(CONST(0x0,3),CONST(0xe320,3)),CONST(0x0,4)),INT_ADD(LEAF(register:000e:2:ushort),CONST(0x1,2)))))
0022ec	FUN_0022ec	00532a	LOAD	CAST(INT_ZEXT(INT_AND(INT_SUB(MULTIEQUAL(INDIRECT(MULTIEQUAL(MULTIEQUAL(LEAF(00a356:2:short),LEAF(00a356:2:short),INDIRECT(INDIRECT(MULTIEQUAL(INDIRECT(INDIRECT(MULTIEQUAL(INDIRECT(LEAF(00a356:2:short),CONST(0x1d99b,4)),LEAF(00a356:2:short),LEAF(00a356:2:short)),CONST(0x1bc0e,4)),CONST(0x1bc2d,4)),LEAF(00a356:2:short)),CONST(0x1bcc3,4)),CONST(0x1be13,4)),INDIRECT(INDIRECT(INDIRECT(LEAF(00a356:2:short),CONST(0x1d81f,4)),CONST(0x1d8a8,4)),CONST(0x1d931,4))),INDIRECT(INDIRECT(INDIRECT(MULTIEQUAL(INDIRECT(MULTIEQUAL(INDIRECT(LEAF(00a356:2:short),CONST(0x1d6eb,4)),LEAF(00a356:2:short)),CONST(0x1d29b,4)),LEAF(00a356:2:short)),CONST(0x1d331,4)),CONST(0x1d424,4)),CONST(0x1d42a,4)),LEAF(00a356:2:short),LEAF(00a356:2:short),LEAF(00a356:2:short)),CONST(0x1c484,4)),INDIRECT(LEAF(00a356:2:short),CONST(0x1ce42,4)),INDIRECT(INDIRECT(LEAF(00a356:2:short),CONST(0x1ceda,4)),CONST(0x1cf55,4)),INDIRECT(LEAF(00a356:2:short),CONST(0x1cfed,4)),LEAF(00a356:2:short),LEAF(00a356:2:short)),CONST(0x1,2)),CONST(0x3fff,2))))
0022ec	FUN_0022ec	00537a	LOAD	CAST(INT_ZEXT(INT_AND(MULTIEQUAL(INDIRECT(MULTIEQUAL(MULTIEQUAL(LEAF(00a37a:2:ushort),LEAF(00a37a:2:ushort),INDIRECT(INDIRECT(MULTIEQUAL(INDIRECT(INDIRECT(MULTIEQUAL(INDIRECT(LEAF(00a37a:2:ushort),CONST(0x1d99b,4)),LEAF(00a37a:2:ushort),LEAF(00a37a:2:ushort)),CONST(0x1bc0e,4)),CONST(0x1bc2d,4)),LEAF(00a37a:2:ushort)),CONST(0x1bcc3,4)),CONST(0x1be13,4)),INDIRECT(INDIRECT(INDIRECT(LEAF(00a37a:2:ushort),CONST(0x1d81f,4)),CONST(0x1d8a8,4)),CONST(0x1d931,4))),INDIRECT(INDIRECT(INDIRECT(MULTIEQUAL(INDIRECT(MULTIEQUAL(INDIRECT(LEAF(00a37a:2:ushort),CONST(0x1d6eb,4)),LEAF(00a37a:2:ushort)),CONST(0x1d29b,4)),LEAF(00a37a:2:ushort)),CONST(0x1d331,4)),CONST(0x1d424,4)),CONST(0x1d42a,4)),LEAF(00a37a:2:ushort),LEAF(00a37a:2:ushort),LEAF(00a37a:2:ushort)),CONST(0x1c484,4)),INDIRECT(LEAF(00a37a:2:ushort),CONST(0x1ce42,4)),INDIRECT(INDIRECT(LEAF(00a37a:2:ushort),CONST(0x1ceda,4)),CONST(0x1cf55,4)),INDIRECT(LEAF(00a37a:2:ushort),CONST(0x1cfed,4)),LEAF(00a37a:2:ushort),LEAF(00a37a:2:ushort)),CONST(0x3fff,2))))
002a7c	FUN_002a7c	00112c	LOAD	CAST(INT_ZEXT(INT_ADD(INT_RIGHT(MULTIEQUAL(PIECE(SUBPIECE(INT_RIGHT(MULTIEQUAL(MULTIEQUAL(COPY(INT_ADD(INT_ZEXT(LEAF(00e427:1:byte)),LEAF(00e736:2:ushort))),COPY(LEAF(00e736:2:ushort))),LEAF(unique:00022d00:2:ushort),INT_ADD(INT_ZEXT(LEAF(00e427:1:byte)),LEAF(00e736:2:ushort)),MULTIEQUAL(INT_ADD(INT_ZEXT(LEAF(00e427:1:byte)),LEAF(00e736:2:ushort)),INT_ADD(INT_ZEXT(LEAF(00e427:1:byte)),LEAF(00e736:2:ushort)))),CONST(0x8,4)),CONST(0x0,4)),LEAF(00e423:1:char)),LEAF(register:0008:2:ushort),PIECE(LEAF(register:0009:1:undefined1),LEAF(00e743:1:char))),CONST(0x8,2)),CONST(0xaf7a,2))))
002a7c	FUN_002a7c	00508a	LOAD	CAST(INT_ZEXT(MULTIEQUAL(COPY(CONST(0x32e,2)),INT_ADD(LEAF(register:0012:2:ushort),CONST(0x1,2)))))
002a7c	FUN_002a7c	00508a	STORE	CAST(INT_ZEXT(MULTIEQUAL(SUBPIECE(PTRSUB(CONST(0x0,3),CONST(0xe320,3)),CONST(0x0,4)),INT_ADD(LEAF(register:000e:2:ushort),CONST(0x1,2)))))
002a7c	FUN_002a7c	005146	LOAD	CAST(INT_ZEXT(MULTIEQUAL(COPY(INT_AND(PIECE(LEAF(00e425:1:byte),LEAF(00e426:1:undefined1)),CONST(0x3fff,2))),MULTIEQUAL(COPY(COPY(CONST(0x0,2))),COPY(INT_ADD(LEAF(register:0012:2:ushort),CONST(0x1,2)))))))
002a7c	FUN_002a7c	0051b0	STORE	CAST(INT_ZEXT(INT_ADD(SUBPIECE(PTRSUB(CONST(0x0,3),CONST(0xe428,3)),CONST(0x0,4)),INT_ZEXT(MULTIEQUAL(COPY(COPY(LEAF(00e427:1:byte))),LEAF(00e73a:1:byte),INDIRECT(INDIRECT(MULTIEQUAL(INDIRECT(INDIRECT(MULTIEQUAL(INDIRECT(LEAF(00e73a:1:byte),CONST(0x1682b,4)),LEAF(00e73a:1:byte),LEAF(00e73a:1:byte)),CONST(0x14a9e,4)),CONST(0x14abd,4)),LEAF(00e73a:1:byte)),CONST(0x14b53,4)),CONST(0x14ca3,4)),INDIRECT(INDIRECT(INDIRECT(LEAF(00e73a:1:byte),CONST(0x166af,4)),CONST(0x16738,4)),CONST(0x167c1,4)))))))
002a7c	FUN_002a7c	00520a	LOAD	CAST(INT_ZEXT(MULTIEQUAL(COPY(CONST(0x230,2)),INT_ADD(LEAF(register:0012:2:ushort),CONST(0x1,2)))))
002a7c	FUN_002a7c	00520a	STORE	CAST(INT_ZEXT(MULTIEQUAL(SUBPIECE(PTRSUB(CONST(0x0,3),CONST(0xe320,3)),CONST(0x0,4)),INT_ADD(LEAF(register:000e:2:ushort),CONST(0x1,2)))))
002a7c	FUN_002a7c	00532a	LOAD	CAST(INT_ZEXT(INT_AND(INT_SUB(MULTIEQUAL(INDIRECT(MULTIEQUAL(MULTIEQUAL(LEAF(00a356:2:short),LEAF(00a356:2:short),INDIRECT(INDIRECT(MULTIEQUAL(INDIRECT(INDIRECT(MULTIEQUAL(INDIRECT(LEAF(00a356:2:short),CONST(0x1682b,4)),LEAF(00a356:2:short),LEAF(00a356:2:short)),CONST(0x14a9e,4)),CONST(0x14abd,4)),LEAF(00a356:2:short)),CONST(0x14b53,4)),CONST(0x14ca3,4)),INDIRECT(INDIRECT(INDIRECT(LEAF(00a356:2:short),CONST(0x166af,4)),CONST(0x16738,4)),CONST(0x167c1,4))),INDIRECT(INDIRECT(INDIRECT(MULTIEQUAL(INDIRECT(MULTIEQUAL(INDIRECT(LEAF(00a356:2:short),CONST(0x1657b,4)),LEAF(00a356:2:short)),CONST(0x1612b,4)),LEAF(00a356:2:short)),CONST(0x161c1,4)),CONST(0x162b4,4)),CONST(0x162ba,4)),LEAF(00a356:2:short),LEAF(00a356:2:short),LEAF(00a356:2:short)),CONST(0x15314,4)),INDIRECT(LEAF(00a356:2:short),CONST(0x15cd2,4)),INDIRECT(INDIRECT(LEAF(00a356:2:short),CONST(0x15d6a,4)),CONST(0x15de5,4)),INDIRECT(LEAF(00a356:2:short),CONST(0x15e7d,4)),LEAF(00a356:2:short),LEAF(00a356:2:short)),CONST(0x1,2)),CONST(0x3fff,2))))
002a7c	FUN_002a7c	00537a	LOAD	CAST(INT_ZEXT(INT_AND(MULTIEQUAL(INDIRECT(MULTIEQUAL(MULTIEQUAL(LEAF(00a37a:2:ushort),LEAF(00a37a:2:ushort),INDIRECT(INDIRECT(MULTIEQUAL(INDIRECT(INDIRECT(MULTIEQUAL(INDIRECT(LEAF(00a37a:2:ushort),CONST(0x1682b,4)),LEAF(00a37a:2:ushort),LEAF(00a37a:2:ushort)),CONST(0x14a9e,4)),CONST(0x14abd,4)),LEAF(00a37a:2:ushort)),CONST(0x14b53,4)),CONST(0x14ca3,4)),INDIRECT(INDIRECT(INDIRECT(LEAF(00a37a:2:ushort),CONST(0x166af,4)),CONST(0x16738,4)),CONST(0x167c1,4))),INDIRECT(INDIRECT(INDIRECT(MULTIEQUAL(INDIRECT(MULTIEQUAL(INDIRECT(LEAF(00a37a:2:ushort),CONST(0x1657b,4)),LEAF(00a37a:2:ushort)),CONST(0x1612b,4)),LEAF(00a37a:2:ushort)),CONST(0x161c1,4)),CONST(0x162b4,4)),CONST(0x162ba,4)),LEAF(00a37a:2:ushort),LEAF(00a37a:2:ushort),LEAF(00a37a:2:ushort)),CONST(0x15314,4)),INDIRECT(LEAF(00a37a:2:ushort),CONST(0x15cd2,4)),INDIRECT(INDIRECT(LEAF(00a37a:2:ushort),CONST(0x15d6a,4)),CONST(0x15de5,4)),INDIRECT(LEAF(00a37a:2:ushort),CONST(0x15e7d,4)),LEAF(00a37a:2:ushort),LEAF(00a37a:2:ushort)),CONST(0x3fff,2))))
0034e6	FUN_0034e6	00112c	LOAD	CAST(INT_ZEXT(INT_ADD(INT_RIGHT(MULTIEQUAL(PIECE(SUBPIECE(INT_RIGHT(MULTIEQUAL(MULTIEQUAL(COPY(INT_ADD(INT_ZEXT(LEAF(00e427:1:byte)),LEAF(00e736:2:ushort))),COPY(LEAF(00e736:2:ushort))),LEAF(unique:00022d00:2:ushort),INT_ADD(INT_ZEXT(LEAF(00e427:1:byte)),LEAF(00e736:2:ushort)),MULTIEQUAL(INT_ADD(INT_ZEXT(LEAF(00e427:1:byte)),LEAF(00e736:2:ushort)),INT_ADD(INT_ZEXT(LEAF(00e427:1:byte)),LEAF(00e736:2:ushort)))),CONST(0x8,4)),CONST(0x0,4)),LEAF(00e423:1:char)),LEAF(register:0008:2:ushort),PIECE(LEAF(register:0009:1:undefined1),LEAF(00e743:1:char))),CONST(0x8,2)),CONST(0xaf7a,2))))
0034e6	FUN_0034e6	00508a	LOAD	CAST(INT_ZEXT(MULTIEQUAL(COPY(CONST(0x32e,2)),INT_ADD(LEAF(register:0012:2:ushort),CONST(0x1,2)))))
0034e6	FUN_0034e6	00508a	STORE	CAST(INT_ZEXT(MULTIEQUAL(SUBPIECE(PTRSUB(CONST(0x0,3),CONST(0xe320,3)),CONST(0x0,4)),INT_ADD(LEAF(register:000e:2:ushort),CONST(0x1,2)))))
0034e6	FUN_0034e6	005146	LOAD	CAST(INT_ZEXT(MULTIEQUAL(COPY(INT_AND(PIECE(LEAF(00e425:1:byte),LEAF(00e426:1:undefined1)),CONST(0x3fff,2))),MULTIEQUAL(COPY(COPY(CONST(0x0,2))),COPY(INT_ADD(LEAF(register:0012:2:ushort),CONST(0x1,2)))))))
0034e6	FUN_0034e6	0051b0	STORE	CAST(INT_ZEXT(INT_ADD(SUBPIECE(PTRSUB(CONST(0x0,3),CONST(0xe428,3)),CONST(0x0,4)),INT_ZEXT(MULTIEQUAL(COPY(COPY(LEAF(00e427:1:byte))),LEAF(00e73a:1:byte),INDIRECT(INDIRECT(MULTIEQUAL(INDIRECT(INDIRECT(MULTIEQUAL(INDIRECT(LEAF(00e73a:1:byte),CONST(0xcbf5,4)),LEAF(00e73a:1:byte),LEAF(00e73a:1:byte)),CONST(0xae68,4)),CONST(0xae87,4)),LEAF(00e73a:1:byte)),CONST(0xaf1d,4)),CONST(0xb06d,4)),INDIRECT(INDIRECT(INDIRECT(LEAF(00e73a:1:byte),CONST(0xca79,4)),CONST(0xcb02,4)),CONST(0xcb8b,4)))))))
0034e6	FUN_0034e6	00520a	LOAD	CAST(INT_ZEXT(MULTIEQUAL(COPY(CONST(0x230,2)),INT_ADD(LEAF(register:0012:2:ushort),CONST(0x1,2)))))
0034e6	FUN_0034e6	00520a	STORE	CAST(INT_ZEXT(MULTIEQUAL(SUBPIECE(PTRSUB(CONST(0x0,3),CONST(0xe320,3)),CONST(0x0,4)),INT_ADD(LEAF(register:000e:2:ushort),CONST(0x1,2)))))
0034e6	FUN_0034e6	00532a	LOAD	CAST(INT_ZEXT(INT_AND(INT_SUB(MULTIEQUAL(INDIRECT(MULTIEQUAL(MULTIEQUAL(LEAF(00a356:2:short),LEAF(00a356:2:short),INDIRECT(INDIRECT(MULTIEQUAL(INDIRECT(INDIRECT(MULTIEQUAL(INDIRECT(LEAF(00a356:2:short),CONST(0xcbf5,4)),LEAF(00a356:2:short),LEAF(00a356:2:short)),CONST(0xae68,4)),CONST(0xae87,4)),LEAF(00a356:2:short)),CONST(0xaf1d,4)),CONST(0xb06d,4)),INDIRECT(INDIRECT(INDIRECT(LEAF(00a356:2:short),CONST(0xca79,4)),CONST(0xcb02,4)),CONST(0xcb8b,4))),INDIRECT(INDIRECT(INDIRECT(MULTIEQUAL(INDIRECT(MULTIEQUAL(INDIRECT(LEAF(00a356:2:short),CONST(0xc945,4)),LEAF(00a356:2:short)),CONST(0xc4f5,4)),LEAF(00a356:2:short)),CONST(0xc58b,4)),CONST(0xc67e,4)),CONST(0xc684,4)),LEAF(00a356:2:short),LEAF(00a356:2:short),LEAF(00a356:2:short)),CONST(0xb6de,4)),INDIRECT(LEAF(00a356:2:short),CONST(0xc09c,4)),INDIRECT(INDIRECT(LEAF(00a356:2:short),CONST(0xc134,4)),CONST(0xc1af,4)),INDIRECT(LEAF(00a356:2:short),CONST(0xc247,4)),LEAF(00a356:2:short),LEAF(00a356:2:short)),CONST(0x1,2)),CONST(0x3fff,2))))
0034e6	FUN_0034e6	00537a	LOAD	CAST(INT_ZEXT(INT_AND(MULTIEQUAL(INDIRECT(MULTIEQUAL(MULTIEQUAL(LEAF(00a37a:2:ushort),LEAF(00a37a:2:ushort),INDIRECT(INDIRECT(MULTIEQUAL(INDIRECT(INDIRECT(MULTIEQUAL(INDIRECT(LEAF(00a37a:2:ushort),CONST(0xcbf5,4)),LEAF(00a37a:2:ushort),LEAF(00a37a:2:ushort)),CONST(0xae68,4)),CONST(0xae87,4)),LEAF(00a37a:2:ushort)),CONST(0xaf1d,4)),CONST(0xb06d,4)),INDIRECT(INDIRECT(INDIRECT(LEAF(00a37a:2:ushort),CONST(0xca79,4)),CONST(0xcb02,4)),CONST(0xcb8b,4))),INDIRECT(INDIRECT(INDIRECT(MULTIEQUAL(INDIRECT(MULTIEQUAL(INDIRECT(LEAF(00a37a:2:ushort),CONST(0xc945,4)),LEAF(00a37a:2:ushort)),CONST(0xc4f5,4)),LEAF(00a37a:2:ushort)),CONST(0xc58b,4)),CONST(0xc67e,4)),CONST(0xc684,4)),LEAF(00a37a:2:ushort),LEAF(00a37a:2:ushort),LEAF(00a37a:2:ushort)),CONST(0xb6de,4)),INDIRECT(LEAF(00a37a:2:ushort),CONST(0xc09c,4)),INDIRECT(INDIRECT(LEAF(00a37a:2:ushort),CONST(0xc134,4)),CONST(0xc1af,4)),INDIRECT(LEAF(00a37a:2:ushort),CONST(0xc247,4)),LEAF(00a37a:2:ushort),LEAF(00a37a:2:ushort)),CONST(0x3fff,2))))
00393c	FUN_00393c	00112c	LOAD	CAST(INT_ZEXT(INT_ADD(INT_RIGHT(MULTIEQUAL(PIECE(SUBPIECE(INT_RIGHT(MULTIEQUAL(MULTIEQUAL(COPY(INT_ADD(INT_ZEXT(LEAF(00e427:1:byte)),LEAF(00e736:2:ushort))),COPY(LEAF(00e736:2:ushort))),LEAF(unique:00022d00:2:ushort),INT_ADD(INT_ZEXT(LEAF(00e427:1:byte)),LEAF(00e736:2:ushort)),MULTIEQUAL(INT_ADD(INT_ZEXT(LEAF(00e427:1:byte)),LEAF(00e736:2:ushort)),INT_ADD(INT_ZEXT(LEAF(00e427:1:byte)),LEAF(00e736:2:ushort)))),CONST(0x8,4)),CONST(0x0,4)),LEAF(00e423:1:char)),LEAF(register:0008:2:ushort),PIECE(LEAF(register:0009:1:undefined1),LEAF(00e743:1:char))),CONST(0x8,2)),CONST(0xaf7a,2))))
00393c	FUN_00393c	00508a	LOAD	CAST(INT_ZEXT(MULTIEQUAL(COPY(CONST(0x32e,2)),INT_ADD(LEAF(register:0012:2:ushort),CONST(0x1,2)))))
00393c	FUN_00393c	00508a	STORE	CAST(INT_ZEXT(MULTIEQUAL(SUBPIECE(PTRSUB(CONST(0x0,3),CONST(0xe320,3)),CONST(0x0,4)),INT_ADD(LEAF(register:000e:2:ushort),CONST(0x1,2)))))
00393c	FUN_00393c	005146	LOAD	CAST(INT_ZEXT(MULTIEQUAL(COPY(INT_AND(PIECE(LEAF(00e425:1:byte),LEAF(00e426:1:undefined1)),CONST(0x3fff,2))),MULTIEQUAL(COPY(COPY(CONST(0x0,2))),COPY(INT_ADD(LEAF(register:0012:2:ushort),CONST(0x1,2)))))))
00393c	FUN_00393c	0051b0	STORE	CAST(INT_ZEXT(INT_ADD(SUBPIECE(PTRSUB(CONST(0x0,3),CONST(0xe428,3)),CONST(0x0,4)),INT_ZEXT(MULTIEQUAL(COPY(COPY(LEAF(00e427:1:byte))),LEAF(00e73a:1:byte),INDIRECT(INDIRECT(MULTIEQUAL(INDIRECT(INDIRECT(MULTIEQUAL(INDIRECT(LEAF(00e73a:1:byte),CONST(0x8aeb,4)),LEAF(00e73a:1:byte),LEAF(00e73a:1:byte)),CONST(0x6d5e,4)),CONST(0x6d7d,4)),LEAF(00e73a:1:byte)),CONST(0x6e13,4)),CONST(0x6f63,4)),INDIRECT(INDIRECT(INDIRECT(LEAF(00e73a:1:byte),CONST(0x896f,4)),CONST(0x89f8,4)),CONST(0x8a81,4)))))))
00393c	FUN_00393c	00520a	LOAD	CAST(INT_ZEXT(MULTIEQUAL(COPY(CONST(0x230,2)),INT_ADD(LEAF(register:0012:2:ushort),CONST(0x1,2)))))
00393c	FUN_00393c	00520a	STORE	CAST(INT_ZEXT(MULTIEQUAL(SUBPIECE(PTRSUB(CONST(0x0,3),CONST(0xe320,3)),CONST(0x0,4)),INT_ADD(LEAF(register:000e:2:ushort),CONST(0x1,2)))))
00393c	FUN_00393c	00532a	LOAD	CAST(INT_ZEXT(INT_AND(INT_SUB(MULTIEQUAL(INDIRECT(MULTIEQUAL(MULTIEQUAL(LEAF(00a356:2:short),LEAF(00a356:2:short),INDIRECT(INDIRECT(MULTIEQUAL(INDIRECT(INDIRECT(MULTIEQUAL(INDIRECT(LEAF(00a356:2:short),CONST(0x8aeb,4)),LEAF(00a356:2:short),LEAF(00a356:2:short)),CONST(0x6d5e,4)),CONST(0x6d7d,4)),LEAF(00a356:2:short)),CONST(0x6e13,4)),CONST(0x6f63,4)),INDIRECT(INDIRECT(INDIRECT(LEAF(00a356:2:short),CONST(0x896f,4)),CONST(0x89f8,4)),CONST(0x8a81,4))),INDIRECT(INDIRECT(INDIRECT(MULTIEQUAL(INDIRECT(MULTIEQUAL(INDIRECT(LEAF(00a356:2:short),CONST(0x883b,4)),LEAF(00a356:2:short)),CONST(0x83eb,4)),LEAF(00a356:2:short)),CONST(0x8481,4)),CONST(0x8574,4)),CONST(0x857a,4)),LEAF(00a356:2:short),LEAF(00a356:2:short),LEAF(00a356:2:short)),CONST(0x75d4,4)),INDIRECT(LEAF(00a356:2:short),CONST(0x7f92,4)),INDIRECT(INDIRECT(LEAF(00a356:2:short),CONST(0x802a,4)),CONST(0x80a5,4)),INDIRECT(LEAF(00a356:2:short),CONST(0x813d,4)),LEAF(00a356:2:short),LEAF(00a356:2:short)),CONST(0x1,2)),CONST(0x3fff,2))))
00393c	FUN_00393c	00537a	LOAD	CAST(INT_ZEXT(INT_AND(MULTIEQUAL(INDIRECT(MULTIEQUAL(MULTIEQUAL(LEAF(00a37a:2:ushort),LEAF(00a37a:2:ushort),INDIRECT(INDIRECT(MULTIEQUAL(INDIRECT(INDIRECT(MULTIEQUAL(INDIRECT(LEAF(00a37a:2:ushort),CONST(0x8aeb,4)),LEAF(00a37a:2:ushort),LEAF(00a37a:2:ushort)),CONST(0x6d5e,4)),CONST(0x6d7d,4)),LEAF(00a37a:2:ushort)),CONST(0x6e13,4)),CONST(0x6f63,4)),INDIRECT(INDIRECT(INDIRECT(LEAF(00a37a:2:ushort),CONST(0x896f,4)),CONST(0x89f8,4)),CONST(0x8a81,4))),INDIRECT(INDIRECT(INDIRECT(MULTIEQUAL(INDIRECT(MULTIEQUAL(INDIRECT(LEAF(00a37a:2:ushort),CONST(0x883b,4)),LEAF(00a37a:2:ushort)),CONST(0x83eb,4)),LEAF(00a37a:2:ushort)),CONST(0x8481,4)),CONST(0x8574,4)),CONST(0x857a,4)),LEAF(00a37a:2:ushort),LEAF(00a37a:2:ushort),LEAF(00a37a:2:ushort)),CONST(0x75d4,4)),INDIRECT(LEAF(00a37a:2:ushort),CONST(0x7f92,4)),INDIRECT(INDIRECT(LEAF(00a37a:2:ushort),CONST(0x802a,4)),CONST(0x80a5,4)),INDIRECT(LEAF(00a37a:2:ushort),CONST(0x813d,4)),LEAF(00a37a:2:ushort),LEAF(00a37a:2:ushort)),CONST(0x3fff,2))))
003c32	FUN_003c32	00112c	LOAD	CAST(INT_ZEXT(INT_ADD(INT_RIGHT(MULTIEQUAL(PIECE(SUBPIECE(INT_RIGHT(MULTIEQUAL(MULTIEQUAL(COPY(INT_ADD(INT_ZEXT(LEAF(00e427:1:byte)),LEAF(00e736:2:ushort))),COPY(LEAF(00e736:2:ushort))),LEAF(unique:00022d00:2:ushort),INT_ADD(INT_ZEXT(LEAF(00e427:1:byte)),LEAF(00e736:2:ushort)),MULTIEQUAL(INT_ADD(INT_ZEXT(LEAF(00e427:1:byte)),LEAF(00e736:2:ushort)),INT_ADD(INT_ZEXT(LEAF(00e427:1:byte)),LEAF(00e736:2:ushort)))),CONST(0x8,4)),CONST(0x0,4)),LEAF(00e423:1:char)),LEAF(register:0008:2:ushort),PIECE(LEAF(register:0009:1:undefined1),LEAF(00e743:1:char))),CONST(0x8,2)),CONST(0xaf7a,2))))
003c32	FUN_003c32	00508a	LOAD	CAST(INT_ZEXT(MULTIEQUAL(COPY(CONST(0x32e,2)),INT_ADD(LEAF(register:0012:2:ushort),CONST(0x1,2)))))
003c32	FUN_003c32	00508a	STORE	CAST(INT_ZEXT(MULTIEQUAL(SUBPIECE(PTRSUB(CONST(0x0,3),CONST(0xe320,3)),CONST(0x0,4)),INT_ADD(LEAF(register:000e:2:ushort),CONST(0x1,2)))))
003c32	FUN_003c32	005146	LOAD	CAST(INT_ZEXT(MULTIEQUAL(COPY(INT_AND(PIECE(LEAF(00e425:1:byte),LEAF(00e426:1:undefined1)),CONST(0x3fff,2))),MULTIEQUAL(COPY(COPY(CONST(0x0,2))),COPY(INT_ADD(LEAF(register:0012:2:ushort),CONST(0x1,2)))))))
003c32	FUN_003c32	0051b0	STORE	CAST(INT_ZEXT(INT_ADD(SUBPIECE(PTRSUB(CONST(0x0,3),CONST(0xe428,3)),CONST(0x0,4)),INT_ZEXT(MULTIEQUAL(COPY(COPY(LEAF(00e427:1:byte))),LEAF(00e73a:1:byte),INDIRECT(INDIRECT(MULTIEQUAL(INDIRECT(INDIRECT(MULTIEQUAL(INDIRECT(LEAF(00e73a:1:byte),CONST(0x5e81,4)),LEAF(00e73a:1:byte),LEAF(00e73a:1:byte)),CONST(0x40f4,4)),CONST(0x4113,4)),LEAF(00e73a:1:byte)),CONST(0x41a9,4)),CONST(0x42f9,4)),INDIRECT(INDIRECT(INDIRECT(LEAF(00e73a:1:byte),CONST(0x5d05,4)),CONST(0x5d8e,4)),CONST(0x5e17,4)))))))
003c32	FUN_003c32	00520a	LOAD	CAST(INT_ZEXT(MULTIEQUAL(COPY(CONST(0x230,2)),INT_ADD(LEAF(register:0012:2:ushort),CONST(0x1,2)))))
003c32	FUN_003c32	00520a	STORE	CAST(INT_ZEXT(MULTIEQUAL(SUBPIECE(PTRSUB(CONST(0x0,3),CONST(0xe320,3)),CONST(0x0,4)),INT_ADD(LEAF(register:000e:2:ushort),CONST(0x1,2)))))
003c32	FUN_003c32	00532a	LOAD	CAST(INT_ZEXT(INT_AND(INT_SUB(MULTIEQUAL(INDIRECT(MULTIEQUAL(MULTIEQUAL(LEAF(00a356:2:short),LEAF(00a356:2:short),INDIRECT(INDIRECT(MULTIEQUAL(INDIRECT(INDIRECT(MULTIEQUAL(INDIRECT(LEAF(00a356:2:short),CONST(0x5e81,4)),LEAF(00a356:2:short),LEAF(00a356:2:short)),CONST(0x40f4,4)),CONST(0x4113,4)),LEAF(00a356:2:short)),CONST(0x41a9,4)),CONST(0x42f9,4)),INDIRECT(INDIRECT(INDIRECT(LEAF(00a356:2:short),CONST(0x5d05,4)),CONST(0x5d8e,4)),CONST(0x5e17,4))),INDIRECT(INDIRECT(INDIRECT(MULTIEQUAL(INDIRECT(MULTIEQUAL(INDIRECT(LEAF(00a356:2:short),CONST(0x5bd1,4)),LEAF(00a356:2:short)),CONST(0x5781,4)),LEAF(00a356:2:short)),CONST(0x5817,4)),CONST(0x590a,4)),CONST(0x5910,4)),LEAF(00a356:2:short),LEAF(00a356:2:short),LEAF(00a356:2:short)),CONST(0x496a,4)),INDIRECT(LEAF(00a356:2:short),CONST(0x5328,4)),INDIRECT(INDIRECT(LEAF(00a356:2:short),CONST(0x53c0,4)),CONST(0x543b,4)),INDIRECT(LEAF(00a356:2:short),CONST(0x54d3,4)),LEAF(00a356:2:short),LEAF(00a356:2:short)),CONST(0x1,2)),CONST(0x3fff,2))))
003c32	FUN_003c32	00537a	LOAD	CAST(INT_ZEXT(INT_AND(MULTIEQUAL(INDIRECT(MULTIEQUAL(MULTIEQUAL(LEAF(00a37a:2:ushort),LEAF(00a37a:2:ushort),INDIRECT(INDIRECT(MULTIEQUAL(INDIRECT(INDIRECT(MULTIEQUAL(INDIRECT(LEAF(00a37a:2:ushort),CONST(0x5e81,4)),LEAF(00a37a:2:ushort),LEAF(00a37a:2:ushort)),CONST(0x40f4,4)),CONST(0x4113,4)),LEAF(00a37a:2:ushort)),CONST(0x41a9,4)),CONST(0x42f9,4)),INDIRECT(INDIRECT(INDIRECT(LEAF(00a37a:2:ushort),CONST(0x5d05,4)),CONST(0x5d8e,4)),CONST(0x5e17,4))),INDIRECT(INDIRECT(INDIRECT(MULTIEQUAL(INDIRECT(MULTIEQUAL(INDIRECT(LEAF(00a37a:2:ushort),CONST(0x5bd1,4)),LEAF(00a37a:2:ushort)),CONST(0x5781,4)),LEAF(00a37a:2:ushort)),CONST(0x5817,4)),CONST(0x590a,4)),CONST(0x5910,4)),LEAF(00a37a:2:ushort),LEAF(00a37a:2:ushort),LEAF(00a37a:2:ushort)),CONST(0x496a,4)),INDIRECT(LEAF(00a37a:2:ushort),CONST(0x5328,4)),INDIRECT(INDIRECT(LEAF(00a37a:2:ushort),CONST(0x53c0,4)),CONST(0x543b,4)),INDIRECT(LEAF(00a37a:2:ushort),CONST(0x54d3,4)),LEAF(00a37a:2:ushort),LEAF(00a37a:2:ushort)),CONST(0x3fff,2))))
003f3a	FUN_003f3a	00112c	LOAD	CAST(INT_ZEXT(INT_ADD(INT_RIGHT(MULTIEQUAL(PIECE(SUBPIECE(INT_RIGHT(MULTIEQUAL(MULTIEQUAL(COPY(INT_ADD(INT_ZEXT(LEAF(00e427:1:byte)),LEAF(00e736:2:ushort))),COPY(LEAF(00e736:2:ushort))),LEAF(unique:00022d00:2:ushort),INT_ADD(INT_ZEXT(LEAF(00e427:1:byte)),LEAF(00e736:2:ushort)),MULTIEQUAL(INT_ADD(INT_ZEXT(LEAF(00e427:1:byte)),LEAF(00e736:2:ushort)),INT_ADD(INT_ZEXT(LEAF(00e427:1:byte)),LEAF(00e736:2:ushort)))),CONST(0x8,4)),CONST(0x0,4)),LEAF(00e423:1:char)),LEAF(register:0008:2:ushort),PIECE(LEAF(register:0009:1:undefined1),LEAF(00e743:1:char))),CONST(0x8,2)),CONST(0xaf7a,2))))
003f3a	FUN_003f3a	00508a	LOAD	CAST(INT_ZEXT(MULTIEQUAL(COPY(CONST(0x32e,2)),INT_ADD(LEAF(register:0012:2:ushort),CONST(0x1,2)))))
003f3a	FUN_003f3a	00508a	STORE	CAST(INT_ZEXT(MULTIEQUAL(SUBPIECE(PTRSUB(CONST(0x0,3),CONST(0xe320,3)),CONST(0x0,4)),INT_ADD(LEAF(register:000e:2:ushort),CONST(0x1,2)))))
003f3a	FUN_003f3a	005146	LOAD	CAST(INT_ZEXT(MULTIEQUAL(COPY(INT_AND(PIECE(LEAF(00e425:1:byte),LEAF(00e426:1:undefined1)),CONST(0x3fff,2))),MULTIEQUAL(COPY(COPY(CONST(0x0,2))),COPY(INT_ADD(LEAF(register:0012:2:ushort),CONST(0x1,2)))))))
003f3a	FUN_003f3a	0051b0	STORE	CAST(INT_ZEXT(INT_ADD(SUBPIECE(PTRSUB(CONST(0x0,3),CONST(0xe428,3)),CONST(0x0,4)),INT_ZEXT(MULTIEQUAL(COPY(COPY(LEAF(00e427:1:byte))),LEAF(00e73a:1:byte),INDIRECT(INDIRECT(MULTIEQUAL(INDIRECT(INDIRECT(MULTIEQUAL(INDIRECT(LEAF(00e73a:1:byte),CONST(0x3109,4)),LEAF(00e73a:1:byte),LEAF(00e73a:1:byte)),CONST(0x137c,4)),CONST(0x139b,4)),LEAF(00e73a:1:byte)),CONST(0x1431,4)),CONST(0x1581,4)),INDIRECT(INDIRECT(INDIRECT(LEAF(00e73a:1:byte),CONST(0x2f8d,4)),CONST(0x3016,4)),CONST(0x309f,4)))))))
003f3a	FUN_003f3a	00520a	LOAD	CAST(INT_ZEXT(MULTIEQUAL(COPY(CONST(0x230,2)),INT_ADD(LEAF(register:0012:2:ushort),CONST(0x1,2)))))
003f3a	FUN_003f3a	00520a	STORE	CAST(INT_ZEXT(MULTIEQUAL(SUBPIECE(PTRSUB(CONST(0x0,3),CONST(0xe320,3)),CONST(0x0,4)),INT_ADD(LEAF(register:000e:2:ushort),CONST(0x1,2)))))
003f3a	FUN_003f3a	00532a	LOAD	CAST(INT_ZEXT(INT_AND(INT_SUB(MULTIEQUAL(INDIRECT(MULTIEQUAL(MULTIEQUAL(LEAF(00a356:2:short),LEAF(00a356:2:short),INDIRECT(INDIRECT(MULTIEQUAL(INDIRECT(INDIRECT(MULTIEQUAL(INDIRECT(LEAF(00a356:2:short),CONST(0x3109,4)),LEAF(00a356:2:short),LEAF(00a356:2:short)),CONST(0x137c,4)),CONST(0x139b,4)),LEAF(00a356:2:short)),CONST(0x1431,4)),CONST(0x1581,4)),INDIRECT(INDIRECT(INDIRECT(LEAF(00a356:2:short),CONST(0x2f8d,4)),CONST(0x3016,4)),CONST(0x309f,4))),INDIRECT(INDIRECT(INDIRECT(MULTIEQUAL(INDIRECT(MULTIEQUAL(INDIRECT(LEAF(00a356:2:short),CONST(0x2e59,4)),LEAF(00a356:2:short)),CONST(0x2a09,4)),LEAF(00a356:2:short)),CONST(0x2a9f,4)),CONST(0x2b92,4)),CONST(0x2b98,4)),LEAF(00a356:2:short),LEAF(00a356:2:short),LEAF(00a356:2:short)),CONST(0x1bf2,4)),INDIRECT(LEAF(00a356:2:short),CONST(0x25b0,4)),INDIRECT(INDIRECT(LEAF(00a356:2:short),CONST(0x2648,4)),CONST(0x26c3,4)),INDIRECT(LEAF(00a356:2:short),CONST(0x275b,4)),LEAF(00a356:2:short),LEAF(00a356:2:short)),CONST(0x1,2)),CONST(0x3fff,2))))
003f3a	FUN_003f3a	00537a	LOAD	CAST(INT_ZEXT(INT_AND(MULTIEQUAL(INDIRECT(MULTIEQUAL(MULTIEQUAL(LEAF(00a37a:2:ushort),LEAF(00a37a:2:ushort),INDIRECT(INDIRECT(MULTIEQUAL(INDIRECT(INDIRECT(MULTIEQUAL(INDIRECT(LEAF(00a37a:2:ushort),CONST(0x3109,4)),LEAF(00a37a:2:ushort),LEAF(00a37a:2:ushort)),CONST(0x137c,4)),CONST(0x139b,4)),LEAF(00a37a:2:ushort)),CONST(0x1431,4)),CONST(0x1581,4)),INDIRECT(INDIRECT(INDIRECT(LEAF(00a37a:2:ushort),CONST(0x2f8d,4)),CONST(0x3016,4)),CONST(0x309f,4))),INDIRECT(INDIRECT(INDIRECT(MULTIEQUAL(INDIRECT(MULTIEQUAL(INDIRECT(LEAF(00a37a:2:ushort),CONST(0x2e59,4)),LEAF(00a37a:2:ushort)),CONST(0x2a09,4)),LEAF(00a37a:2:ushort)),CONST(0x2a9f,4)),CONST(0x2b92,4)),CONST(0x2b98,4)),LEAF(00a37a:2:ushort),LEAF(00a37a:2:ushort),LEAF(00a37a:2:ushort)),CONST(0x1bf2,4)),INDIRECT(LEAF(00a37a:2:ushort),CONST(0x25b0,4)),INDIRECT(INDIRECT(LEAF(00a37a:2:ushort),CONST(0x2648,4)),CONST(0x26c3,4)),INDIRECT(LEAF(00a37a:2:ushort),CONST(0x275b,4)),LEAF(00a37a:2:ushort),LEAF(00a37a:2:ushort)),CONST(0x3fff,2))))
003f62	FUN_003f62	00112c	LOAD	CAST(INT_ZEXT(INT_ADD(INT_RIGHT(MULTIEQUAL(PIECE(SUBPIECE(INT_RIGHT(MULTIEQUAL(MULTIEQUAL(COPY(INT_ADD(INT_ZEXT(LEAF(00e427:1:byte)),LEAF(00e736:2:ushort))),COPY(LEAF(00e736:2:ushort))),LEAF(unique:00022d00:2:ushort),INT_ADD(INT_ZEXT(LEAF(00e427:1:byte)),LEAF(00e736:2:ushort)),MULTIEQUAL(INT_ADD(INT_ZEXT(LEAF(00e427:1:byte)),LEAF(00e736:2:ushort)),INT_ADD(INT_ZEXT(LEAF(00e427:1:byte)),LEAF(00e736:2:ushort)))),CONST(0x8,4)),CONST(0x0,4)),LEAF(00e423:1:char)),LEAF(register:0008:2:ushort),PIECE(LEAF(register:0009:1:undefined1),LEAF(00e743:1:char))),CONST(0x8,2)),CONST(0xaf7a,2))))
003f62	FUN_003f62	00508a	LOAD	CAST(INT_ZEXT(MULTIEQUAL(COPY(CONST(0x32e,2)),INT_ADD(LEAF(register:0012:2:ushort),CONST(0x1,2)))))
003f62	FUN_003f62	00508a	STORE	CAST(INT_ZEXT(MULTIEQUAL(SUBPIECE(PTRSUB(CONST(0x0,3),CONST(0xe320,3)),CONST(0x0,4)),INT_ADD(LEAF(register:000e:2:ushort),CONST(0x1,2)))))
003f62	FUN_003f62	005146	LOAD	CAST(INT_ZEXT(MULTIEQUAL(COPY(INT_AND(PIECE(LEAF(00e425:1:byte),LEAF(00e426:1:undefined1)),CONST(0x3fff,2))),MULTIEQUAL(COPY(COPY(CONST(0x0,2))),COPY(INT_ADD(LEAF(register:0012:2:ushort),CONST(0x1,2)))))))
003f62	FUN_003f62	0051b0	STORE	CAST(INT_ZEXT(INT_ADD(SUBPIECE(PTRSUB(CONST(0x0,3),CONST(0xe428,3)),CONST(0x0,4)),INT_ZEXT(MULTIEQUAL(COPY(COPY(LEAF(00e427:1:byte))),LEAF(00e73a:1:byte),INDIRECT(INDIRECT(MULTIEQUAL(INDIRECT(INDIRECT(MULTIEQUAL(INDIRECT(LEAF(00e73a:1:byte),CONST(0x2eb1,4)),LEAF(00e73a:1:byte),LEAF(00e73a:1:byte)),CONST(0x1124,4)),CONST(0x1143,4)),LEAF(00e73a:1:byte)),CONST(0x11d9,4)),CONST(0x1329,4)),INDIRECT(INDIRECT(INDIRECT(LEAF(00e73a:1:byte),CONST(0x2d35,4)),CONST(0x2dbe,4)),CONST(0x2e47,4)))))))
003f62	FUN_003f62	00520a	LOAD	CAST(INT_ZEXT(MULTIEQUAL(COPY(CONST(0x230,2)),INT_ADD(LEAF(register:0012:2:ushort),CONST(0x1,2)))))
003f62	FUN_003f62	00520a	STORE	CAST(INT_ZEXT(MULTIEQUAL(SUBPIECE(PTRSUB(CONST(0x0,3),CONST(0xe320,3)),CONST(0x0,4)),INT_ADD(LEAF(register:000e:2:ushort),CONST(0x1,2)))))
003f62	FUN_003f62	00532a	LOAD	CAST(INT_ZEXT(INT_AND(INT_SUB(MULTIEQUAL(INDIRECT(MULTIEQUAL(MULTIEQUAL(LEAF(00a356:2:short),LEAF(00a356:2:short),INDIRECT(INDIRECT(MULTIEQUAL(INDIRECT(INDIRECT(MULTIEQUAL(INDIRECT(LEAF(00a356:2:short),CONST(0x2eb1,4)),LEAF(00a356:2:short),LEAF(00a356:2:short)),CONST(0x1124,4)),CONST(0x1143,4)),LEAF(00a356:2:short)),CONST(0x11d9,4)),CONST(0x1329,4)),INDIRECT(INDIRECT(INDIRECT(LEAF(00a356:2:short),CONST(0x2d35,4)),CONST(0x2dbe,4)),CONST(0x2e47,4))),INDIRECT(INDIRECT(INDIRECT(MULTIEQUAL(INDIRECT(MULTIEQUAL(INDIRECT(LEAF(00a356:2:short),CONST(0x2c01,4)),LEAF(00a356:2:short)),CONST(0x27b1,4)),LEAF(00a356:2:short)),CONST(0x2847,4)),CONST(0x293a,4)),CONST(0x2940,4)),LEAF(00a356:2:short),LEAF(00a356:2:short),LEAF(00a356:2:short)),CONST(0x199a,4)),INDIRECT(LEAF(00a356:2:short),CONST(0x2358,4)),INDIRECT(INDIRECT(LEAF(00a356:2:short),CONST(0x23f0,4)),CONST(0x246b,4)),INDIRECT(LEAF(00a356:2:short),CONST(0x2503,4)),LEAF(00a356:2:short),LEAF(00a356:2:short)),CONST(0x1,2)),CONST(0x3fff,2))))
003f62	FUN_003f62	00537a	LOAD	CAST(INT_ZEXT(INT_AND(MULTIEQUAL(INDIRECT(MULTIEQUAL(MULTIEQUAL(LEAF(00a37a:2:ushort),LEAF(00a37a:2:ushort),INDIRECT(INDIRECT(MULTIEQUAL(INDIRECT(INDIRECT(MULTIEQUAL(INDIRECT(LEAF(00a37a:2:ushort),CONST(0x2eb1,4)),LEAF(00a37a:2:ushort),LEAF(00a37a:2:ushort)),CONST(0x1124,4)),CONST(0x1143,4)),LEAF(00a37a:2:ushort)),CONST(0x11d9,4)),CONST(0x1329,4)),INDIRECT(INDIRECT(INDIRECT(LEAF(00a37a:2:ushort),CONST(0x2d35,4)),CONST(0x2dbe,4)),CONST(0x2e47,4))),INDIRECT(INDIRECT(INDIRECT(MULTIEQUAL(INDIRECT(MULTIEQUAL(INDIRECT(LEAF(00a37a:2:ushort),CONST(0x2c01,4)),LEAF(00a37a:2:ushort)),CONST(0x27b1,4)),LEAF(00a37a:2:ushort)),CONST(0x2847,4)),CONST(0x293a,4)),CONST(0x2940,4)),LEAF(00a37a:2:ushort),LEAF(00a37a:2:ushort),LEAF(00a37a:2:ushort)),CONST(0x199a,4)),INDIRECT(LEAF(00a37a:2:ushort),CONST(0x2358,4)),INDIRECT(INDIRECT(LEAF(00a37a:2:ushort),CONST(0x23f0,4)),CONST(0x246b,4)),INDIRECT(LEAF(00a37a:2:ushort),CONST(0x2503,4)),LEAF(00a37a:2:ushort),LEAF(00a37a:2:ushort)),CONST(0x3fff,2))))
003ff0	FUN_003ff0	00112c	LOAD	CAST(INT_ZEXT(INT_ADD(INT_RIGHT(MULTIEQUAL(PIECE(SUBPIECE(INT_RIGHT(MULTIEQUAL(MULTIEQUAL(COPY(INT_ADD(INT_ZEXT(LEAF(00e427:1:byte)),LEAF(00e736:2:ushort))),COPY(LEAF(00e736:2:ushort))),LEAF(unique:00022d00:2:ushort),INT_ADD(INT_ZEXT(LEAF(00e427:1:byte)),LEAF(00e736:2:ushort)),MULTIEQUAL(INT_ADD(INT_ZEXT(LEAF(00e427:1:byte)),LEAF(00e736:2:ushort)),INT_ADD(INT_ZEXT(LEAF(00e427:1:byte)),LEAF(00e736:2:ushort)))),CONST(0x8,4)),CONST(0x0,4)),LEAF(00e423:1:char)),LEAF(register:0008:2:ushort),PIECE(LEAF(register:0009:1:undefined1),LEAF(00e743:1:char))),CONST(0x8,2)),CONST(0xaf7a,2))))
003ff0	FUN_003ff0	00508a	LOAD	CAST(INT_ZEXT(MULTIEQUAL(COPY(CONST(0x32e,2)),INT_ADD(LEAF(register:0012:2:ushort),CONST(0x1,2)))))
003ff0	FUN_003ff0	00508a	STORE	CAST(INT_ZEXT(MULTIEQUAL(SUBPIECE(PTRSUB(CONST(0x0,3),CONST(0xe320,3)),CONST(0x0,4)),INT_ADD(LEAF(register:000e:2:ushort),CONST(0x1,2)))))
003ff0	FUN_003ff0	005146	LOAD	CAST(INT_ZEXT(MULTIEQUAL(COPY(INT_AND(PIECE(LEAF(00e425:1:byte),LEAF(00e426:1:undefined1)),CONST(0x3fff,2))),MULTIEQUAL(COPY(COPY(CONST(0x0,2))),COPY(INT_ADD(LEAF(register:0012:2:ushort),CONST(0x1,2)))))))
003ff0	FUN_003ff0	0051b0	STORE	CAST(INT_ZEXT(INT_ADD(SUBPIECE(PTRSUB(CONST(0x0,3),CONST(0xe428,3)),CONST(0x0,4)),INT_ZEXT(MULTIEQUAL(COPY(COPY(LEAF(00e427:1:byte))),LEAF(00e73a:1:byte),INDIRECT(INDIRECT(MULTIEQUAL(INDIRECT(INDIRECT(MULTIEQUAL(INDIRECT(LEAF(00e73a:1:byte),CONST(0x265f,4)),LEAF(00e73a:1:byte),LEAF(00e73a:1:byte)),CONST(0x8d2,4)),CONST(0x8f1,4)),LEAF(00e73a:1:byte)),CONST(0x987,4)),CONST(0xad7,4)),INDIRECT(INDIRECT(INDIRECT(LEAF(00e73a:1:byte),CONST(0x24e3,4)),CONST(0x256c,4)),CONST(0x25f5,4)))))))
003ff0	FUN_003ff0	00520a	LOAD	CAST(INT_ZEXT(MULTIEQUAL(COPY(CONST(0x230,2)),INT_ADD(LEAF(register:0012:2:ushort),CONST(0x1,2)))))
003ff0	FUN_003ff0	00520a	STORE	CAST(INT_ZEXT(MULTIEQUAL(SUBPIECE(PTRSUB(CONST(0x0,3),CONST(0xe320,3)),CONST(0x0,4)),INT_ADD(LEAF(register:000e:2:ushort),CONST(0x1,2)))))
003ff0	FUN_003ff0	00532a	LOAD	CAST(INT_ZEXT(INT_AND(INT_SUB(MULTIEQUAL(INDIRECT(MULTIEQUAL(MULTIEQUAL(LEAF(00a356:2:short),LEAF(00a356:2:short),INDIRECT(INDIRECT(MULTIEQUAL(INDIRECT(INDIRECT(MULTIEQUAL(INDIRECT(LEAF(00a356:2:short),CONST(0x265f,4)),LEAF(00a356:2:short),LEAF(00a356:2:short)),CONST(0x8d2,4)),CONST(0x8f1,4)),LEAF(00a356:2:short)),CONST(0x987,4)),CONST(0xad7,4)),INDIRECT(INDIRECT(INDIRECT(LEAF(00a356:2:short),CONST(0x24e3,4)),CONST(0x256c,4)),CONST(0x25f5,4))),INDIRECT(INDIRECT(INDIRECT(MULTIEQUAL(INDIRECT(MULTIEQUAL(INDIRECT(LEAF(00a356:2:short),CONST(0x23af,4)),LEAF(00a356:2:short)),CONST(0x1f5f,4)),LEAF(00a356:2:short)),CONST(0x1ff5,4)),CONST(0x20e8,4)),CONST(0x20ee,4)),LEAF(00a356:2:short),LEAF(00a356:2:short),LEAF(00a356:2:short)),CONST(0x1148,4)),INDIRECT(LEAF(00a356:2:short),CONST(0x1b06,4)),INDIRECT(INDIRECT(LEAF(00a356:2:short),CONST(0x1b9e,4)),CONST(0x1c19,4)),INDIRECT(LEAF(00a356:2:short),CONST(0x1cb1,4)),LEAF(00a356:2:short),LEAF(00a356:2:short)),CONST(0x1,2)),CONST(0x3fff,2))))
003ff0	FUN_003ff0	00537a	LOAD	CAST(INT_ZEXT(INT_AND(MULTIEQUAL(INDIRECT(MULTIEQUAL(MULTIEQUAL(LEAF(00a37a:2:ushort),LEAF(00a37a:2:ushort),INDIRECT(INDIRECT(MULTIEQUAL(INDIRECT(INDIRECT(MULTIEQUAL(INDIRECT(LEAF(00a37a:2:ushort),CONST(0x265f,4)),LEAF(00a37a:2:ushort),LEAF(00a37a:2:ushort)),CONST(0x8d2,4)),CONST(0x8f1,4)),LEAF(00a37a:2:ushort)),CONST(0x987,4)),CONST(0xad7,4)),INDIRECT(INDIRECT(INDIRECT(LEAF(00a37a:2:ushort),CONST(0x24e3,4)),CONST(0x256c,4)),CONST(0x25f5,4))),INDIRECT(INDIRECT(INDIRECT(MULTIEQUAL(INDIRECT(MULTIEQUAL(INDIRECT(LEAF(00a37a:2:ushort),CONST(0x23af,4)),LEAF(00a37a:2:ushort)),CONST(0x1f5f,4)),LEAF(00a37a:2:ushort)),CONST(0x1ff5,4)),CONST(0x20e8,4)),CONST(0x20ee,4)),LEAF(00a37a:2:ushort),LEAF(00a37a:2:ushort),LEAF(00a37a:2:ushort)),CONST(0x1148,4)),INDIRECT(LEAF(00a37a:2:ushort),CONST(0x1b06,4)),INDIRECT(INDIRECT(LEAF(00a37a:2:ushort),CONST(0x1b9e,4)),CONST(0x1c19,4)),INDIRECT(LEAF(00a37a:2:ushort),CONST(0x1cb1,4)),LEAF(00a37a:2:ushort),LEAF(00a37a:2:ushort)),CONST(0x3fff,2))))
004000	flash_driver_src	00112c	LOAD	CAST(INT_ZEXT(INT_ADD(INT_RIGHT(MULTIEQUAL(PIECE(SUBPIECE(INT_RIGHT(MULTIEQUAL(MULTIEQUAL(COPY(INT_ADD(INT_ZEXT(LEAF(00e427:1:byte)),LEAF(00e736:2:ushort))),COPY(LEAF(00e736:2:ushort))),LEAF(unique:00022d00:2:ushort),INT_ADD(INT_ZEXT(LEAF(00e427:1:byte)),LEAF(00e736:2:ushort)),MULTIEQUAL(INT_ADD(INT_ZEXT(LEAF(00e427:1:byte)),LEAF(00e736:2:ushort)),INT_ADD(INT_ZEXT(LEAF(00e427:1:byte)),LEAF(00e736:2:ushort)))),CONST(0x8,4)),CONST(0x0,4)),LEAF(00e423:1:char)),LEAF(register:0008:2:ushort),PIECE(LEAF(register:0009:1:undefined1),LEAF(00e743:1:char))),CONST(0x8,2)),CONST(0xaf7a,2))))
004000	flash_driver_src	00508a	LOAD	CAST(INT_ZEXT(MULTIEQUAL(COPY(CONST(0x32e,2)),INT_ADD(LEAF(register:0012:2:ushort),CONST(0x1,2)))))
004000	flash_driver_src	00508a	STORE	CAST(INT_ZEXT(MULTIEQUAL(SUBPIECE(PTRSUB(CONST(0x0,3),CONST(0xe320,3)),CONST(0x0,4)),INT_ADD(LEAF(register:000e:2:ushort),CONST(0x1,2)))))
004000	flash_driver_src	005146	LOAD	CAST(INT_ZEXT(MULTIEQUAL(COPY(INT_AND(PIECE(LEAF(00e425:1:byte),LEAF(00e426:1:undefined1)),CONST(0x3fff,2))),MULTIEQUAL(COPY(COPY(CONST(0x0,2))),COPY(INT_ADD(LEAF(register:0012:2:ushort),CONST(0x1,2)))))))
004000	flash_driver_src	0051b0	STORE	CAST(INT_ZEXT(INT_ADD(SUBPIECE(PTRSUB(CONST(0x0,3),CONST(0xe428,3)),CONST(0x0,4)),INT_ZEXT(MULTIEQUAL(COPY(COPY(LEAF(00e427:1:byte))),LEAF(00e73a:1:byte),INDIRECT(INDIRECT(MULTIEQUAL(INDIRECT(INDIRECT(MULTIEQUAL(INDIRECT(LEAF(00e73a:1:byte),CONST(0x256f,4)),LEAF(00e73a:1:byte),LEAF(00e73a:1:byte)),CONST(0x7e2,4)),CONST(0x801,4)),LEAF(00e73a:1:byte)),CONST(0x897,4)),CONST(0x9e7,4)),INDIRECT(INDIRECT(INDIRECT(LEAF(00e73a:1:byte),CONST(0x23f3,4)),CONST(0x247c,4)),CONST(0x2505,4)))))))
004000	flash_driver_src	00520a	LOAD	CAST(INT_ZEXT(MULTIEQUAL(COPY(CONST(0x230,2)),INT_ADD(LEAF(register:0012:2:ushort),CONST(0x1,2)))))
004000	flash_driver_src	00520a	STORE	CAST(INT_ZEXT(MULTIEQUAL(SUBPIECE(PTRSUB(CONST(0x0,3),CONST(0xe320,3)),CONST(0x0,4)),INT_ADD(LEAF(register:000e:2:ushort),CONST(0x1,2)))))
004000	flash_driver_src	00532a	LOAD	CAST(INT_ZEXT(INT_AND(INT_SUB(MULTIEQUAL(INDIRECT(MULTIEQUAL(MULTIEQUAL(LEAF(00a356:2:short),LEAF(00a356:2:short),INDIRECT(INDIRECT(MULTIEQUAL(INDIRECT(INDIRECT(MULTIEQUAL(INDIRECT(LEAF(00a356:2:short),CONST(0x256f,4)),LEAF(00a356:2:short),LEAF(00a356:2:short)),CONST(0x7e2,4)),CONST(0x801,4)),LEAF(00a356:2:short)),CONST(0x897,4)),CONST(0x9e7,4)),INDIRECT(INDIRECT(INDIRECT(LEAF(00a356:2:short),CONST(0x23f3,4)),CONST(0x247c,4)),CONST(0x2505,4))),INDIRECT(INDIRECT(INDIRECT(MULTIEQUAL(INDIRECT(MULTIEQUAL(INDIRECT(LEAF(00a356:2:short),CONST(0x22bf,4)),LEAF(00a356:2:short)),CONST(0x1e6f,4)),LEAF(00a356:2:short)),CONST(0x1f05,4)),CONST(0x1ff8,4)),CONST(0x1ffe,4)),LEAF(00a356:2:short),LEAF(00a356:2:short),LEAF(00a356:2:short)),CONST(0x1058,4)),INDIRECT(LEAF(00a356:2:short),CONST(0x1a16,4)),INDIRECT(INDIRECT(LEAF(00a356:2:short),CONST(0x1aae,4)),CONST(0x1b29,4)),INDIRECT(LEAF(00a356:2:short),CONST(0x1bc1,4)),LEAF(00a356:2:short),LEAF(00a356:2:short)),CONST(0x1,2)),CONST(0x3fff,2))))
004000	flash_driver_src	00537a	LOAD	CAST(INT_ZEXT(INT_AND(MULTIEQUAL(INDIRECT(MULTIEQUAL(MULTIEQUAL(LEAF(00a37a:2:ushort),LEAF(00a37a:2:ushort),INDIRECT(INDIRECT(MULTIEQUAL(INDIRECT(INDIRECT(MULTIEQUAL(INDIRECT(LEAF(00a37a:2:ushort),CONST(0x256f,4)),LEAF(00a37a:2:ushort),LEAF(00a37a:2:ushort)),CONST(0x7e2,4)),CONST(0x801,4)),LEAF(00a37a:2:ushort)),CONST(0x897,4)),CONST(0x9e7,4)),INDIRECT(INDIRECT(INDIRECT(LEAF(00a37a:2:ushort),CONST(0x23f3,4)),CONST(0x247c,4)),CONST(0x2505,4))),INDIRECT(INDIRECT(INDIRECT(MULTIEQUAL(INDIRECT(MULTIEQUAL(INDIRECT(LEAF(00a37a:2:ushort),CONST(0x22bf,4)),LEAF(00a37a:2:ushort)),CONST(0x1e6f,4)),LEAF(00a37a:2:ushort)),CONST(0x1f05,4)),CONST(0x1ff8,4)),CONST(0x1ffe,4)),LEAF(00a37a:2:ushort),LEAF(00a37a:2:ushort),LEAF(00a37a:2:ushort)),CONST(0x1058,4)),INDIRECT(LEAF(00a37a:2:ushort),CONST(0x1a16,4)),INDIRECT(INDIRECT(LEAF(00a37a:2:ushort),CONST(0x1aae,4)),CONST(0x1b29,4)),INDIRECT(LEAF(00a37a:2:ushort),CONST(0x1bc1,4)),LEAF(00a37a:2:ushort),LEAF(00a37a:2:ushort)),CONST(0x3fff,2))))
004044	thunk_FUN_002144	00112c	LOAD	CAST(INT_ZEXT(INT_ADD(INT_RIGHT(MULTIEQUAL(PIECE(SUBPIECE(INT_RIGHT(MULTIEQUAL(MULTIEQUAL(COPY(INT_ADD(INT_ZEXT(LEAF(00e427:1:byte)),LEAF(00e736:2:ushort))),COPY(LEAF(00e736:2:ushort))),LEAF(unique:00022d00:2:ushort),INT_ADD(INT_ZEXT(LEAF(00e427:1:byte)),LEAF(00e736:2:ushort)),MULTIEQUAL(INT_ADD(INT_ZEXT(LEAF(00e427:1:byte)),LEAF(00e736:2:ushort)),INT_ADD(INT_ZEXT(LEAF(00e427:1:byte)),LEAF(00e736:2:ushort)))),CONST(0x8,4)),CONST(0x0,4)),LEAF(00e423:1:char)),LEAF(register:0008:2:ushort),PIECE(LEAF(register:0009:1:undefined1),LEAF(00e743:1:char))),CONST(0x8,2)),CONST(0xaf7a,2))))
004044	thunk_FUN_002144	00508a	LOAD	CAST(INT_ZEXT(MULTIEQUAL(COPY(CONST(0x32e,2)),INT_ADD(LEAF(register:0012:2:ushort),CONST(0x1,2)))))
004044	thunk_FUN_002144	00508a	STORE	CAST(INT_ZEXT(MULTIEQUAL(SUBPIECE(PTRSUB(CONST(0x0,3),CONST(0xe320,3)),CONST(0x0,4)),INT_ADD(LEAF(register:000e:2:ushort),CONST(0x1,2)))))
004044	thunk_FUN_002144	005146	LOAD	CAST(INT_ZEXT(MULTIEQUAL(COPY(INT_AND(PIECE(LEAF(00e425:1:byte),LEAF(00e426:1:undefined1)),CONST(0x3fff,2))),MULTIEQUAL(COPY(COPY(CONST(0x0,2))),COPY(INT_ADD(LEAF(register:0012:2:ushort),CONST(0x1,2)))))))
004044	thunk_FUN_002144	0051b0	STORE	CAST(INT_ZEXT(INT_ADD(SUBPIECE(PTRSUB(CONST(0x0,3),CONST(0xe428,3)),CONST(0x0,4)),INT_ZEXT(MULTIEQUAL(COPY(COPY(LEAF(00e427:1:byte))),LEAF(00e73a:1:byte),INDIRECT(INDIRECT(MULTIEQUAL(INDIRECT(INDIRECT(MULTIEQUAL(INDIRECT(LEAF(00e73a:1:byte),CONST(0x1f277,4)),LEAF(00e73a:1:byte),LEAF(00e73a:1:byte)),CONST(0x1d4ea,4)),CONST(0x1d509,4)),LEAF(00e73a:1:byte)),CONST(0x1d59f,4)),CONST(0x1d6ef,4)),INDIRECT(INDIRECT(INDIRECT(LEAF(00e73a:1:byte),CONST(0x1f0fb,4)),CONST(0x1f184,4)),CONST(0x1f20d,4)))))))
004044	thunk_FUN_002144	00520a	LOAD	CAST(INT_ZEXT(MULTIEQUAL(COPY(CONST(0x230,2)),INT_ADD(LEAF(register:0012:2:ushort),CONST(0x1,2)))))
004044	thunk_FUN_002144	00520a	STORE	CAST(INT_ZEXT(MULTIEQUAL(SUBPIECE(PTRSUB(CONST(0x0,3),CONST(0xe320,3)),CONST(0x0,4)),INT_ADD(LEAF(register:000e:2:ushort),CONST(0x1,2)))))
004044	thunk_FUN_002144	00532a	LOAD	CAST(INT_ZEXT(INT_AND(INT_SUB(MULTIEQUAL(INDIRECT(MULTIEQUAL(MULTIEQUAL(LEAF(00a356:2:short),LEAF(00a356:2:short),INDIRECT(INDIRECT(MULTIEQUAL(INDIRECT(INDIRECT(MULTIEQUAL(INDIRECT(LEAF(00a356:2:short),CONST(0x1f277,4)),LEAF(00a356:2:short),LEAF(00a356:2:short)),CONST(0x1d4ea,4)),CONST(0x1d509,4)),LEAF(00a356:2:short)),CONST(0x1d59f,4)),CONST(0x1d6ef,4)),INDIRECT(INDIRECT(INDIRECT(LEAF(00a356:2:short),CONST(0x1f0fb,4)),CONST(0x1f184,4)),CONST(0x1f20d,4))),INDIRECT(INDIRECT(INDIRECT(MULTIEQUAL(INDIRECT(MULTIEQUAL(INDIRECT(LEAF(00a356:2:short),CONST(0x1efc7,4)),LEAF(00a356:2:short)),CONST(0x1eb77,4)),LEAF(00a356:2:short)),CONST(0x1ec0d,4)),CONST(0x1ed00,4)),CONST(0x1ed06,4)),LEAF(00a356:2:short),LEAF(00a356:2:short),LEAF(00a356:2:short)),CONST(0x1dd60,4)),INDIRECT(LEAF(00a356:2:short),CONST(0x1e71e,4)),INDIRECT(INDIRECT(LEAF(00a356:2:short),CONST(0x1e7b6,4)),CONST(0x1e831,4)),INDIRECT(LEAF(00a356:2:short),CONST(0x1e8c9,4)),LEAF(00a356:2:short),LEAF(00a356:2:short)),CONST(0x1,2)),CONST(0x3fff,2))))
004044	thunk_FUN_002144	00537a	LOAD	CAST(INT_ZEXT(INT_AND(MULTIEQUAL(INDIRECT(MULTIEQUAL(MULTIEQUAL(LEAF(00a37a:2:ushort),LEAF(00a37a:2:ushort),INDIRECT(INDIRECT(MULTIEQUAL(INDIRECT(INDIRECT(MULTIEQUAL(INDIRECT(LEAF(00a37a:2:ushort),CONST(0x1f277,4)),LEAF(00a37a:2:ushort),LEAF(00a37a:2:ushort)),CONST(0x1d4ea,4)),CONST(0x1d509,4)),LEAF(00a37a:2:ushort)),CONST(0x1d59f,4)),CONST(0x1d6ef,4)),INDIRECT(INDIRECT(INDIRECT(LEAF(00a37a:2:ushort),CONST(0x1f0fb,4)),CONST(0x1f184,4)),CONST(0x1f20d,4))),INDIRECT(INDIRECT(INDIRECT(MULTIEQUAL(INDIRECT(MULTIEQUAL(INDIRECT(LEAF(00a37a:2:ushort),CONST(0x1efc7,4)),LEAF(00a37a:2:ushort)),CONST(0x1eb77,4)),LEAF(00a37a:2:ushort)),CONST(0x1ec0d,4)),CONST(0x1ed00,4)),CONST(0x1ed06,4)),LEAF(00a37a:2:ushort),LEAF(00a37a:2:ushort),LEAF(00a37a:2:ushort)),CONST(0x1dd60,4)),INDIRECT(LEAF(00a37a:2:ushort),CONST(0x1e71e,4)),INDIRECT(INDIRECT(LEAF(00a37a:2:ushort),CONST(0x1e7b6,4)),CONST(0x1e831,4)),INDIRECT(LEAF(00a37a:2:ushort),CONST(0x1e8c9,4)),LEAF(00a37a:2:ushort),LEAF(00a37a:2:ushort)),CONST(0x3fff,2))))
004054	thunk_FUN_002154	00112c	LOAD	CAST(INT_ZEXT(INT_ADD(INT_RIGHT(MULTIEQUAL(PIECE(SUBPIECE(INT_RIGHT(MULTIEQUAL(MULTIEQUAL(COPY(INT_ADD(INT_ZEXT(LEAF(00e427:1:byte)),LEAF(00e736:2:ushort))),COPY(LEAF(00e736:2:ushort))),LEAF(unique:00022d00:2:ushort),INT_ADD(INT_ZEXT(LEAF(00e427:1:byte)),LEAF(00e736:2:ushort)),MULTIEQUAL(INT_ADD(INT_ZEXT(LEAF(00e427:1:byte)),LEAF(00e736:2:ushort)),INT_ADD(INT_ZEXT(LEAF(00e427:1:byte)),LEAF(00e736:2:ushort)))),CONST(0x8,4)),CONST(0x0,4)),LEAF(00e423:1:char)),LEAF(register:0008:2:ushort),PIECE(LEAF(register:0009:1:undefined1),LEAF(00e743:1:char))),CONST(0x8,2)),CONST(0xaf7a,2))))
004054	thunk_FUN_002154	00508a	LOAD	CAST(INT_ZEXT(MULTIEQUAL(COPY(CONST(0x32e,2)),INT_ADD(LEAF(register:0012:2:ushort),CONST(0x1,2)))))
004054	thunk_FUN_002154	00508a	STORE	CAST(INT_ZEXT(MULTIEQUAL(SUBPIECE(PTRSUB(CONST(0x0,3),CONST(0xe320,3)),CONST(0x0,4)),INT_ADD(LEAF(register:000e:2:ushort),CONST(0x1,2)))))
004054	thunk_FUN_002154	005146	LOAD	CAST(INT_ZEXT(MULTIEQUAL(COPY(INT_AND(PIECE(LEAF(00e425:1:byte),LEAF(00e426:1:undefined1)),CONST(0x3fff,2))),MULTIEQUAL(COPY(COPY(CONST(0x0,2))),COPY(INT_ADD(LEAF(register:0012:2:ushort),CONST(0x1,2)))))))
004054	thunk_FUN_002154	0051b0	STORE	CAST(INT_ZEXT(INT_ADD(SUBPIECE(PTRSUB(CONST(0x0,3),CONST(0xe428,3)),CONST(0x0,4)),INT_ZEXT(MULTIEQUAL(COPY(COPY(LEAF(00e427:1:byte))),LEAF(00e73a:1:byte),INDIRECT(INDIRECT(MULTIEQUAL(INDIRECT(INDIRECT(MULTIEQUAL(INDIRECT(LEAF(00e73a:1:byte),CONST(0x1f187,4)),LEAF(00e73a:1:byte),LEAF(00e73a:1:byte)),CONST(0x1d3fa,4)),CONST(0x1d419,4)),LEAF(00e73a:1:byte)),CONST(0x1d4af,4)),CONST(0x1d5ff,4)),INDIRECT(INDIRECT(INDIRECT(LEAF(00e73a:1:byte),CONST(0x1f00b,4)),CONST(0x1f094,4)),CONST(0x1f11d,4)))))))
004054	thunk_FUN_002154	00520a	LOAD	CAST(INT_ZEXT(MULTIEQUAL(COPY(CONST(0x230,2)),INT_ADD(LEAF(register:0012:2:ushort),CONST(0x1,2)))))
004054	thunk_FUN_002154	00520a	STORE	CAST(INT_ZEXT(MULTIEQUAL(SUBPIECE(PTRSUB(CONST(0x0,3),CONST(0xe320,3)),CONST(0x0,4)),INT_ADD(LEAF(register:000e:2:ushort),CONST(0x1,2)))))
004054	thunk_FUN_002154	00532a	LOAD	CAST(INT_ZEXT(INT_AND(INT_SUB(MULTIEQUAL(INDIRECT(MULTIEQUAL(MULTIEQUAL(LEAF(00a356:2:short),LEAF(00a356:2:short),INDIRECT(INDIRECT(MULTIEQUAL(INDIRECT(INDIRECT(MULTIEQUAL(INDIRECT(LEAF(00a356:2:short),CONST(0x1f187,4)),LEAF(00a356:2:short),LEAF(00a356:2:short)),CONST(0x1d3fa,4)),CONST(0x1d419,4)),LEAF(00a356:2:short)),CONST(0x1d4af,4)),CONST(0x1d5ff,4)),INDIRECT(INDIRECT(INDIRECT(LEAF(00a356:2:short),CONST(0x1f00b,4)),CONST(0x1f094,4)),CONST(0x1f11d,4))),INDIRECT(INDIRECT(INDIRECT(MULTIEQUAL(INDIRECT(MULTIEQUAL(INDIRECT(LEAF(00a356:2:short),CONST(0x1eed7,4)),LEAF(00a356:2:short)),CONST(0x1ea87,4)),LEAF(00a356:2:short)),CONST(0x1eb1d,4)),CONST(0x1ec10,4)),CONST(0x1ec16,4)),LEAF(00a356:2:short),LEAF(00a356:2:short),LEAF(00a356:2:short)),CONST(0x1dc70,4)),INDIRECT(LEAF(00a356:2:short),CONST(0x1e62e,4)),INDIRECT(INDIRECT(LEAF(00a356:2:short),CONST(0x1e6c6,4)),CONST(0x1e741,4)),INDIRECT(LEAF(00a356:2:short),CONST(0x1e7d9,4)),LEAF(00a356:2:short),LEAF(00a356:2:short)),CONST(0x1,2)),CONST(0x3fff,2))))
004054	thunk_FUN_002154	00537a	LOAD	CAST(INT_ZEXT(INT_AND(MULTIEQUAL(INDIRECT(MULTIEQUAL(MULTIEQUAL(LEAF(00a37a:2:ushort),LEAF(00a37a:2:ushort),INDIRECT(INDIRECT(MULTIEQUAL(INDIRECT(INDIRECT(MULTIEQUAL(INDIRECT(LEAF(00a37a:2:ushort),CONST(0x1f187,4)),LEAF(00a37a:2:ushort),LEAF(00a37a:2:ushort)),CONST(0x1d3fa,4)),CONST(0x1d419,4)),LEAF(00a37a:2:ushort)),CONST(0x1d4af,4)),CONST(0x1d5ff,4)),INDIRECT(INDIRECT(INDIRECT(LEAF(00a37a:2:ushort),CONST(0x1f00b,4)),CONST(0x1f094,4)),CONST(0x1f11d,4))),INDIRECT(INDIRECT(INDIRECT(MULTIEQUAL(INDIRECT(MULTIEQUAL(INDIRECT(LEAF(00a37a:2:ushort),CONST(0x1eed7,4)),LEAF(00a37a:2:ushort)),CONST(0x1ea87,4)),LEAF(00a37a:2:ushort)),CONST(0x1eb1d,4)),CONST(0x1ec10,4)),CONST(0x1ec16,4)),LEAF(00a37a:2:ushort),LEAF(00a37a:2:ushort),LEAF(00a37a:2:ushort)),CONST(0x1dc70,4)),INDIRECT(LEAF(00a37a:2:ushort),CONST(0x1e62e,4)),INDIRECT(INDIRECT(LEAF(00a37a:2:ushort),CONST(0x1e6c6,4)),CONST(0x1e741,4)),INDIRECT(LEAF(00a37a:2:ushort),CONST(0x1e7d9,4)),LEAF(00a37a:2:ushort),LEAF(00a37a:2:ushort)),CONST(0x3fff,2))))
0040ee	FUN_0040ee	00112c	LOAD	CAST(INT_ZEXT(INT_ADD(INT_RIGHT(MULTIEQUAL(PIECE(SUBPIECE(INT_RIGHT(MULTIEQUAL(MULTIEQUAL(COPY(INT_ADD(INT_ZEXT(LEAF(00e427:1:byte)),LEAF(00e736:2:ushort))),COPY(LEAF(00e736:2:ushort))),LEAF(unique:00022d00:2:ushort),INT_ADD(INT_ZEXT(LEAF(00e427:1:byte)),LEAF(00e736:2:ushort)),MULTIEQUAL(INT_ADD(INT_ZEXT(LEAF(00e427:1:byte)),LEAF(00e736:2:ushort)),INT_ADD(INT_ZEXT(LEAF(00e427:1:byte)),LEAF(00e736:2:ushort)))),CONST(0x8,4)),CONST(0x0,4)),LEAF(00e423:1:char)),LEAF(register:0008:2:ushort),PIECE(LEAF(register:0009:1:undefined1),LEAF(00e743:1:char))),CONST(0x8,2)),CONST(0xaf7a,2))))
0040ee	FUN_0040ee	00508a	LOAD	CAST(INT_ZEXT(MULTIEQUAL(COPY(CONST(0x32e,2)),INT_ADD(LEAF(register:0012:2:ushort),CONST(0x1,2)))))
0040ee	FUN_0040ee	00508a	STORE	CAST(INT_ZEXT(MULTIEQUAL(SUBPIECE(PTRSUB(CONST(0x0,3),CONST(0xe320,3)),CONST(0x0,4)),INT_ADD(LEAF(register:000e:2:ushort),CONST(0x1,2)))))
0040ee	FUN_0040ee	005146	LOAD	CAST(INT_ZEXT(MULTIEQUAL(COPY(INT_AND(PIECE(LEAF(00e425:1:byte),LEAF(00e426:1:undefined1)),CONST(0x3fff,2))),MULTIEQUAL(COPY(COPY(CONST(0x0,2))),COPY(INT_ADD(LEAF(register:0012:2:ushort),CONST(0x1,2)))))))
0040ee	FUN_0040ee	0051b0	STORE	CAST(INT_ZEXT(INT_ADD(SUBPIECE(PTRSUB(CONST(0x0,3),CONST(0xe428,3)),CONST(0x0,4)),INT_ZEXT(MULTIEQUAL(COPY(COPY(LEAF(00e427:1:byte))),LEAF(00e73a:1:byte),INDIRECT(INDIRECT(MULTIEQUAL(INDIRECT(INDIRECT(MULTIEQUAL(INDIRECT(LEAF(00e73a:1:byte),CONST(0x1e872,4)),LEAF(00e73a:1:byte),LEAF(00e73a:1:byte)),CONST(0x1cae5,4)),CONST(0x1cb04,4)),LEAF(00e73a:1:byte)),CONST(0x1cb9a,4)),CONST(0x1ccea,4)),INDIRECT(INDIRECT(INDIRECT(LEAF(00e73a:1:byte),CONST(0x1e6f6,4)),CONST(0x1e77f,4)),CONST(0x1e808,4)))))))
0040ee	FUN_0040ee	00520a	LOAD	CAST(INT_ZEXT(MULTIEQUAL(COPY(CONST(0x230,2)),INT_ADD(LEAF(register:0012:2:ushort),CONST(0x1,2)))))
0040ee	FUN_0040ee	00520a	STORE	CAST(INT_ZEXT(MULTIEQUAL(SUBPIECE(PTRSUB(CONST(0x0,3),CONST(0xe320,3)),CONST(0x0,4)),INT_ADD(LEAF(register:000e:2:ushort),CONST(0x1,2)))))
0040ee	FUN_0040ee	00532a	LOAD	CAST(INT_ZEXT(INT_AND(INT_SUB(MULTIEQUAL(INDIRECT(MULTIEQUAL(MULTIEQUAL(LEAF(00a356:2:short),LEAF(00a356:2:short),INDIRECT(INDIRECT(MULTIEQUAL(INDIRECT(INDIRECT(MULTIEQUAL(INDIRECT(LEAF(00a356:2:short),CONST(0x1e872,4)),LEAF(00a356:2:short),LEAF(00a356:2:short)),CONST(0x1cae5,4)),CONST(0x1cb04,4)),LEAF(00a356:2:short)),CONST(0x1cb9a,4)),CONST(0x1ccea,4)),INDIRECT(INDIRECT(INDIRECT(LEAF(00a356:2:short),CONST(0x1e6f6,4)),CONST(0x1e77f,4)),CONST(0x1e808,4))),INDIRECT(INDIRECT(INDIRECT(MULTIEQUAL(INDIRECT(MULTIEQUAL(INDIRECT(LEAF(00a356:2:short),CONST(0x1e5c2,4)),LEAF(00a356:2:short)),CONST(0x1e172,4)),LEAF(00a356:2:short)),CONST(0x1e208,4)),CONST(0x1e2fb,4)),CONST(0x1e301,4)),LEAF(00a356:2:short),LEAF(00a356:2:short),LEAF(00a356:2:short)),CONST(0x1d35b,4)),INDIRECT(LEAF(00a356:2:short),CONST(0x1dd19,4)),INDIRECT(INDIRECT(LEAF(00a356:2:short),CONST(0x1ddb1,4)),CONST(0x1de2c,4)),INDIRECT(LEAF(00a356:2:short),CONST(0x1dec4,4)),LEAF(00a356:2:short),LEAF(00a356:2:short)),CONST(0x1,2)),CONST(0x3fff,2))))
0040ee	FUN_0040ee	00537a	LOAD	CAST(INT_ZEXT(INT_AND(MULTIEQUAL(INDIRECT(MULTIEQUAL(MULTIEQUAL(LEAF(00a37a:2:ushort),LEAF(00a37a:2:ushort),INDIRECT(INDIRECT(MULTIEQUAL(INDIRECT(INDIRECT(MULTIEQUAL(INDIRECT(LEAF(00a37a:2:ushort),CONST(0x1e872,4)),LEAF(00a37a:2:ushort),LEAF(00a37a:2:ushort)),CONST(0x1cae5,4)),CONST(0x1cb04,4)),LEAF(00a37a:2:ushort)),CONST(0x1cb9a,4)),CONST(0x1ccea,4)),INDIRECT(INDIRECT(INDIRECT(LEAF(00a37a:2:ushort),CONST(0x1e6f6,4)),CONST(0x1e77f,4)),CONST(0x1e808,4))),INDIRECT(INDIRECT(INDIRECT(MULTIEQUAL(INDIRECT(MULTIEQUAL(INDIRECT(LEAF(00a37a:2:ushort),CONST(0x1e5c2,4)),LEAF(00a37a:2:ushort)),CONST(0x1e172,4)),LEAF(00a37a:2:ushort)),CONST(0x1e208,4)),CONST(0x1e2fb,4)),CONST(0x1e301,4)),LEAF(00a37a:2:ushort),LEAF(00a37a:2:ushort),LEAF(00a37a:2:ushort)),CONST(0x1d35b,4)),INDIRECT(LEAF(00a37a:2:ushort),CONST(0x1dd19,4)),INDIRECT(INDIRECT(LEAF(00a37a:2:ushort),CONST(0x1ddb1,4)),CONST(0x1de2c,4)),INDIRECT(LEAF(00a37a:2:ushort),CONST(0x1dec4,4)),LEAF(00a37a:2:ushort),LEAF(00a37a:2:ushort)),CONST(0x3fff,2))))
0044e6	FUN_0044e6	0044e8	LOAD	CAST(INT_ZEXT(MULTIEQUAL(COPY(CAST(LEAF(register:0000:2:void *))),PTRADD(LEAF(register:0004:2:undefined1 *),LEAF(register:000a:2:short),CONST(0x1,2)))))
0044e6	FUN_0044e6	0044ec	STORE	CAST(INT_ZEXT(MULTIEQUAL(COPY(CAST(LEAF(register:0000:2:void *))),PTRADD(LEAF(register:0004:2:undefined1 *),LEAF(register:000a:2:short),CONST(0x1,2)))))
0044e6	FUN_0044e6	0044f6	LOAD	CAST(INT_ZEXT(MULTIEQUAL(COPY(CAST(LEAF(register:0000:2:void *))),PTRADD(LEAF(register:0004:2:undefined1 *),LEAF(register:000a:2:short),CONST(0x1,2)))))
0044e6	FUN_0044e6	0044fa	STORE	CAST(INT_ZEXT(MULTIEQUAL(COPY(CAST(LEAF(register:0000:2:void *))),PTRADD(LEAF(register:0004:2:undefined1 *),LEAF(register:000a:2:short),CONST(0x1,2)))))
0044e6	FUN_0044e6	0044fc	LOAD	CAST(INT_ZEXT(MULTIEQUAL(COPY(CAST(LEAF(register:0000:2:void *))),PTRADD(LEAF(register:0004:2:undefined1 *),LEAF(register:000a:2:short),CONST(0x1,2)))))
0044e6	FUN_0044e6	00450c	LOAD	CAST(INT_ZEXT(MULTIEQUAL(COPY(CAST(LEAF(register:0000:2:void *))),PTRADD(LEAF(register:0004:2:undefined1 *),LEAF(register:000a:2:short),CONST(0x1,2)))))
0044e6	FUN_0044e6	004510	STORE	CAST(INT_ZEXT(MULTIEQUAL(COPY(CAST(LEAF(register:0000:2:void *))),PTRADD(LEAF(register:0004:2:undefined1 *),LEAF(register:000a:2:short),CONST(0x1,2)))))
0044e6	FUN_0044e6	004512	LOAD	CAST(INT_ZEXT(MULTIEQUAL(COPY(CAST(LEAF(register:0000:2:void *))),PTRADD(LEAF(register:0004:2:undefined1 *),LEAF(register:000a:2:short),CONST(0x1,2)))))
0044e6	FUN_0044e6	00452a	STORE	CAST(INT_ZEXT(PTRADD(MULTIEQUAL(PTRADD(LEAF(register:0002:2:undefined1 *),LEAF(register:000a:2:short),CONST(0x1,2)),LEAF(register:0004:2:undefined1 *)),CONST(0xfffe,2),CONST(0x1,2))))
0044e6	FUN_0044e6	004558	STORE	CAST(INT_ZEXT(INT_SUB(MULTIEQUAL(INT_ADD(MULTIEQUAL(INDIRECT(MULTIEQUAL(MULTIEQUAL(INDIRECT(MULTIEQUAL(INDIRECT(MULTIEQUAL(LEAF(00a300:2:ushort),LEAF(00a300:2:ushort)),CONST(0x6d,4)),LEAF(00a300:2:ushort)),CONST(0x139,4)),INDIRECT(MULTIEQUAL(LEAF(00a300:2:ushort),LEAF(00a300:2:ushort)),CONST(0x14a3,4))),LEAF(00a300:2:ushort)),CONST(0x213,4)),LEAF(00a300:2:ushort)),CONST(0x2,2)),LEAF(register:0004:2:ushort)),CONST(0x2,2))))
0044e6	FUN_0044e6	004560	LOAD	CAST(INT_ZEXT(MULTIEQUAL(COPY(INT_ADD(MULTIEQUAL(INDIRECT(MULTIEQUAL(MULTIEQUAL(INDIRECT(MULTIEQUAL(INDIRECT(MULTIEQUAL(LEAF(00a314:2:short),LEAF(00a314:2:short)),CONST(0x6d,4)),LEAF(00a314:2:short)),CONST(0x139,4)),INDIRECT(MULTIEQUAL(LEAF(00a314:2:short),LEAF(00a314:2:short)),CONST(0x14a3,4))),LEAF(00a314:2:short)),CONST(0x213,4)),LEAF(00a314:2:short)),CONST(0x16,2))),INT_ADD(LEAF(register:0004:2:ushort),CONST(0x2,2)))))
0044e6	FUN_0044e6	004564	STORE	CAST(INT_ZEXT(MULTIEQUAL(COPY(INT_ADD(MULTIEQUAL(INDIRECT(MULTIEQUAL(MULTIEQUAL(INDIRECT(MULTIEQUAL(INDIRECT(MULTIEQUAL(LEAF(00a314:2:short),LEAF(00a314:2:short)),CONST(0x6d,4)),LEAF(00a314:2:short)),CONST(0x139,4)),INDIRECT(MULTIEQUAL(LEAF(00a314:2:short),LEAF(00a314:2:short)),CONST(0x14a3,4))),LEAF(00a314:2:short)),CONST(0x213,4)),LEAF(00a314:2:short)),CONST(0x16,2))),INT_ADD(LEAF(register:0004:2:ushort),CONST(0x2,2)))))
0044e6	FUN_0044e6	00456e	LOAD	CAST(INT_ZEXT(MULTIEQUAL(COPY(INT_ADD(MULTIEQUAL(INDIRECT(MULTIEQUAL(MULTIEQUAL(INDIRECT(MULTIEQUAL(INDIRECT(MULTIEQUAL(LEAF(00a314:2:short),LEAF(00a314:2:short)),CONST(0x6d,4)),LEAF(00a314:2:short)),CONST(0x139,4)),INDIRECT(MULTIEQUAL(LEAF(00a314:2:short),LEAF(00a314:2:short)),CONST(0x14a3,4))),LEAF(00a314:2:short)),CONST(0x213,4)),LEAF(00a314:2:short)),CONST(0x16,2))),INT_ADD(LEAF(register:0004:2:ushort),CONST(0x2,2)))))
0044e6	FUN_0044e6	004572	STORE	CAST(INT_ZEXT(MULTIEQUAL(COPY(INT_ADD(MULTIEQUAL(INDIRECT(MULTIEQUAL(MULTIEQUAL(INDIRECT(MULTIEQUAL(INDIRECT(MULTIEQUAL(LEAF(00a314:2:short),LEAF(00a314:2:short)),CONST(0x6d,4)),LEAF(00a314:2:short)),CONST(0x139,4)),INDIRECT(MULTIEQUAL(LEAF(00a314:2:short),LEAF(00a314:2:short)),CONST(0x14a3,4))),LEAF(00a314:2:short)),CONST(0x213,4)),LEAF(00a314:2:short)),CONST(0x16,2))),INT_ADD(LEAF(register:0004:2:ushort),CONST(0x2,2)))))
0044e6	FUN_0044e6	004574	LOAD	CAST(INT_ZEXT(MULTIEQUAL(COPY(INT_ADD(MULTIEQUAL(INDIRECT(MULTIEQUAL(MULTIEQUAL(INDIRECT(MULTIEQUAL(INDIRECT(MULTIEQUAL(LEAF(00a314:2:short),LEAF(00a314:2:short)),CONST(0x6d,4)),LEAF(00a314:2:short)),CONST(0x139,4)),INDIRECT(MULTIEQUAL(LEAF(00a314:2:short),LEAF(00a314:2:short)),CONST(0x14a3,4))),LEAF(00a314:2:short)),CONST(0x213,4)),LEAF(00a314:2:short)),CONST(0x16,2))),INT_ADD(LEAF(register:0004:2:ushort),CONST(0x2,2)))))
0044e6	FUN_0044e6	004584	LOAD	CAST(INT_ZEXT(MULTIEQUAL(COPY(INT_ADD(MULTIEQUAL(INDIRECT(MULTIEQUAL(MULTIEQUAL(INDIRECT(MULTIEQUAL(INDIRECT(MULTIEQUAL(LEAF(00a314:2:short),LEAF(00a314:2:short)),CONST(0x6d,4)),LEAF(00a314:2:short)),CONST(0x139,4)),INDIRECT(MULTIEQUAL(LEAF(00a314:2:short),LEAF(00a314:2:short)),CONST(0x14a3,4))),LEAF(00a314:2:short)),CONST(0x213,4)),LEAF(00a314:2:short)),CONST(0x16,2))),INT_ADD(LEAF(register:0004:2:ushort),CONST(0x2,2)))))
0044e6	FUN_0044e6	004588	STORE	CAST(INT_ZEXT(MULTIEQUAL(COPY(INT_ADD(MULTIEQUAL(INDIRECT(MULTIEQUAL(MULTIEQUAL(INDIRECT(MULTIEQUAL(INDIRECT(MULTIEQUAL(LEAF(00a314:2:short),LEAF(00a314:2:short)),CONST(0x6d,4)),LEAF(00a314:2:short)),CONST(0x139,4)),INDIRECT(MULTIEQUAL(LEAF(00a314:2:short),LEAF(00a314:2:short)),CONST(0x14a3,4))),LEAF(00a314:2:short)),CONST(0x213,4)),LEAF(00a314:2:short)),CONST(0x16,2))),INT_ADD(LEAF(register:0004:2:ushort),CONST(0x2,2)))))
0044e6	FUN_0044e6	00458a	LOAD	CAST(INT_ZEXT(MULTIEQUAL(COPY(INT_ADD(MULTIEQUAL(INDIRECT(MULTIEQUAL(MULTIEQUAL(INDIRECT(MULTIEQUAL(INDIRECT(MULTIEQUAL(LEAF(00a314:2:short),LEAF(00a314:2:short)),CONST(0x6d,4)),LEAF(00a314:2:short)),CONST(0x139,4)),INDIRECT(MULTIEQUAL(LEAF(00a314:2:short),LEAF(00a314:2:short)),CONST(0x14a3,4))),LEAF(00a314:2:short)),CONST(0x213,4)),LEAF(00a314:2:short)),CONST(0x16,2))),INT_ADD(LEAF(register:0004:2:ushort),CONST(0x2,2)))))
0044e6	FUN_0044e6	0045a2	STORE	CAST(INT_ZEXT(INT_SUB(MULTIEQUAL(INT_ADD(COPY(MULTIEQUAL(INDIRECT(MULTIEQUAL(MULTIEQUAL(INDIRECT(MULTIEQUAL(INDIRECT(MULTIEQUAL(LEAF(00a300:2:ushort),LEAF(00a300:2:ushort)),CONST(0x6d,4)),LEAF(00a300:2:ushort)),CONST(0x139,4)),INDIRECT(MULTIEQUAL(LEAF(00a300:2:ushort),LEAF(00a300:2:ushort)),CONST(0x14a3,4))),LEAF(00a300:2:ushort)),CONST(0x213,4)),LEAF(00a300:2:ushort))),CONST(0x2,2)),LEAF(register:0004:2:ushort)),CONST(0x2,2))))
0044e6	FUN_0044e6	0045d0	STORE	MULTIEQUAL(COPY(CAST(MULTIEQUAL(MULTIEQUAL(INDIRECT(MULTIEQUAL(MULTIEQUAL(INDIRECT(MULTIEQUAL(INDIRECT(MULTIEQUAL(INDIRECT(MULTIEQUAL(MULTIEQUAL(INDIRECT(LEAF(00a30a:2:undefined1 *),CONST(0x213,4)),INDIRECT(LEAF(00a30a:2:undefined1 *),CONST(0x14a3,4))),LEAF(00a30a:2:undefined1 *)),CONST(0x3b6,4)),LEAF(00a30a:2:undefined1 *)),CONST(0x459,4)),LEAF(00a30a:2:undefined1 *)),CONST(0x525,4)),INDIRECT(MULTIEQUAL(LEAF(00a30a:2:undefined1 *),LEAF(00a30a:2:undefined1 *)),CONST(0x135c,4))),LEAF(00a30a:2:undefined1 *)),CONST(0x5ff,4)),LEAF(00a30a:2:undefined1 *)),MULTIEQUAL(INDIRECT(MULTIEQUAL(MULTIEQUAL(INDIRECT(MULTIEQUAL(INDIRECT(MULTIEQUAL(INDIRECT(MULTIEQUAL(LEAF(00a30a:2:undefined1 *),LEAF(00a30a:2:undefined1 *)),CONST(0x774,4)),LEAF(00a30a:2:undefined1 *)),CONST(0x932,4)),INDIRECT(LEAF(00a30a:2:undefined1 *),CONST(0xa5b,4))),CONST(0x9d5,4)),LEAF(00a30a:2:undefined1 *),LEAF(00a30a:2:undefined1 *)),LEAF(00a30a:2:undefined1 *)),CONST(0x836,4)),LEAF(00a30a:2:undefined1 *))))),COPY(CAST(MULTIEQUAL(MULTIEQUAL(INDIRECT(MULTIEQUAL(MULTIEQUAL(INDIRECT(MULTIEQUAL(INDIRECT(MULTIEQUAL(INDIRECT(MULTIEQUAL(MULTIEQUAL(INDIRECT(LEAF(00a306:2:undefined1 *),CONST(0x213,4)),INDIRECT(LEAF(00a306:2:undefined1 *),CONST(0x14a3,4))),LEAF(00a306:2:undefined1 *)),CONST(0x3b6,4)),LEAF(00a306:2:undefined1 *)),CONST(0x459,4)),LEAF(00a306:2:undefined1 *)),CONST(0x525,4)),INDIRECT(MULTIEQUAL(LEAF(00a306:2:undefined1 *),LEAF(00a306:2:undefined1 *)),CONST(0x135c,4))),LEAF(00a306:2:undefined1 *)),CONST(0x5ff,4)),LEAF(00a306:2:undefined1 *)),MULTIEQUAL(INDIRECT(MULTIEQUAL(MULTIEQUAL(INDIRECT(MULTIEQUAL(INDIRECT(MULTIEQUAL(INDIRECT(MULTIEQUAL(LEAF(00a306:2:undefined1 *),LEAF(00a306:2:undefined1 *)),CONST(0x774,4)),LEAF(00a306:2:undefined1 *)),CONST(0x932,4)),INDIRECT(LEAF(00a306:2:undefined1 *),CONST(0xa5b,4))),CONST(0x9d5,4)),LEAF(00a306:2:undefined1 *),LEAF(00a306:2:undefined1 *)),LEAF(00a306:2:undefined1 *)),CONST(0x836,4)),LEAF(00a306:2:undefined1 *))))),COPY(CAST(MULTIEQUAL(MULTIEQUAL(INDIRECT(MULTIEQUAL(MULTIEQUAL(INDIRECT(MULTIEQUAL(INDIRECT(MULTIEQUAL(INDIRECT(MULTIEQUAL(MULTIEQUAL(INDIRECT(LEAF(00a302:2:undefined1 *),CONST(0x213,4)),INDIRECT(LEAF(00a302:2:undefined1 *),CONST(0x14a3,4))),LEAF(00a302:2:undefined1 *)),CONST(0x3b6,4)),LEAF(00a302:2:undefined1 *)),CONST(0x459,4)),LEAF(00a302:2:undefined1 *)),CONST(0x525,4)),INDIRECT(MULTIEQUAL(LEAF(00a302:2:undefined1 *),LEAF(00a302:2:undefined1 *)),CONST(0x135c,4))),LEAF(00a302:2:undefined1 *)),CONST(0x5ff,4)),LEAF(00a302:2:undefined1 *)),MULTIEQUAL(INDIRECT(MULTIEQUAL(MULTIEQUAL(INDIRECT(MULTIEQUAL(INDIRECT(MULTIEQUAL(INDIRECT(MULTIEQUAL(LEAF(00a302:2:undefined1 *),LEAF(00a302:2:undefined1 *)),CONST(0x774,4)),LEAF(00a302:2:undefined1 *)),CONST(0x932,4)),INDIRECT(LEAF(00a302:2:undefined1 *),CONST(0xa5b,4))),CONST(0x9d5,4)),LEAF(00a302:2:undefined1 *),LEAF(00a302:2:undefined1 *)),LEAF(00a302:2:undefined1 *)),CONST(0x836,4)),LEAF(00a302:2:undefined1 *))))))
0044e6	FUN_0044e6	0045d2	LOAD	MULTIEQUAL(COPY(CAST(MULTIEQUAL(MULTIEQUAL(INDIRECT(MULTIEQUAL(MULTIEQUAL(INDIRECT(MULTIEQUAL(INDIRECT(MULTIEQUAL(INDIRECT(MULTIEQUAL(MULTIEQUAL(INDIRECT(LEAF(00a30a:2:undefined1 *),CONST(0x213,4)),INDIRECT(LEAF(00a30a:2:undefined1 *),CONST(0x14a3,4))),LEAF(00a30a:2:undefined1 *)),CONST(0x3b6,4)),LEAF(00a30a:2:undefined1 *)),CONST(0x459,4)),LEAF(00a30a:2:undefined1 *)),CONST(0x525,4)),INDIRECT(MULTIEQUAL(LEAF(00a30a:2:undefined1 *),LEAF(00a30a:2:undefined1 *)),CONST(0x135c,4))),LEAF(00a30a:2:undefined1 *)),CONST(0x5ff,4)),LEAF(00a30a:2:undefined1 *)),MULTIEQUAL(INDIRECT(MULTIEQUAL(MULTIEQUAL(INDIRECT(MULTIEQUAL(INDIRECT(MULTIEQUAL(INDIRECT(MULTIEQUAL(LEAF(00a30a:2:undefined1 *),LEAF(00a30a:2:undefined1 *)),CONST(0x774,4)),LEAF(00a30a:2:undefined1 *)),CONST(0x932,4)),INDIRECT(LEAF(00a30a:2:undefined1 *),CONST(0xa5b,4))),CONST(0x9d5,4)),LEAF(00a30a:2:undefined1 *),LEAF(00a30a:2:undefined1 *)),LEAF(00a30a:2:undefined1 *)),CONST(0x836,4)),LEAF(00a30a:2:undefined1 *))))),COPY(CAST(MULTIEQUAL(MULTIEQUAL(INDIRECT(MULTIEQUAL(MULTIEQUAL(INDIRECT(MULTIEQUAL(INDIRECT(MULTIEQUAL(INDIRECT(MULTIEQUAL(MULTIEQUAL(INDIRECT(LEAF(00a306:2:undefined1 *),CONST(0x213,4)),INDIRECT(LEAF(00a306:2:undefined1 *),CONST(0x14a3,4))),LEAF(00a306:2:undefined1 *)),CONST(0x3b6,4)),LEAF(00a306:2:undefined1 *)),CONST(0x459,4)),LEAF(00a306:2:undefined1 *)),CONST(0x525,4)),INDIRECT(MULTIEQUAL(LEAF(00a306:2:undefined1 *),LEAF(00a306:2:undefined1 *)),CONST(0x135c,4))),LEAF(00a306:2:undefined1 *)),CONST(0x5ff,4)),LEAF(00a306:2:undefined1 *)),MULTIEQUAL(INDIRECT(MULTIEQUAL(MULTIEQUAL(INDIRECT(MULTIEQUAL(INDIRECT(MULTIEQUAL(INDIRECT(MULTIEQUAL(LEAF(00a306:2:undefined1 *),LEAF(00a306:2:undefined1 *)),CONST(0x774,4)),LEAF(00a306:2:undefined1 *)),CONST(0x932,4)),INDIRECT(LEAF(00a306:2:undefined1 *),CONST(0xa5b,4))),CONST(0x9d5,4)),LEAF(00a306:2:undefined1 *),LEAF(00a306:2:undefined1 *)),LEAF(00a306:2:undefined1 *)),CONST(0x836,4)),LEAF(00a306:2:undefined1 *))))),COPY(CAST(MULTIEQUAL(MULTIEQUAL(INDIRECT(MULTIEQUAL(MULTIEQUAL(INDIRECT(MULTIEQUAL(INDIRECT(MULTIEQUAL(INDIRECT(MULTIEQUAL(MULTIEQUAL(INDIRECT(LEAF(00a302:2:undefined1 *),CONST(0x213,4)),INDIRECT(LEAF(00a302:2:undefined1 *),CONST(0x14a3,4))),LEAF(00a302:2:undefined1 *)),CONST(0x3b6,4)),LEAF(00a302:2:undefined1 *)),CONST(0x459,4)),LEAF(00a302:2:undefined1 *)),CONST(0x525,4)),INDIRECT(MULTIEQUAL(LEAF(00a302:2:undefined1 *),LEAF(00a302:2:undefined1 *)),CONST(0x135c,4))),LEAF(00a302:2:undefined1 *)),CONST(0x5ff,4)),LEAF(00a302:2:undefined1 *)),MULTIEQUAL(INDIRECT(MULTIEQUAL(MULTIEQUAL(INDIRECT(MULTIEQUAL(INDIRECT(MULTIEQUAL(INDIRECT(MULTIEQUAL(LEAF(00a302:2:undefined1 *),LEAF(00a302:2:undefined1 *)),CONST(0x774,4)),LEAF(00a302:2:undefined1 *)),CONST(0x932,4)),INDIRECT(LEAF(00a302:2:undefined1 *),CONST(0xa5b,4))),CONST(0x9d5,4)),LEAF(00a302:2:undefined1 *),LEAF(00a302:2:undefined1 *)),LEAF(00a302:2:undefined1 *)),CONST(0x836,4)),LEAF(00a302:2:undefined1 *))))))
0044e6	FUN_0044e6	0045e0	STORE	CAST(INT_ZEXT(PTRADD(MULTIEQUAL(PTRADD(MULTIEQUAL(COPY(MULTIEQUAL(MULTIEQUAL(INDIRECT(MULTIEQUAL(MULTIEQUAL(INDIRECT(MULTIEQUAL(INDIRECT(MULTIEQUAL(LEAF(00a30c:2:undefined1 *),LEAF(00a30c:2:undefined1 *)),CONST(0x459,4)),LEAF(00a30c:2:undefined1 *)),CONST(0x525,4)),INDIRECT(MULTIEQUAL(LEAF(00a30c:2:undefined1 *),LEAF(00a30c:2:undefined1 *)),CONST(0x135c,4))),LEAF(00a30c:2:undefined1 *)),CONST(0x5ff,4)),LEAF(00a30c:2:undefined1 *)),MULTIEQUAL(INDIRECT(MULTIEQUAL(MULTIEQUAL(INDIRECT(MULTIEQUAL(INDIRECT(MULTIEQUAL(LEAF(00a30c:2:undefined1 *),LEAF(00a30c:2:undefined1 *)),CONST(0x932,4)),INDIRECT(LEAF(00a30c:2:undefined1 *),CONST(0xa5b,4))),CONST(0x9d5,4)),LEAF(00a30c:2:undefined1 *),INDIRECT(MULTIEQUAL(LEAF(00a30c:2:undefined1 *),LEAF(00a30c:2:undefined1 *)),CONST(0x774,4))),LEAF(00a30c:2:undefined1 *)),CONST(0x836,4)),LEAF(00a30c:2:undefined1 *)))),COPY(MULTIEQUAL(MULTIEQUAL(INDIRECT(MULTIEQUAL(MULTIEQUAL(INDIRECT(MULTIEQUAL(INDIRECT(MULTIEQUAL(LEAF(00a312:2:undefined1 *),LEAF(00a312:2:undefined1 *)),CONST(0x459,4)),LEAF(00a312:2:undefined1 *)),CONST(0x525,4)),INDIRECT(MULTIEQUAL(LEAF(00a312:2:undefined1 *),LEAF(00a312:2:undefined1 *)),CONST(0x135c,4))),LEAF(00a312:2:undefined1 *)),CONST(0x5ff,4)),LEAF(00a312:2:undefined1 *)),MULTIEQUAL(INDIRECT(MULTIEQUAL(MULTIEQUAL(INDIRECT(MULTIEQUAL(INDIRECT(MULTIEQUAL(LEAF(00a312:2:undefined1 *),LEAF(00a312:2:undefined1 *)),CONST(0x932,4)),INDIRECT(LEAF(00a312:2:undefined1 *),CONST(0xa5b,4))),CONST(0x9d5,4)),LEAF(00a312:2:undefined1 *),INDIRECT(MULTIEQUAL(LEAF(00a312:2:undefined1 *),LEAF(00a312:2:undefined1 *)),CONST(0x774,4))),LEAF(00a312:2:undefined1 *)),CONST(0x836,4)),LEAF(00a312:2:undefined1 *)))),COPY(MULTIEQUAL(MULTIEQUAL(INDIRECT(MULTIEQUAL(MULTIEQUAL(INDIRECT(MULTIEQUAL(INDIRECT(MULTIEQUAL(LEAF(00a304:2:undefined1 *),LEAF(00a304:2:undefined1 *)),CONST(0x459,4)),LEAF(00a304:2:undefined1 *)),CONST(0x525,4)),INDIRECT(MULTIEQUAL(LEAF(00a304:2:undefined1 *),LEAF(00a304:2:undefined1 *)),CONST(0x135c,4))),LEAF(00a304:2:undefined1 *)),CONST(0x5ff,4)),LEAF(00a304:2:undefined1 *)),MULTIEQUAL(INDIRECT(MULTIEQUAL(MULTIEQUAL(INDIRECT(MULTIEQUAL(INDIRECT(MULTIEQUAL(LEAF(00a304:2:undefined1 *),LEAF(00a304:2:undefined1 *)),CONST(0x932,4)),INDIRECT(LEAF(00a304:2:undefined1 *),CONST(0xa5b,4))),CONST(0x9d5,4)),LEAF(00a304:2:undefined1 *),INDIRECT(MULTIEQUAL(LEAF(00a304:2:undefined1 *),LEAF(00a304:2:undefined1 *)),CONST(0x774,4))),LEAF(00a304:2:undefined1 *)),CONST(0x836,4)),LEAF(00a304:2:undefined1 *))))),CONST(0x2,2),CONST(0x1,2)),LEAF(register:0004:2:undefined1 *)),CONST(0xfffe,2),CONST(0x1,2))))
0044e6	FUN_0044e6	0045e8	LOAD	CAST(INT_ZEXT(MULTIEQUAL(COPY(MULTIEQUAL(COPY(MULTIEQUAL(MULTIEQUAL(INDIRECT(MULTIEQUAL(MULTIEQUAL(INDIRECT(MULTIEQUAL(INDIRECT(MULTIEQUAL(INDIRECT(LEAF(00a30c:2:undefined1 *),CONST(0x3b6,4)),LEAF(00a30c:2:undefined1 *)),CONST(0x459,4)),LEAF(00a30c:2:undefined1 *)),CONST(0x525,4)),INDIRECT(MULTIEQUAL(LEAF(00a30c:2:undefined1 *),LEAF(00a30c:2:undefined1 *)),CONST(0x135c,4))),LEAF(00a30c:2:undefined1 *)),CONST(0x5ff,4)),LEAF(00a30c:2:undefined1 *)),MULTIEQUAL(INDIRECT(MULTIEQUAL(MULTIEQUAL(INDIRECT(MULTIEQUAL(INDIRECT(MULTIEQUAL(INDIRECT(LEAF(00a30c:2:undefined1 *),CONST(0x774,4)),LEAF(00a30c:2:undefined1 *)),CONST(0x932,4)),INDIRECT(LEAF(00a30c:2:undefined1 *),CONST(0xa5b,4))),CONST(0x9d5,4)),LEAF(00a30c:2:undefined1 *),LEAF(00a30c:2:undefined1 *)),LEAF(00a30c:2:undefined1 *)),CONST(0x836,4)),LEAF(00a30c:2:undefined1 *)))),COPY(MULTIEQUAL(MULTIEQUAL(INDIRECT(MULTIEQUAL(MULTIEQUAL(INDIRECT(MULTIEQUAL(INDIRECT(MULTIEQUAL(INDIRECT(LEAF(00a312:2:undefined1 *),CONST(0x3b6,4)),LEAF(00a312:2:undefined1 *)),CONST(0x459,4)),LEAF(00a312:2:undefined1 *)),CONST(0x525,4)),INDIRECT(MULTIEQUAL(LEAF(00a312:2:undefined1 *),LEAF(00a312:2:undefined1 *)),CONST(0x135c,4))),LEAF(00a312:2:undefined1 *)),CONST(0x5ff,4)),LEAF(00a312:2:undefined1 *)),MULTIEQUAL(INDIRECT(MULTIEQUAL(MULTIEQUAL(INDIRECT(MULTIEQUAL(INDIRECT(MULTIEQUAL(INDIRECT(LEAF(00a312:2:undefined1 *),CONST(0x774,4)),LEAF(00a312:2:undefined1 *)),CONST(0x932,4)),INDIRECT(LEAF(00a312:2:undefined1 *),CONST(0xa5b,4))),CONST(0x9d5,4)),LEAF(00a312:2:undefined1 *),LEAF(00a312:2:undefined1 *)),LEAF(00a312:2:undefined1 *)),CONST(0x836,4)),LEAF(00a312:2:undefined1 *)))),COPY(MULTIEQUAL(MULTIEQUAL(INDIRECT(MULTIEQUAL(MULTIEQUAL(INDIRECT(MULTIEQUAL(INDIRECT(MULTIEQUAL(INDIRECT(LEAF(00a304:2:undefined1 *),CONST(0x3b6,4)),LEAF(00a304:2:undefined1 *)),CONST(0x459,4)),LEAF(00a304:2:undefined1 *)),CONST(0x525,4)),INDIRECT(MULTIEQUAL(LEAF(00a304:2:undefined1 *),LEAF(00a304:2:undefined1 *)),CONST(0x135c,4))),LEAF(00a304:2:undefined1 *)),CONST(0x5ff,4)),LEAF(00a304:2:undefined1 *)),MULTIEQUAL(INDIRECT(MULTIEQUAL(MULTIEQUAL(INDIRECT(MULTIEQUAL(INDIRECT(MULTIEQUAL(INDIRECT(LEAF(00a304:2:undefined1 *),CONST(0x774,4)),LEAF(00a304:2:undefined1 *)),CONST(0x932,4)),INDIRECT(LEAF(00a304:2:undefined1 *),CONST(0xa5b,4))),CONST(0x9d5,4)),LEAF(00a304:2:undefined1 *),LEAF(00a304:2:undefined1 *)),LEAF(00a304:2:undefined1 *)),CONST(0x836,4)),LEAF(00a304:2:undefined1 *)))))),PTRADD(LEAF(register:0004:2:undefined1 *),CONST(0xfffe,2),CONST(0x1,2)))))
0044e6	FUN_0044e6	0045ec	STORE	CAST(INT_ZEXT(MULTIEQUAL(COPY(MULTIEQUAL(COPY(MULTIEQUAL(MULTIEQUAL(INDIRECT(MULTIEQUAL(MULTIEQUAL(INDIRECT(MULTIEQUAL(INDIRECT(MULTIEQUAL(INDIRECT(LEAF(00a30c:2:undefined1 *),CONST(0x3b6,4)),LEAF(00a30c:2:undefined1 *)),CONST(0x459,4)),LEAF(00a30c:2:undefined1 *)),CONST(0x525,4)),INDIRECT(MULTIEQUAL(LEAF(00a30c:2:undefined1 *),LEAF(00a30c:2:undefined1 *)),CONST(0x135c,4))),LEAF(00a30c:2:undefined1 *)),CONST(0x5ff,4)),LEAF(00a30c:2:undefined1 *)),MULTIEQUAL(INDIRECT(MULTIEQUAL(MULTIEQUAL(INDIRECT(MULTIEQUAL(INDIRECT(MULTIEQUAL(INDIRECT(LEAF(00a30c:2:undefined1 *),CONST(0x774,4)),LEAF(00a30c:2:undefined1 *)),CONST(0x932,4)),INDIRECT(LEAF(00a30c:2:undefined1 *),CONST(0xa5b,4))),CONST(0x9d5,4)),LEAF(00a30c:2:undefined1 *),LEAF(00a30c:2:undefined1 *)),LEAF(00a30c:2:undefined1 *)),CONST(0x836,4)),LEAF(00a30c:2:undefined1 *)))),COPY(MULTIEQUAL(MULTIEQUAL(INDIRECT(MULTIEQUAL(MULTIEQUAL(INDIRECT(MULTIEQUAL(INDIRECT(MULTIEQUAL(INDIRECT(LEAF(00a312:2:undefined1 *),CONST(0x3b6,4)),LEAF(00a312:2:undefined1 *)),CONST(0x459,4)),LEAF(00a312:2:undefined1 *)),CONST(0x525,4)),INDIRECT(MULTIEQUAL(LEAF(00a312:2:undefined1 *),LEAF(00a312:2:undefined1 *)),CONST(0x135c,4))),LEAF(00a312:2:undefined1 *)),CONST(0x5ff,4)),LEAF(00a312:2:undefined1 *)),MULTIEQUAL(INDIRECT(MULTIEQUAL(MULTIEQUAL(INDIRECT(MULTIEQUAL(INDIRECT(MULTIEQUAL(INDIRECT(LEAF(00a312:2:undefined1 *),CONST(0x774,4)),LEAF(00a312:2:undefined1 *)),CONST(0x932,4)),INDIRECT(LEAF(00a312:2:undefined1 *),CONST(0xa5b,4))),CONST(0x9d5,4)),LEAF(00a312:2:undefined1 *),LEAF(00a312:2:undefined1 *)),LEAF(00a312:2:undefined1 *)),CONST(0x836,4)),LEAF(00a312:2:undefined1 *)))),COPY(MULTIEQUAL(MULTIEQUAL(INDIRECT(MULTIEQUAL(MULTIEQUAL(INDIRECT(MULTIEQUAL(INDIRECT(MULTIEQUAL(INDIRECT(LEAF(00a304:2:undefined1 *),CONST(0x3b6,4)),LEAF(00a304:2:undefined1 *)),CONST(0x459,4)),LEAF(00a304:2:undefined1 *)),CONST(0x525,4)),INDIRECT(MULTIEQUAL(LEAF(00a304:2:undefined1 *),LEAF(00a304:2:undefined1 *)),CONST(0x135c,4))),LEAF(00a304:2:undefined1 *)),CONST(0x5ff,4)),LEAF(00a304:2:undefined1 *)),MULTIEQUAL(INDIRECT(MULTIEQUAL(MULTIEQUAL(INDIRECT(MULTIEQUAL(INDIRECT(MULTIEQUAL(INDIRECT(LEAF(00a304:2:undefined1 *),CONST(0x774,4)),LEAF(00a304:2:undefined1 *)),CONST(0x932,4)),INDIRECT(LEAF(00a304:2:undefined1 *),CONST(0xa5b,4))),CONST(0x9d5,4)),LEAF(00a304:2:undefined1 *),LEAF(00a304:2:undefined1 *)),LEAF(00a304:2:undefined1 *)),CONST(0x836,4)),LEAF(00a304:2:undefined1 *)))))),PTRADD(LEAF(register:0004:2:undefined1 *),CONST(0xfffe,2),CONST(0x1,2)))))
0044e6	FUN_0044e6	0045f2	LOAD	CAST(INT_ZEXT(MULTIEQUAL(COPY(MULTIEQUAL(COPY(MULTIEQUAL(MULTIEQUAL(INDIRECT(MULTIEQUAL(MULTIEQUAL(INDIRECT(MULTIEQUAL(INDIRECT(MULTIEQUAL(INDIRECT(LEAF(00a30c:2:undefined1 *),CONST(0x3b6,4)),LEAF(00a30c:2:undefined1 *)),CONST(0x459,4)),LEAF(00a30c:2:undefined1 *)),CONST(0x525,4)),INDIRECT(MULTIEQUAL(LEAF(00a30c:2:undefined1 *),LEAF(00a30c:2:undefined1 *)),CONST(0x135c,4))),LEAF(00a30c:2:undefined1 *)),CONST(0x5ff,4)),LEAF(00a30c:2:undefined1 *)),MULTIEQUAL(INDIRECT(MULTIEQUAL(MULTIEQUAL(INDIRECT(MULTIEQUAL(INDIRECT(MULTIEQUAL(INDIRECT(LEAF(00a30c:2:undefined1 *),CONST(0x774,4)),LEAF(00a30c:2:undefined1 *)),CONST(0x932,4)),INDIRECT(LEAF(00a30c:2:undefined1 *),CONST(0xa5b,4))),CONST(0x9d5,4)),LEAF(00a30c:2:undefined1 *),LEAF(00a30c:2:undefined1 *)),LEAF(00a30c:2:undefined1 *)),CONST(0x836,4)),LEAF(00a30c:2:undefined1 *)))),COPY(MULTIEQUAL(MULTIEQUAL(INDIRECT(MULTIEQUAL(MULTIEQUAL(INDIRECT(MULTIEQUAL(INDIRECT(MULTIEQUAL(INDIRECT(LEAF(00a312:2:undefined1 *),CONST(0x3b6,4)),LEAF(00a312:2:undefined1 *)),CONST(0x459,4)),LEAF(00a312:2:undefined1 *)),CONST(0x525,4)),INDIRECT(MULTIEQUAL(LEAF(00a312:2:undefined1 *),LEAF(00a312:2:undefined1 *)),CONST(0x135c,4))),LEAF(00a312:2:undefined1 *)),CONST(0x5ff,4)),LEAF(00a312:2:undefined1 *)),MULTIEQUAL(INDIRECT(MULTIEQUAL(MULTIEQUAL(INDIRECT(MULTIEQUAL(INDIRECT(MULTIEQUAL(INDIRECT(LEAF(00a312:2:undefined1 *),CONST(0x774,4)),LEAF(00a312:2:undefined1 *)),CONST(0x932,4)),INDIRECT(LEAF(00a312:2:undefined1 *),CONST(0xa5b,4))),CONST(0x9d5,4)),LEAF(00a312:2:undefined1 *),LEAF(00a312:2:undefined1 *)),LEAF(00a312:2:undefined1 *)),CONST(0x836,4)),LEAF(00a312:2:undefined1 *)))),COPY(MULTIEQUAL(MULTIEQUAL(INDIRECT(MULTIEQUAL(MULTIEQUAL(INDIRECT(MULTIEQUAL(INDIRECT(MULTIEQUAL(INDIRECT(LEAF(00a304:2:undefined1 *),CONST(0x3b6,4)),LEAF(00a304:2:undefined1 *)),CONST(0x459,4)),LEAF(00a304:2:undefined1 *)),CONST(0x525,4)),INDIRECT(MULTIEQUAL(LEAF(00a304:2:undefined1 *),LEAF(00a304:2:undefined1 *)),CONST(0x135c,4))),LEAF(00a304:2:undefined1 *)),CONST(0x5ff,4)),LEAF(00a304:2:undefined1 *)),MULTIEQUAL(INDIRECT(MULTIEQUAL(MULTIEQUAL(INDIRECT(MULTIEQUAL(INDIRECT(MULTIEQUAL(INDIRECT(LEAF(00a304:2:undefined1 *),CONST(0x774,4)),LEAF(00a304:2:undefined1 *)),CONST(0x932,4)),INDIRECT(LEAF(00a304:2:undefined1 *),CONST(0xa5b,4))),CONST(0x9d5,4)),LEAF(00a304:2:undefined1 *),LEAF(00a304:2:undefined1 *)),LEAF(00a304:2:undefined1 *)),CONST(0x836,4)),LEAF(00a304:2:undefined1 *)))))),PTRADD(LEAF(register:0004:2:undefined1 *),CONST(0xfffe,2),CONST(0x1,2)))))
0044e6	FUN_0044e6	0045f6	STORE	CAST(INT_ZEXT(MULTIEQUAL(COPY(MULTIEQUAL(COPY(MULTIEQUAL(MULTIEQUAL(INDIRECT(MULTIEQUAL(MULTIEQUAL(INDIRECT(MULTIEQUAL(INDIRECT(MULTIEQUAL(INDIRECT(LEAF(00a30c:2:undefined1 *),CONST(0x3b6,4)),LEAF(00a30c:2:undefined1 *)),CONST(0x459,4)),LEAF(00a30c:2:undefined1 *)),CONST(0x525,4)),INDIRECT(MULTIEQUAL(LEAF(00a30c:2:undefined1 *),LEAF(00a30c:2:undefined1 *)),CONST(0x135c,4))),LEAF(00a30c:2:undefined1 *)),CONST(0x5ff,4)),LEAF(00a30c:2:undefined1 *)),MULTIEQUAL(INDIRECT(MULTIEQUAL(MULTIEQUAL(INDIRECT(MULTIEQUAL(INDIRECT(MULTIEQUAL(INDIRECT(LEAF(00a30c:2:undefined1 *),CONST(0x774,4)),LEAF(00a30c:2:undefined1 *)),CONST(0x932,4)),INDIRECT(LEAF(00a30c:2:undefined1 *),CONST(0xa5b,4))),CONST(0x9d5,4)),LEAF(00a30c:2:undefined1 *),LEAF(00a30c:2:undefined1 *)),LEAF(00a30c:2:undefined1 *)),CONST(0x836,4)),LEAF(00a30c:2:undefined1 *)))),COPY(MULTIEQUAL(MULTIEQUAL(INDIRECT(MULTIEQUAL(MULTIEQUAL(INDIRECT(MULTIEQUAL(INDIRECT(MULTIEQUAL(INDIRECT(LEAF(00a312:2:undefined1 *),CONST(0x3b6,4)),LEAF(00a312:2:undefined1 *)),CONST(0x459,4)),LEAF(00a312:2:undefined1 *)),CONST(0x525,4)),INDIRECT(MULTIEQUAL(LEAF(00a312:2:undefined1 *),LEAF(00a312:2:undefined1 *)),CONST(0x135c,4))),LEAF(00a312:2:undefined1 *)),CONST(0x5ff,4)),LEAF(00a312:2:undefined1 *)),MULTIEQUAL(INDIRECT(MULTIEQUAL(MULTIEQUAL(INDIRECT(MULTIEQUAL(INDIRECT(MULTIEQUAL(INDIRECT(LEAF(00a312:2:undefined1 *),CONST(0x774,4)),LEAF(00a312:2:undefined1 *)),CONST(0x932,4)),INDIRECT(LEAF(00a312:2:undefined1 *),CONST(0xa5b,4))),CONST(0x9d5,4)),LEAF(00a312:2:undefined1 *),LEAF(00a312:2:undefined1 *)),LEAF(00a312:2:undefined1 *)),CONST(0x836,4)),LEAF(00a312:2:undefined1 *)))),COPY(MULTIEQUAL(MULTIEQUAL(INDIRECT(MULTIEQUAL(MULTIEQUAL(INDIRECT(MULTIEQUAL(INDIRECT(MULTIEQUAL(INDIRECT(LEAF(00a304:2:undefined1 *),CONST(0x3b6,4)),LEAF(00a304:2:undefined1 *)),CONST(0x459,4)),LEAF(00a304:2:undefined1 *)),CONST(0x525,4)),INDIRECT(MULTIEQUAL(LEAF(00a304:2:undefined1 *),LEAF(00a304:2:undefined1 *)),CONST(0x135c,4))),LEAF(00a304:2:undefined1 *)),CONST(0x5ff,4)),LEAF(00a304:2:undefined1 *)),MULTIEQUAL(INDIRECT(MULTIEQUAL(MULTIEQUAL(INDIRECT(MULTIEQUAL(INDIRECT(MULTIEQUAL(INDIRECT(LEAF(00a304:2:undefined1 *),CONST(0x774,4)),LEAF(00a304:2:undefined1 *)),CONST(0x932,4)),INDIRECT(LEAF(00a304:2:undefined1 *),CONST(0xa5b,4))),CONST(0x9d5,4)),LEAF(00a304:2:undefined1 *),LEAF(00a304:2:undefined1 *)),LEAF(00a304:2:undefined1 *)),CONST(0x836,4)),LEAF(00a304:2:undefined1 *)))))),PTRADD(LEAF(register:0004:2:undefined1 *),CONST(0xfffe,2),CONST(0x1,2)))))
0044e6	FUN_0044e6	004610	STORE	CAST(INT_ZEXT(PTRADD(MULTIEQUAL(PTRADD(MULTIEQUAL(COPY(MULTIEQUAL(MULTIEQUAL(INDIRECT(MULTIEQUAL(MULTIEQUAL(INDIRECT(MULTIEQUAL(INDIRECT(MULTIEQUAL(LEAF(00a30c:2:undefined1 *),LEAF(00a30c:2:undefined1 *)),CONST(0x459,4)),LEAF(00a30c:2:undefined1 *)),CONST(0x525,4)),INDIRECT(MULTIEQUAL(LEAF(00a30c:2:undefined1 *),LEAF(00a30c:2:undefined1 *)),CONST(0x135c,4))),LEAF(00a30c:2:undefined1 *)),CONST(0x5ff,4)),LEAF(00a30c:2:undefined1 *)),MULTIEQUAL(INDIRECT(MULTIEQUAL(MULTIEQUAL(INDIRECT(MULTIEQUAL(INDIRECT(MULTIEQUAL(LEAF(00a30c:2:undefined1 *),LEAF(00a30c:2:undefined1 *)),CONST(0x932,4)),INDIRECT(LEAF(00a30c:2:undefined1 *),CONST(0xa5b,4))),CONST(0x9d5,4)),LEAF(00a30c:2:undefined1 *),INDIRECT(MULTIEQUAL(LEAF(00a30c:2:undefined1 *),LEAF(00a30c:2:undefined1 *)),CONST(0x774,4))),LEAF(00a30c:2:undefined1 *)),CONST(0x836,4)),LEAF(00a30c:2:undefined1 *)))),COPY(MULTIEQUAL(MULTIEQUAL(INDIRECT(MULTIEQUAL(MULTIEQUAL(INDIRECT(MULTIEQUAL(INDIRECT(MULTIEQUAL(LEAF(00a312:2:undefined1 *),LEAF(00a312:2:undefined1 *)),CONST(0x459,4)),LEAF(00a312:2:undefined1 *)),CONST(0x525,4)),INDIRECT(MULTIEQUAL(LEAF(00a312:2:undefined1 *),LEAF(00a312:2:undefined1 *)),CONST(0x135c,4))),LEAF(00a312:2:undefined1 *)),CONST(0x5ff,4)),LEAF(00a312:2:undefined1 *)),MULTIEQUAL(INDIRECT(MULTIEQUAL(MULTIEQUAL(INDIRECT(MULTIEQUAL(INDIRECT(MULTIEQUAL(LEAF(00a312:2:undefined1 *),LEAF(00a312:2:undefined1 *)),CONST(0x932,4)),INDIRECT(LEAF(00a312:2:undefined1 *),CONST(0xa5b,4))),CONST(0x9d5,4)),LEAF(00a312:2:undefined1 *),INDIRECT(MULTIEQUAL(LEAF(00a312:2:undefined1 *),LEAF(00a312:2:undefined1 *)),CONST(0x774,4))),LEAF(00a312:2:undefined1 *)),CONST(0x836,4)),LEAF(00a312:2:undefined1 *)))),COPY(MULTIEQUAL(MULTIEQUAL(INDIRECT(MULTIEQUAL(MULTIEQUAL(INDIRECT(MULTIEQUAL(INDIRECT(MULTIEQUAL(LEAF(00a304:2:undefined1 *),LEAF(00a304:2:undefined1 *)),CONST(0x459,4)),LEAF(00a304:2:undefined1 *)),CONST(0x525,4)),INDIRECT(MULTIEQUAL(LEAF(00a304:2:undefined1 *),LEAF(00a304:2:undefined1 *)),CONST(0x135c,4))),LEAF(00a304:2:undefined1 *)),CONST(0x5ff,4)),LEAF(00a304:2:undefined1 *)),MULTIEQUAL(INDIRECT(MULTIEQUAL(MULTIEQUAL(INDIRECT(MULTIEQUAL(INDIRECT(MULTIEQUAL(LEAF(00a304:2:undefined1 *),LEAF(00a304:2:undefined1 *)),CONST(0x932,4)),INDIRECT(LEAF(00a304:2:undefined1 *),CONST(0xa5b,4))),CONST(0x9d5,4)),LEAF(00a304:2:undefined1 *),INDIRECT(MULTIEQUAL(LEAF(00a304:2:undefined1 *),LEAF(00a304:2:undefined1 *)),CONST(0x774,4))),LEAF(00a304:2:undefined1 *)),CONST(0x836,4)),LEAF(00a304:2:undefined1 *))))),CONST(0x2,2),CONST(0x1,2)),LEAF(register:0004:2:undefined1 *)),CONST(0xfffe,2),CONST(0x1,2))))
0044e6	FUN_0044e6	004658	STORE	COPY(MULTIEQUAL(MULTIEQUAL(INDIRECT(MULTIEQUAL(MULTIEQUAL(INDIRECT(MULTIEQUAL(INDIRECT(MULTIEQUAL(INDIRECT(MULTIEQUAL(MULTIEQUAL(INDIRECT(MULTIEQUAL(MULTIEQUAL(LEAF(00a30e:2:char *),LEAF(00a30e:2:char *)),LEAF(00a30e:2:char *)),CONST(0x213,4)),INDIRECT(MULTIEQUAL(INDIRECT(LEAF(00a30e:2:char *),CONST(0x139,4)),LEAF(00a30e:2:char *)),CONST(0x14a3,4))),LEAF(00a30e:2:char *)),CONST(0x3b6,4)),LEAF(00a30e:2:char *)),CONST(0x459,4)),LEAF(00a30e:2:char *)),CONST(0x525,4)),INDIRECT(MULTIEQUAL(LEAF(00a30e:2:char *),LEAF(00a30e:2:char *)),CONST(0x135c,4))),LEAF(00a30e:2:char *)),CONST(0x5ff,4)),LEAF(00a30e:2:char *)),MULTIEQUAL(INDIRECT(MULTIEQUAL(MULTIEQUAL(INDIRECT(MULTIEQUAL(INDIRECT(MULTIEQUAL(INDIRECT(MULTIEQUAL(LEAF(00a30e:2:char *),LEAF(00a30e:2:char *)),CONST(0x774,4)),LEAF(00a30e:2:char *)),CONST(0x932,4)),INDIRECT(LEAF(00a30e:2:char *),CONST(0xa5b,4))),CONST(0x9d5,4)),LEAF(00a30e:2:char *),LEAF(00a30e:2:char *)),LEAF(00a30e:2:char *)),CONST(0x836,4)),LEAF(00a30e:2:char *))))
0044e6	FUN_0044e6	00465e	LOAD	COPY(MULTIEQUAL(MULTIEQUAL(INDIRECT(MULTIEQUAL(MULTIEQUAL(INDIRECT(MULTIEQUAL(INDIRECT(MULTIEQUAL(INDIRECT(MULTIEQUAL(MULTIEQUAL(INDIRECT(MULTIEQUAL(MULTIEQUAL(LEAF(00a30e:2:char *),LEAF(00a30e:2:char *)),LEAF(00a30e:2:char *)),CONST(0x213,4)),INDIRECT(MULTIEQUAL(INDIRECT(LEAF(00a30e:2:char *),CONST(0x139,4)),LEAF(00a30e:2:char *)),CONST(0x14a3,4))),LEAF(00a30e:2:char *)),CONST(0x3b6,4)),LEAF(00a30e:2:char *)),CONST(0x459,4)),LEAF(00a30e:2:char *)),CONST(0x525,4)),INDIRECT(MULTIEQUAL(LEAF(00a30e:2:char *),LEAF(00a30e:2:char *)),CONST(0x135c,4))),LEAF(00a30e:2:char *)),CONST(0x5ff,4)),LEAF(00a30e:2:char *)),MULTIEQUAL(INDIRECT(MULTIEQUAL(MULTIEQUAL(INDIRECT(MULTIEQUAL(INDIRECT(MULTIEQUAL(INDIRECT(MULTIEQUAL(LEAF(00a30e:2:char *),LEAF(00a30e:2:char *)),CONST(0x774,4)),LEAF(00a30e:2:char *)),CONST(0x932,4)),INDIRECT(LEAF(00a30e:2:char *),CONST(0xa5b,4))),CONST(0x9d5,4)),LEAF(00a30e:2:char *),LEAF(00a30e:2:char *)),LEAF(00a30e:2:char *)),CONST(0x836,4)),LEAF(00a30e:2:char *))))
0044e6	FUN_0044e6	00466c	STORE	CAST(INT_ZEXT(PTRADD(MULTIEQUAL(PTRADD(COPY(MULTIEQUAL(MULTIEQUAL(INDIRECT(MULTIEQUAL(MULTIEQUAL(INDIRECT(MULTIEQUAL(INDIRECT(MULTIEQUAL(INDIRECT(LEAF(00a310:2:char *),CONST(0x3b6,4)),LEAF(00a310:2:char *)),CONST(0x459,4)),LEAF(00a310:2:char *)),CONST(0x525,4)),INDIRECT(MULTIEQUAL(LEAF(00a310:2:char *),LEAF(00a310:2:char *)),CONST(0x135c,4))),LEAF(00a310:2:char *)),CONST(0x5ff,4)),LEAF(00a310:2:char *)),MULTIEQUAL(INDIRECT(MULTIEQUAL(MULTIEQUAL(INDIRECT(MULTIEQUAL(INDIRECT(MULTIEQUAL(INDIRECT(LEAF(00a310:2:char *),CONST(0x774,4)),LEAF(00a310:2:char *)),CONST(0x932,4)),INDIRECT(LEAF(00a310:2:char *),CONST(0xa5b,4))),CONST(0x9d5,4)),LEAF(00a310:2:char *),LEAF(00a310:2:char *)),LEAF(00a310:2:char *)),CONST(0x836,4)),LEAF(00a310:2:char *)))),CONST(0x1,2),CONST(0x1,2)),LEAF(register:0004:2:char *)),CONST(0xffff,2),CONST(0x1,2))))
0044e6	FUN_0044e6	004674	LOAD	CAST(INT_ZEXT(MULTIEQUAL(COPY(COPY(MULTIEQUAL(MULTIEQUAL(INDIRECT(MULTIEQUAL(MULTIEQUAL(INDIRECT(MULTIEQUAL(INDIRECT(MULTIEQUAL(INDIRECT(MULTIEQUAL(LEAF(00a310:2:char *),LEAF(00a310:2:char *)),CONST(0x3b6,4)),LEAF(00a310:2:char *)),CONST(0x459,4)),LEAF(00a310:2:char *)),CONST(0x525,4)),INDIRECT(MULTIEQUAL(LEAF(00a310:2:char *),LEAF(00a310:2:char *)),CONST(0x135c,4))),LEAF(00a310:2:char *)),CONST(0x5ff,4)),LEAF(00a310:2:char *)),MULTIEQUAL(INDIRECT(MULTIEQUAL(MULTIEQUAL(INDIRECT(MULTIEQUAL(INDIRECT(MULTIEQUAL(INDIRECT(MULTIEQUAL(LEAF(00a310:2:char *),LEAF(00a310:2:char *)),CONST(0x774,4)),LEAF(00a310:2:char *)),CONST(0x932,4)),INDIRECT(LEAF(00a310:2:char *),CONST(0xa5b,4))),CONST(0x9d5,4)),LEAF(00a310:2:char *),LEAF(00a310:2:char *)),LEAF(00a310:2:char *)),CONST(0x836,4)),LEAF(00a310:2:char *))))),PTRADD(LEAF(register:0004:2:char *),CONST(0xffff,2),CONST(0x1,2)))))
0044e6	FUN_0044e6	004678	STORE	CAST(INT_ZEXT(MULTIEQUAL(COPY(COPY(MULTIEQUAL(MULTIEQUAL(INDIRECT(MULTIEQUAL(MULTIEQUAL(INDIRECT(MULTIEQUAL(INDIRECT(MULTIEQUAL(INDIRECT(MULTIEQUAL(LEAF(00a310:2:char *),LEAF(00a310:2:char *)),CONST(0x3b6,4)),LEAF(00a310:2:char *)),CONST(0x459,4)),LEAF(00a310:2:char *)),CONST(0x525,4)),INDIRECT(MULTIEQUAL(LEAF(00a310:2:char *),LEAF(00a310:2:char *)),CONST(0x135c,4))),LEAF(00a310:2:char *)),CONST(0x5ff,4)),LEAF(00a310:2:char *)),MULTIEQUAL(INDIRECT(MULTIEQUAL(MULTIEQUAL(INDIRECT(MULTIEQUAL(INDIRECT(MULTIEQUAL(INDIRECT(MULTIEQUAL(LEAF(00a310:2:char *),LEAF(00a310:2:char *)),CONST(0x774,4)),LEAF(00a310:2:char *)),CONST(0x932,4)),INDIRECT(LEAF(00a310:2:char *),CONST(0xa5b,4))),CONST(0x9d5,4)),LEAF(00a310:2:char *),LEAF(00a310:2:char *)),LEAF(00a310:2:char *)),CONST(0x836,4)),LEAF(00a310:2:char *))))),PTRADD(LEAF(register:0004:2:char *),CONST(0xffff,2),CONST(0x1,2)))))
0044e6	FUN_0044e6	004682	LOAD	CAST(INT_ZEXT(MULTIEQUAL(COPY(COPY(MULTIEQUAL(MULTIEQUAL(INDIRECT(MULTIEQUAL(MULTIEQUAL(INDIRECT(MULTIEQUAL(INDIRECT(MULTIEQUAL(INDIRECT(MULTIEQUAL(LEAF(00a310:2:char *),LEAF(00a310:2:char *)),CONST(0x3b6,4)),LEAF(00a310:2:char *)),CONST(0x459,4)),LEAF(00a310:2:char *)),CONST(0x525,4)),INDIRECT(MULTIEQUAL(LEAF(00a310:2:char *),LEAF(00a310:2:char *)),CONST(0x135c,4))),LEAF(00a310:2:char *)),CONST(0x5ff,4)),LEAF(00a310:2:char *)),MULTIEQUAL(INDIRECT(MULTIEQUAL(MULTIEQUAL(INDIRECT(MULTIEQUAL(INDIRECT(MULTIEQUAL(INDIRECT(MULTIEQUAL(LEAF(00a310:2:char *),LEAF(00a310:2:char *)),CONST(0x774,4)),LEAF(00a310:2:char *)),CONST(0x932,4)),INDIRECT(LEAF(00a310:2:char *),CONST(0xa5b,4))),CONST(0x9d5,4)),LEAF(00a310:2:char *),LEAF(00a310:2:char *)),LEAF(00a310:2:char *)),CONST(0x836,4)),LEAF(00a310:2:char *))))),PTRADD(LEAF(register:0004:2:char *),CONST(0xffff,2),CONST(0x1,2)))))
0044e6	FUN_0044e6	004686	STORE	CAST(INT_ZEXT(MULTIEQUAL(COPY(COPY(MULTIEQUAL(MULTIEQUAL(INDIRECT(MULTIEQUAL(MULTIEQUAL(INDIRECT(MULTIEQUAL(INDIRECT(MULTIEQUAL(INDIRECT(MULTIEQUAL(LEAF(00a310:2:char *),LEAF(00a310:2:char *)),CONST(0x3b6,4)),LEAF(00a310:2:char *)),CONST(0x459,4)),LEAF(00a310:2:char *)),CONST(0x525,4)),INDIRECT(MULTIEQUAL(LEAF(00a310:2:char *),LEAF(00a310:2:char *)),CONST(0x135c,4))),LEAF(00a310:2:char *)),CONST(0x5ff,4)),LEAF(00a310:2:char *)),MULTIEQUAL(INDIRECT(MULTIEQUAL(MULTIEQUAL(INDIRECT(MULTIEQUAL(INDIRECT(MULTIEQUAL(INDIRECT(MULTIEQUAL(LEAF(00a310:2:char *),LEAF(00a310:2:char *)),CONST(0x774,4)),LEAF(00a310:2:char *)),CONST(0x932,4)),INDIRECT(LEAF(00a310:2:char *),CONST(0xa5b,4))),CONST(0x9d5,4)),LEAF(00a310:2:char *),LEAF(00a310:2:char *)),LEAF(00a310:2:char *)),CONST(0x836,4)),LEAF(00a310:2:char *))))),PTRADD(LEAF(register:0004:2:char *),CONST(0xffff,2),CONST(0x1,2)))))
0044e6	FUN_0044e6	004690	LOAD	CAST(INT_ZEXT(MULTIEQUAL(COPY(COPY(MULTIEQUAL(MULTIEQUAL(INDIRECT(MULTIEQUAL(MULTIEQUAL(INDIRECT(MULTIEQUAL(INDIRECT(MULTIEQUAL(INDIRECT(MULTIEQUAL(LEAF(00a310:2:char *),LEAF(00a310:2:char *)),CONST(0x3b6,4)),LEAF(00a310:2:char *)),CONST(0x459,4)),LEAF(00a310:2:char *)),CONST(0x525,4)),INDIRECT(MULTIEQUAL(LEAF(00a310:2:char *),LEAF(00a310:2:char *)),CONST(0x135c,4))),LEAF(00a310:2:char *)),CONST(0x5ff,4)),LEAF(00a310:2:char *)),MULTIEQUAL(INDIRECT(MULTIEQUAL(MULTIEQUAL(INDIRECT(MULTIEQUAL(INDIRECT(MULTIEQUAL(INDIRECT(MULTIEQUAL(LEAF(00a310:2:char *),LEAF(00a310:2:char *)),CONST(0x774,4)),LEAF(00a310:2:char *)),CONST(0x932,4)),INDIRECT(LEAF(00a310:2:char *),CONST(0xa5b,4))),CONST(0x9d5,4)),LEAF(00a310:2:char *),LEAF(00a310:2:char *)),LEAF(00a310:2:char *)),CONST(0x836,4)),LEAF(00a310:2:char *))))),PTRADD(LEAF(register:0004:2:char *),CONST(0xffff,2),CONST(0x1,2)))))
0044e6	FUN_0044e6	00469a	STORE	CAST(INT_ZEXT(MULTIEQUAL(COPY(COPY(MULTIEQUAL(MULTIEQUAL(INDIRECT(MULTIEQUAL(MULTIEQUAL(INDIRECT(MULTIEQUAL(INDIRECT(MULTIEQUAL(INDIRECT(MULTIEQUAL(LEAF(00a310:2:char *),LEAF(00a310:2:char *)),CONST(0x3b6,4)),LEAF(00a310:2:char *)),CONST(0x459,4)),LEAF(00a310:2:char *)),CONST(0x525,4)),INDIRECT(MULTIEQUAL(LEAF(00a310:2:char *),LEAF(00a310:2:char *)),CONST(0x135c,4))),LEAF(00a310:2:char *)),CONST(0x5ff,4)),LEAF(00a310:2:char *)),MULTIEQUAL(INDIRECT(MULTIEQUAL(MULTIEQUAL(INDIRECT(MULTIEQUAL(INDIRECT(MULTIEQUAL(INDIRECT(MULTIEQUAL(LEAF(00a310:2:char *),LEAF(00a310:2:char *)),CONST(0x774,4)),LEAF(00a310:2:char *)),CONST(0x932,4)),INDIRECT(LEAF(00a310:2:char *),CONST(0xa5b,4))),CONST(0x9d5,4)),LEAF(00a310:2:char *),LEAF(00a310:2:char *)),LEAF(00a310:2:char *)),CONST(0x836,4)),LEAF(00a310:2:char *))))),PTRADD(LEAF(register:0004:2:char *),CONST(0xffff,2),CONST(0x1,2)))))
0044e6	FUN_0044e6	0046a4	LOAD	CAST(INT_ZEXT(MULTIEQUAL(COPY(COPY(MULTIEQUAL(MULTIEQUAL(INDIRECT(MULTIEQUAL(MULTIEQUAL(INDIRECT(MULTIEQUAL(INDIRECT(MULTIEQUAL(INDIRECT(MULTIEQUAL(LEAF(00a310:2:char *),LEAF(00a310:2:char *)),CONST(0x3b6,4)),LEAF(00a310:2:char *)),CONST(0x459,4)),LEAF(00a310:2:char *)),CONST(0x525,4)),INDIRECT(MULTIEQUAL(LEAF(00a310:2:char *),LEAF(00a310:2:char *)),CONST(0x135c,4))),LEAF(00a310:2:char *)),CONST(0x5ff,4)),LEAF(00a310:2:char *)),MULTIEQUAL(INDIRECT(MULTIEQUAL(MULTIEQUAL(INDIRECT(MULTIEQUAL(INDIRECT(MULTIEQUAL(INDIRECT(MULTIEQUAL(LEAF(00a310:2:char *),LEAF(00a310:2:char *)),CONST(0x774,4)),LEAF(00a310:2:char *)),CONST(0x932,4)),INDIRECT(LEAF(00a310:2:char *),CONST(0xa5b,4))),CONST(0x9d5,4)),LEAF(00a310:2:char *),LEAF(00a310:2:char *)),LEAF(00a310:2:char *)),CONST(0x836,4)),LEAF(00a310:2:char *))))),PTRADD(LEAF(register:0004:2:char *),CONST(0xffff,2),CONST(0x1,2)))))
0044e6	FUN_0044e6	0046b8	STORE	CAST(INT_ZEXT(PTRADD(MULTIEQUAL(PTRADD(COPY(MULTIEQUAL(MULTIEQUAL(INDIRECT(MULTIEQUAL(MULTIEQUAL(INDIRECT(MULTIEQUAL(INDIRECT(MULTIEQUAL(INDIRECT(LEAF(00a310:2:char *),CONST(0x3b6,4)),LEAF(00a310:2:char *)),CONST(0x459,4)),LEAF(00a310:2:char *)),CONST(0x525,4)),INDIRECT(MULTIEQUAL(LEAF(00a310:2:char *),LEAF(00a310:2:char *)),CONST(0x135c,4))),LEAF(00a310:2:char *)),CONST(0x5ff,4)),LEAF(00a310:2:char *)),MULTIEQUAL(INDIRECT(MULTIEQUAL(MULTIEQUAL(INDIRECT(MULTIEQUAL(INDIRECT(MULTIEQUAL(INDIRECT(LEAF(00a310:2:char *),CONST(0x774,4)),LEAF(00a310:2:char *)),CONST(0x932,4)),INDIRECT(LEAF(00a310:2:char *),CONST(0xa5b,4))),CONST(0x9d5,4)),LEAF(00a310:2:char *),LEAF(00a310:2:char *)),LEAF(00a310:2:char *)),CONST(0x836,4)),LEAF(00a310:2:char *)))),CONST(0x1,2),CONST(0x1,2)),LEAF(register:0004:2:char *)),CONST(0xffff,2),CONST(0x1,2))))
0051e6	flash_reflash_sequence	00520a	LOAD	CAST(INT_ZEXT(MULTIEQUAL(COPY(CONST(0x230,2)),INT_ADD(LEAF(register:0012:2:ushort),CONST(0x1,2)))))
0051e6	flash_reflash_sequence	00520a	STORE	CAST(INT_ZEXT(MULTIEQUAL(SUBPIECE(PTRSUB(CONST(0x0,3),CONST(0xe320,3)),CONST(0x0,4)),INT_ADD(LEAF(register:000e:2:ushort),CONST(0x1,2)))))
0051e6	flash_reflash_sequence	00532a	LOAD	CAST(INT_ZEXT(INT_AND(INT_SUB(MULTIEQUAL(INDIRECT(INDIRECT(INDIRECT(INDIRECT(MULTIEQUAL(INDIRECT(LEAF(00a356:2:short),CONST(0x7e,4)),LEAF(00a356:2:short)),CONST(0x114,4)),CONST(0x207,4)),CONST(0x20d,4)),CONST(0x475,4)),INDIRECT(LEAF(00a356:2:short),CONST(0xe33,4)),INDIRECT(INDIRECT(LEAF(00a356:2:short),CONST(0xecb,4)),CONST(0xf46,4)),INDIRECT(LEAF(00a356:2:short),CONST(0xfde,4)),LEAF(00a356:2:short),LEAF(00a356:2:short)),CONST(0x1,2)),CONST(0x3fff,2))))
0051e6	flash_reflash_sequence	00537a	LOAD	CAST(INT_ZEXT(INT_AND(MULTIEQUAL(INDIRECT(INDIRECT(INDIRECT(INDIRECT(MULTIEQUAL(INDIRECT(LEAF(00a37a:2:ushort),CONST(0x7e,4)),LEAF(00a37a:2:ushort)),CONST(0x114,4)),CONST(0x207,4)),CONST(0x20d,4)),CONST(0x475,4)),INDIRECT(LEAF(00a37a:2:ushort),CONST(0xe33,4)),INDIRECT(INDIRECT(LEAF(00a37a:2:ushort),CONST(0xecb,4)),CONST(0xf46,4)),INDIRECT(LEAF(00a37a:2:ushort),CONST(0xfde,4)),LEAF(00a37a:2:ushort),LEAF(00a37a:2:ushort)),CONST(0x3fff,2))))
016c24	FUN_016c24	016c34	LOAD	CAST(INT_ZEXT(LEAF(register:001c:2:ushort)))
016c24	FUN_016c24	016c34	STORE	CAST(INT_AND(LEAF(register:0002:2:ushort),CONST(0x2,2)))
0203f4	FUN_0203f4	020474	LOAD	CAST(INT_ZEXT(MULTIEQUAL(INT_AND(PIECE(LEAF(00e425:1:byte),LEAF(00e426:1:undefined1)),CONST(0x3fff,2)),MULTIEQUAL(COPY(CONST(0x0,2)),INT_ADD(LEAF(register:000e:2:ushort),CONST(0x1,2))))))
0203f4	FUN_0203f4	02047a	STORE	CAST(INT_ZEXT(MULTIEQUAL(COPY(SUBPIECE(PTRSUB(CONST(0x0,3),CONST(0xe523,3)),CONST(0x0,4))),COPY(INT_ADD(LEAF(register:0012:2:ushort),CONST(0x1,2))))))
02045e	FUN_02045e	020474	LOAD	CAST(INT_ZEXT(MULTIEQUAL(INT_AND(LEAF(00ea00:2:ushort),CONST(0x3fff,2)),MULTIEQUAL(COPY(CONST(0x0,2)),INT_ADD(LEAF(register:000e:2:ushort),CONST(0x1,2))))))
02045e	FUN_02045e	02047a	STORE	CAST(INT_ZEXT(MULTIEQUAL(COPY(SUBPIECE(PTRSUB(CONST(0x0,3),CONST(0xe523,3)),CONST(0x0,4))),COPY(INT_ADD(LEAF(register:0012:2:ushort),CONST(0x1,2))))))
020488	FUN_020488	020474	LOAD	CAST(INT_ZEXT(MULTIEQUAL(MULTIEQUAL(LEAF(register:000e:2:ushort),COPY(CONST(0x0,2))),INT_ADD(LEAF(register:000e:2:ushort),CONST(0x1,2)))))
020488	FUN_020488	02047a	STORE	CAST(INT_ZEXT(MULTIEQUAL(COPY(MULTIEQUAL(LEAF(register:0012:2:ushort),INT_ADD(LEAF(register:0012:2:ushort),CONST(0x1,2)))),COPY(LEAF(unique:00022d00:2:ushort)))))
020532	FUN_020532	020702	LOAD	CAST(INT_ZEXT(MULTIEQUAL(SUBPIECE(PTRSUB(CONST(0x0,3),CONST(0xe428,3)),CONST(0x0,4)),INT_ADD(LEAF(register:0010:2:ushort),CONST(0x1,2)))))
020532	FUN_020532	020702	STORE	CAST(INT_ZEXT(MULTIEQUAL(INT_AND(PIECE(LEAF(00e425:1:byte),LEAF(00e426:1:undefined1)),CONST(0x3fff,2)),INT_ADD(LEAF(register:0012:2:ushort),CONST(0x1,2)))))
020532	FUN_020532	020710	LOAD	CAST(INT_ZEXT(MULTIEQUAL(SUBPIECE(PTRSUB(CONST(0x0,3),CONST(0xe428,3)),CONST(0x0,4)),INT_ADD(LEAF(register:0010:2:ushort),CONST(0x1,2)))))
020532	FUN_020532	020712	LOAD	CAST(INT_ZEXT(MULTIEQUAL(INT_AND(PIECE(LEAF(00e425:1:byte),LEAF(00e426:1:undefined1)),CONST(0x3fff,2)),INT_ADD(LEAF(register:0012:2:ushort),CONST(0x1,2)))))
020532	FUN_020532	020950	LOAD	CAST(INT_ZEXT(INT_ADD(SUBPIECE(PTRSUB(CONST(0x0,3),CONST(0xf63a,3)),CONST(0x0,4)),INT_MULT(INT_ZEXT(CAST(INT_ADD(SUBPIECE(MULTIEQUAL(LEAF(register:000c:2:ushort),LEAF(register:000c:2:ushort),LEAF(register:000c:2:ushort),LEAF(register:000c:2:ushort),LEAF(register:000c:2:ushort),LEAF(register:000c:2:ushort),LEAF(register:000c:2:ushort)),CONST(0x0,2)),CONST(0x1,1)))),CONST(0x2,2)))))
020532	FUN_020532	020954	STORE	CAST(INT_ZEXT(INT_ADD(MULTIEQUAL(LEAF(register:0012:2:ushort),INT_ADD(LEAF(register:0012:2:ushort),CONST(0x2,2)),LEAF(register:0012:2:ushort),LEAF(register:0012:2:ushort),LEAF(register:0012:2:ushort),LEAF(register:0012:2:ushort),LEAF(register:0012:2:ushort)),CONST(0x1,2))))
020532	FUN_020532	02095a	LOAD	CAST(INT_ZEXT(INT_SUB(INT_MULT(INT_ZEXT(CAST(INT_ADD(SUBPIECE(MULTIEQUAL(LEAF(register:000c:2:ushort),LEAF(register:000c:2:ushort),LEAF(register:000c:2:ushort),LEAF(register:000c:2:ushort),LEAF(register:000c:2:ushort),LEAF(register:000c:2:ushort),LEAF(register:000c:2:ushort)),CONST(0x0,2)),CONST(0x1,1)))),CONST(0x2,2)),CONST(0x9c5,2))))
020532	FUN_020532	020962	STORE	CAST(INT_ZEXT(MULTIEQUAL(LEAF(register:0012:2:ushort),INT_ADD(LEAF(register:0012:2:ushort),CONST(0x2,2)),LEAF(register:0012:2:ushort),LEAF(register:0012:2:ushort),LEAF(register:0012:2:ushort),LEAF(register:0012:2:ushort),LEAF(register:0012:2:ushort))))
020532	FUN_020532	020974	LOAD	CAST(INT_ZEXT(INT_ADD(SUBPIECE(PTRSUB(CONST(0x0,3),CONST(0xf648,3)),CONST(0x0,4)),INT_MULT(INT_ZEXT(MULTIEQUAL(COPY(CONST(0x0,1)),INT_ADD(LEAF(register:000c:1:byte),CONST(0x1,1)))),CONST(0x2,2)))))
020532	FUN_020532	020978	STORE	CAST(INT_ZEXT(MULTIEQUAL(INT_ADD(MULTIEQUAL(LEAF(register:0012:2:ushort),INT_ADD(LEAF(register:0012:2:ushort),CONST(0x2,2)),LEAF(register:0012:2:ushort),LEAF(register:0012:2:ushort),LEAF(register:0012:2:ushort),LEAF(register:0012:2:ushort),LEAF(register:0012:2:ushort)),CONST(0x1,2)),INT_ADD(LEAF(register:0012:2:ushort),CONST(0x2,2)))))
020532	FUN_020532	02097e	LOAD	CAST(INT_ZEXT(INT_SUB(INT_MULT(INT_ZEXT(MULTIEQUAL(COPY(CONST(0x0,1)),INT_ADD(LEAF(register:000c:1:byte),CONST(0x1,1)))),CONST(0x2,2)),CONST(0x9b7,2))))
020532	FUN_020532	020986	STORE	CAST(INT_ZEXT(INT_ADD(MULTIEQUAL(INT_ADD(MULTIEQUAL(LEAF(register:0012:2:ushort),INT_ADD(LEAF(register:0012:2:ushort),CONST(0x2,2)),LEAF(register:0012:2:ushort),LEAF(register:0012:2:ushort),LEAF(register:0012:2:ushort),LEAF(register:0012:2:ushort),LEAF(register:0012:2:ushort)),CONST(0x1,2)),INT_ADD(LEAF(register:0012:2:ushort),CONST(0x2,2))),CONST(0x1,2))))
020532	FUN_020532	020998	LOAD	CAST(INT_ZEXT(INT_ADD(SUBPIECE(PTRSUB(CONST(0x0,3),CONST(0xf664,3)),CONST(0x0,4)),INT_MULT(INT_ZEXT(MULTIEQUAL(COPY(CONST(0x0,1)),INT_ADD(LEAF(register:000c:1:byte),CONST(0x1,1)))),CONST(0x2,2)))))
020532	FUN_020532	02099c	STORE	CAST(INT_ZEXT(MULTIEQUAL(INT_ADD(MULTIEQUAL(INT_ADD(MULTIEQUAL(LEAF(register:0012:2:ushort),INT_ADD(LEAF(register:0012:2:ushort),CONST(0x2,2)),LEAF(register:0012:2:ushort),LEAF(register:0012:2:ushort),LEAF(register:0012:2:ushort),LEAF(register:0012:2:ushort),LEAF(register:0012:2:ushort)),CONST(0x1,2)),LEAF(unique:00022d00:2:ushort)),CONST(0x2,2)),INT_ADD(LEAF(register:0012:2:ushort),CONST(0x2,2)))))
020532	FUN_020532	0209a2	LOAD	CAST(INT_ZEXT(INT_SUB(INT_MULT(INT_ZEXT(MULTIEQUAL(COPY(CONST(0x0,1)),INT_ADD(LEAF(register:000c:1:byte),CONST(0x1,1)))),CONST(0x2,2)),CONST(0x99b,2))))
020532	FUN_020532	0209aa	STORE	CAST(INT_ZEXT(INT_ADD(MULTIEQUAL(INT_ADD(MULTIEQUAL(INT_ADD(MULTIEQUAL(LEAF(register:0012:2:ushort),INT_ADD(LEAF(register:0012:2:ushort),CONST(0x2,2)),LEAF(register:0012:2:ushort),LEAF(register:0012:2:ushort),LEAF(register:0012:2:ushort),LEAF(register:0012:2:ushort),LEAF(register:0012:2:ushort)),CONST(0x1,2)),LEAF(unique:00022d00:2:ushort)),CONST(0x2,2)),INT_ADD(LEAF(register:0012:2:ushort),CONST(0x2,2))),CONST(0x1,2))))
020674	FUN_020674	020702	LOAD	CAST(INT_ZEXT(MULTIEQUAL(SUBPIECE(PTRSUB(CONST(0x0,3),CONST(0xe428,3)),CONST(0x0,4)),INT_ADD(LEAF(register:0010:2:ushort),CONST(0x1,2)))))
020674	FUN_020674	020702	STORE	CAST(INT_ZEXT(MULTIEQUAL(INT_AND(PIECE(LEAF(00e425:1:undefined1),LEAF(00e426:1:undefined1)),CONST(0x3fff,2)),INT_ADD(LEAF(register:0012:2:ushort),CONST(0x1,2)))))
020674	FUN_020674	020710	LOAD	CAST(INT_ZEXT(MULTIEQUAL(SUBPIECE(PTRSUB(CONST(0x0,3),CONST(0xe428,3)),CONST(0x0,4)),INT_ADD(LEAF(register:0010:2:ushort),CONST(0x1,2)))))
020674	FUN_020674	020712	LOAD	CAST(INT_ZEXT(MULTIEQUAL(INT_AND(PIECE(LEAF(00e425:1:undefined1),LEAF(00e426:1:undefined1)),CONST(0x3fff,2)),INT_ADD(LEAF(register:0012:2:ushort),CONST(0x1,2)))))
02080a	FUN_02080a	020872	LOAD	CAST(INT_ZEXT(INT_ADD(SUBPIECE(PTRSUB(CONST(0x0,3),CONST(0xa5cd,3)),CONST(0x0,4)),INT_MULT(INT_ZEXT(MULTIEQUAL(COPY(CONST(0x0,1)),INT_ADD(LEAF(register:000c:1:byte),CONST(0x1,1)))),CONST(0x10,2)))))
02080a	FUN_02080a	02087e	LOAD	CAST(INT_ZEXT(INT_ADD(SUBPIECE(PTRSUB(CONST(0x0,3),CONST(0xa5cc,3)),CONST(0x0,4)),INT_MULT(INT_ZEXT(MULTIEQUAL(COPY(CONST(0x0,1)),INT_ADD(LEAF(register:000c:1:byte),CONST(0x1,1)))),CONST(0x10,2)))))
02080a	FUN_02080a	020882	STORE	CAST(INT_ZEXT(MULTIEQUAL(SUBPIECE(PTRSUB(CONST(0x0,3),CONST(0xe523,3)),CONST(0x0,4)),MULTIEQUAL(INT_ADD(LEAF(register:0012:2:ushort),CONST(0x2,2)),LEAF(register:0012:2:ushort)))))
02080a	FUN_02080a	020888	STORE	CAST(INT_ZEXT(INT_ADD(MULTIEQUAL(SUBPIECE(PTRSUB(CONST(0x0,3),CONST(0xe523,3)),CONST(0x0,4)),MULTIEQUAL(INT_ADD(LEAF(register:0012:2:ushort),CONST(0x2,2)),LEAF(register:0012:2:ushort))),CONST(0x1,2))))
02080a	FUN_02080a	020950	LOAD	CAST(INT_ZEXT(INT_ADD(SUBPIECE(PTRSUB(CONST(0x0,3),CONST(0xf63a,3)),CONST(0x0,4)),INT_MULT(INT_ZEXT(MULTIEQUAL(COPY(CONST(0x0,1)),INT_ADD(LEAF(register:000c:1:byte),CONST(0x1,1)))),CONST(0x2,2)))))
02080a	FUN_02080a	020954	STORE	CAST(INT_ZEXT(MULTIEQUAL(SUBPIECE(PTRSUB(CONST(0x0,3),CONST(0xe52e,3)),CONST(0x0,4)),INT_ADD(LEAF(register:0012:2:ushort),CONST(0x2,2)))))
02080a	FUN_02080a	02095a	LOAD	CAST(INT_ZEXT(INT_SUB(INT_MULT(INT_ZEXT(MULTIEQUAL(COPY(CONST(0x0,1)),INT_ADD(LEAF(register:000c:1:byte),CONST(0x1,1)))),CONST(0x2,2)),CONST(0x9c5,2))))
02080a	FUN_02080a	020962	STORE	CAST(INT_ZEXT(INT_ADD(MULTIEQUAL(SUBPIECE(PTRSUB(CONST(0x0,3),CONST(0xe52e,3)),CONST(0x0,4)),INT_ADD(LEAF(register:0012:2:ushort),CONST(0x2,2))),CONST(0x1,2))))
02080a	FUN_02080a	020974	LOAD	CAST(INT_ZEXT(INT_ADD(SUBPIECE(PTRSUB(CONST(0x0,3),CONST(0xf648,3)),CONST(0x0,4)),INT_MULT(INT_ZEXT(MULTIEQUAL(COPY(CONST(0x0,1)),INT_ADD(LEAF(register:000c:1:byte),CONST(0x1,1)))),CONST(0x2,2)))))
02080a	FUN_02080a	020978	STORE	CAST(INT_ZEXT(MULTIEQUAL(INT_ADD(MULTIEQUAL(SUBPIECE(PTRSUB(CONST(0x0,3),CONST(0xe52e,3)),CONST(0x0,4)),LEAF(unique:00022d00:2:ushort)),CONST(0x2,2)),INT_ADD(LEAF(register:0012:2:ushort),CONST(0x2,2)))))
02080a	FUN_02080a	02097e	LOAD	CAST(INT_ZEXT(INT_SUB(INT_MULT(INT_ZEXT(MULTIEQUAL(COPY(CONST(0x0,1)),INT_ADD(LEAF(register:000c:1:byte),CONST(0x1,1)))),CONST(0x2,2)),CONST(0x9b7,2))))
02080a	FUN_02080a	020986	STORE	CAST(INT_ZEXT(INT_ADD(MULTIEQUAL(INT_ADD(MULTIEQUAL(SUBPIECE(PTRSUB(CONST(0x0,3),CONST(0xe52e,3)),CONST(0x0,4)),LEAF(unique:00022d00:2:ushort)),CONST(0x2,2)),INT_ADD(LEAF(register:0012:2:ushort),CONST(0x2,2))),CONST(0x1,2))))
02080a	FUN_02080a	020998	LOAD	CAST(INT_ZEXT(INT_ADD(SUBPIECE(PTRSUB(CONST(0x0,3),CONST(0xf664,3)),CONST(0x0,4)),INT_MULT(INT_ZEXT(MULTIEQUAL(COPY(CONST(0x0,1)),INT_ADD(LEAF(register:000c:1:byte),CONST(0x1,1)))),CONST(0x2,2)))))
02080a	FUN_02080a	02099c	STORE	CAST(INT_ZEXT(MULTIEQUAL(INT_ADD(MULTIEQUAL(INT_ADD(MULTIEQUAL(SUBPIECE(PTRSUB(CONST(0x0,3),CONST(0xe52e,3)),CONST(0x0,4)),LEAF(unique:00022d00:2:ushort)),CONST(0x2,2)),LEAF(unique:00022d00:2:ushort)),CONST(0x2,2)),INT_ADD(LEAF(register:0012:2:ushort),CONST(0x2,2)))))
02080a	FUN_02080a	0209a2	LOAD	CAST(INT_ZEXT(INT_SUB(INT_MULT(INT_ZEXT(MULTIEQUAL(COPY(CONST(0x0,1)),INT_ADD(LEAF(register:000c:1:byte),CONST(0x1,1)))),CONST(0x2,2)),CONST(0x99b,2))))
02080a	FUN_02080a	0209aa	STORE	CAST(INT_ZEXT(INT_ADD(MULTIEQUAL(INT_ADD(MULTIEQUAL(INT_ADD(MULTIEQUAL(SUBPIECE(PTRSUB(CONST(0x0,3),CONST(0xe52e,3)),CONST(0x0,4)),LEAF(unique:00022d00:2:ushort)),CONST(0x2,2)),LEAF(unique:00022d00:2:ushort)),CONST(0x2,2)),INT_ADD(LEAF(register:0012:2:ushort),CONST(0x2,2))),CONST(0x1,2))))
02080a	FUN_02080a	020e16	LOAD	PTRADD(CAST(PIECE(SUBPIECE(INT_RIGHT(CAST(PTRSUB(LEAF(register:0000:2:void *),CONST(0xfffc,2))),CONST(0x8,4)),CONST(0x0,4)),INT_MULT(SUBPIECE(PTRSUB(LEAF(register:0000:2:void *),CONST(0xfffc,2)),CONST(0x0,2)),CONST(0x2,1)))),CONST(0x2,2),CONST(0x1,2))
02080a	FUN_02080a	020e1c	STORE	CAST(INT_ZEXT(INT_ADD(SUBPIECE(PTRSUB(CONST(0x0,3),CONST(0xe523,3)),CONST(0x0,4)),INT_ZEXT(CAST(LOAD(CONST(0x1f1,4),PTRADD(CAST(PIECE(SUBPIECE(INT_RIGHT(CAST(PTRSUB(LEAF(register:0000:2:void *),CONST(0xfffc,2))),CONST(0x8,4)),CONST(0x0,4)),INT_MULT(SUBPIECE(PTRSUB(LEAF(register:0000:2:void *),CONST(0xfffc,2)),CONST(0x0,2)),CONST(0x2,1)))),CONST(0x2,2),CONST(0x1,2))))))))
02080a	FUN_02080a	020e20	LOAD	PTRADD(CAST(PIECE(SUBPIECE(INT_RIGHT(CAST(PTRSUB(LEAF(register:0000:2:void *),CONST(0xfffc,2))),CONST(0x8,4)),CONST(0x0,4)),INT_MULT(SUBPIECE(PTRSUB(LEAF(register:0000:2:void *),CONST(0xfffc,2)),CONST(0x0,2)),CONST(0x2,1)))),CONST(0x1,2),CONST(0x1,2))
02080a	FUN_02080a	020e30	LOAD	PTRADD(CAST(PIECE(SUBPIECE(INT_RIGHT(CAST(PTRSUB(LEAF(register:0000:2:void *),CONST(0xfffc,2))),CONST(0x8,4)),CONST(0x0,4)),INT_MULT(SUBPIECE(PTRSUB(LEAF(register:0000:2:void *),CONST(0xfffc,2)),CONST(0x0,2)),CONST(0x2,1)))),CONST(0x2,2),CONST(0x1,2))
02080a	FUN_02080a	020e36	STORE	CAST(INT_ZEXT(INT_ADD(SUBPIECE(PTRSUB(CONST(0x0,3),CONST(0xe524,3)),CONST(0x0,4)),INT_ZEXT(CAST(LOAD(CONST(0x1f1,4),PTRADD(CAST(PIECE(SUBPIECE(INT_RIGHT(CAST(PTRSUB(LEAF(register:0000:2:void *),CONST(0xfffc,2))),CONST(0x8,4)),CONST(0x0,4)),INT_MULT(SUBPIECE(PTRSUB(LEAF(register:0000:2:void *),CONST(0xfffc,2)),CONST(0x0,2)),CONST(0x2,1)))),CONST(0x2,2),CONST(0x1,2))))))))
02080a	FUN_02080a	020e3a	LOAD	CAST(PIECE(SUBPIECE(INT_RIGHT(CAST(PTRSUB(LEAF(register:0000:2:void *),CONST(0xfffc,2))),CONST(0x8,4)),CONST(0x0,4)),INT_MULT(SUBPIECE(PTRSUB(LEAF(register:0000:2:void *),CONST(0xfffc,2)),CONST(0x0,2)),CONST(0x2,1))))
02080a	FUN_02080a	020e3c	LOAD	PTRADD(CAST(PIECE(SUBPIECE(INT_RIGHT(CAST(PTRSUB(LEAF(register:0000:2:void *),CONST(0xfffc,2))),CONST(0x8,4)),CONST(0x0,4)),INT_MULT(SUBPIECE(PTRSUB(LEAF(register:0000:2:void *),CONST(0xfffc,2)),CONST(0x0,2)),CONST(0x2,1)))),CONST(0x2,2),CONST(0x1,2))
02080a	FUN_02080a	020e42	STORE	CAST(INT_ZEXT(INT_ADD(SUBPIECE(PTRSUB(CONST(0x0,3),CONST(0xe525,3)),CONST(0x0,4)),INT_ZEXT(CAST(LOAD(CONST(0x1f1,4),PTRADD(CAST(PIECE(SUBPIECE(INT_RIGHT(CAST(PTRSUB(LEAF(register:0000:2:void *),CONST(0xfffc,2))),CONST(0x8,4)),CONST(0x0,4)),INT_MULT(SUBPIECE(PTRSUB(LEAF(register:0000:2:void *),CONST(0xfffc,2)),CONST(0x0,2)),CONST(0x2,1)))),CONST(0x2,2),CONST(0x1,2))))))))
02080a	FUN_02080a	0249c8	STORE	CAST(INT_ZEXT(INT_ADD(INT_ZEXT(LEAF(00fac2:1:byte)),CONST(0xe865,2))))
02080a	FUN_02080a	0249f6	STORE	CAST(INT_ZEXT(INT_ADD(INT_ZEXT(INT_AND(MULTIEQUAL(INT_ADD(INDIRECT(LEAF(00fac2:1:byte),CONST(0xf06,4)),CONST(0x1,1)),COPY(CONST(0x2,1))),CONST(0x1f,1))),CONST(0xe865,2))))
02080a	FUN_02080a	024a24	STORE	CAST(INT_ZEXT(INT_ADD(INT_ZEXT(INT_AND(INT_ADD(INDIRECT(INT_AND(MULTIEQUAL(INT_ADD(INDIRECT(LEAF(00fac2:1:byte),CONST(0xf06,4)),CONST(0x1,1)),COPY(CONST(0x2,1))),CONST(0x1f,1)),CONST(0x1003,4)),CONST(0x1,1)),CONST(0x1f,1))),CONST(0xe865,2))))
02080a	FUN_02080a	024a54	STORE	CAST(INT_ZEXT(INT_ADD(INT_ZEXT(INT_AND(INT_ADD(INDIRECT(INT_AND(INT_ADD(INDIRECT(INT_AND(MULTIEQUAL(INT_ADD(INDIRECT(LEAF(00fac2:1:byte),CONST(0xf06,4)),CONST(0x1,1)),COPY(CONST(0x2,1))),CONST(0x1f,1)),CONST(0x1003,4)),CONST(0x1,1)),CONST(0x1f,1)),CONST(0x1100,4)),CONST(0x1,1)),CONST(0x1f,1))),CONST(0xe865,2))))
02080a	FUN_02080a	024a84	STORE	CAST(INT_ZEXT(INT_ADD(INT_ZEXT(INT_AND(INT_ADD(INDIRECT(INT_AND(INT_ADD(INDIRECT(INT_AND(INT_ADD(INDIRECT(INT_AND(MULTIEQUAL(INT_ADD(LEAF(00fac2:1:byte),CONST(0x1,1)),COPY(CONST(0x2,1))),CONST(0x1f,1)),CONST(0x1003,4)),CONST(0x1,1)),CONST(0x1f,1)),CONST(0x1100,4)),CONST(0x1,1)),CONST(0x1f,1)),CONST(0x11fd,4)),CONST(0x1,1)),CONST(0x1f,1))),CONST(0xe865,2))))
02080a	FUN_02080a	024ab8	STORE	CAST(INT_ZEXT(INT_ADD(INT_ZEXT(INT_AND(MULTIEQUAL(INT_ADD(INDIRECT(INT_AND(INT_ADD(INDIRECT(INT_AND(INT_ADD(INDIRECT(INT_AND(INT_ADD(LEAF(00fac2:1:byte),CONST(0x1,1)),CONST(0x1f,1)),CONST(0x1100,4)),CONST(0x1,1)),CONST(0x1f,1)),CONST(0x11fd,4)),CONST(0x1,1)),CONST(0x1f,1)),CONST(0x12fa,4)),CONST(0x1,1)),COPY(CONST(0x3,1))),CONST(0x1f,1))),CONST(0xe865,2))))
02080a	FUN_02080a	024af6	STORE	CAST(INT_ZEXT(INT_ADD(INT_ZEXT(MULTIEQUAL(INT_AND(INT_ADD(INDIRECT(INT_AND(MULTIEQUAL(INT_ADD(INDIRECT(INT_AND(INT_ADD(INDIRECT(INT_AND(LEAF(unique:00022d00:1:byte),CONST(0x1f,1)),CONST(0x11fd,4)),CONST(0x1,1)),CONST(0x1f,1)),CONST(0x12fa,4)),CONST(0x1,1)),COPY(CONST(0x3,1))),CONST(0x1f,1)),CONST(0x23b8,4)),CONST(0x1,1)),CONST(0x1f,1)),LEAF(unique:00023b00:1:byte),LEAF(unique:00023b00:1:byte))),CONST(0xe865,2))))
02080a	FUN_02080a	024b26	STORE	CAST(INT_ZEXT(INT_ADD(INT_ZEXT(INT_AND(INT_ADD(INDIRECT(MULTIEQUAL(INT_AND(INT_ADD(INDIRECT(INT_AND(MULTIEQUAL(INT_ADD(INDIRECT(INT_AND(LEAF(unique:00022d00:1:byte),CONST(0x1f,1)),CONST(0x12fa,4)),CONST(0x1,1)),COPY(CONST(0x3,1))),CONST(0x1f,1)),CONST(0x23b8,4)),CONST(0x1,1)),CONST(0x1f,1)),LEAF(unique:00023b00:1:byte),LEAF(unique:00023b00:1:byte)),CONST(0x1448,4)),CONST(0x1,1)),CONST(0x1f,1))),CONST(0xe865,2))))
02080a	FUN_02080a	024b54	STORE	CAST(INT_ZEXT(INT_ADD(INT_ZEXT(INT_AND(MULTIEQUAL(INT_ADD(INDIRECT(INT_AND(INT_ADD(INDIRECT(MULTIEQUAL(INT_AND(INT_ADD(INDIRECT(INT_AND(LEAF(register:0008:1:byte),CONST(0x1f,1)),CONST(0x23b8,4)),CONST(0x1,1)),CONST(0x1f,1)),LEAF(unique:00023b00:1:byte),LEAF(unique:00023b00:1:byte)),CONST(0x1448,4)),CONST(0x1,1)),CONST(0x1f,1)),CONST(0x1545,4)),CONST(0x1,1)),COPY(CONST(0x1,1))),CONST(0x1f,1))),CONST(0xe865,2))))
02080a	FUN_02080a	024b84	STORE	CAST(INT_ZEXT(INT_ADD(INT_ZEXT(INT_AND(INT_ADD(INDIRECT(INT_AND(MULTIEQUAL(INT_ADD(INDIRECT(INT_AND(INT_ADD(INDIRECT(MULTIEQUAL(INT_AND(LEAF(unique:00022d00:1:byte),CONST(0x1f,1)),LEAF(unique:00023b00:1:byte),INT_AND(LEAF(register:0008:1:byte),CONST(0x1f,1))),CONST(0x1448,4)),CONST(0x1,1)),CONST(0x1f,1)),CONST(0x1545,4)),CONST(0x1,1)),COPY(CONST(0x1,1))),CONST(0x1f,1)),CONST(0x1642,4)),CONST(0x1,1)),CONST(0x1f,1))),CONST(0xe865,2))))
02080a	FUN_02080a	024bb2	STORE	CAST(INT_ZEXT(INT_ADD(INT_ZEXT(INT_AND(INT_ADD(MULTIEQUAL(INDIRECT(INT_AND(INT_ADD(INDIRECT(INT_AND(MULTIEQUAL(INT_ADD(INDIRECT(INT_AND(LEAF(unique:00022d00:1:byte),CONST(0x1f,1)),CONST(0x1545,4)),CONST(0x1,1)),COPY(CONST(0x1,1))),CONST(0x1f,1)),CONST(0x1642,4)),CONST(0x1,1)),CONST(0x1f,1)),CONST(0x173f,4)),LEAF(00fac2:1:byte)),CONST(0x1,1)),CONST(0x1f,1))),CONST(0xe865,2))))
02080a	FUN_02080a	024be0	STORE	CAST(INT_ZEXT(INT_ADD(INT_ZEXT(INT_AND(INT_ADD(INDIRECT(INT_AND(INT_ADD(MULTIEQUAL(INDIRECT(INT_AND(INT_ADD(INDIRECT(INT_AND(MULTIEQUAL(LEAF(unique:00022d00:1:byte),LEAF(unique:100000cb:1:byte)),CONST(0x1f,1)),CONST(0x1642,4)),CONST(0x1,1)),CONST(0x1f,1)),CONST(0x173f,4)),LEAF(00fac2:1:byte)),CONST(0x1,1)),CONST(0x1f,1)),CONST(0x183c,4)),CONST(0x1,1)),CONST(0x1f,1))),CONST(0xe865,2))))
02080a	FUN_02080a	024c0e	STORE	CAST(INT_ZEXT(INT_ADD(INT_ZEXT(INT_AND(INT_ADD(INDIRECT(INT_AND(INT_ADD(INDIRECT(INT_AND(INT_ADD(MULTIEQUAL(INDIRECT(INT_AND(INT_ADD(LEAF(00fac2:1:byte),CONST(0x1,1)),CONST(0x1f,1)),CONST(0x173f,4)),LEAF(00fac2:1:byte)),CONST(0x1,1)),CONST(0x1f,1)),CONST(0x183c,4)),CONST(0x1,1)),CONST(0x1f,1)),CONST(0x1939,4)),CONST(0x1,1)),CONST(0x1f,1))),CONST(0xe865,2))))
02080a	FUN_02080a	024c48	LOAD	SEGMENTOP(CONST(0x293760829c0,8),CONST(0x2,2),CAST(INT_AND(INT_ADD(INT_MULT(MULTIEQUAL(CALL(LEAF(02374c:8:?)),INT_ZEXT(MULTIEQUAL(COPY(INDIRECT(INDIRECT(INDIRECT(MULTIEQUAL(INDIRECT(INDIRECT(MULTIEQUAL(LEAF(00fc9f:1:byte),LEAF(00fc9f:1:byte)),CONST(0x1642,4)),CONST(0x173f,4)),LEAF(00fc9f:1:byte)),CONST(0x183c,4)),CONST(0x1939,4)),CONST(0x1a36,4))),COPY(LEAF(00e423:1:byte)))),INT_ZEXT(MULTIEQUAL(COPY(CONST(0x0,1)),INT_ADD(LEAF(register:000c:1:byte),CONST(0x1,1)))),INT_ZEXT(LEAF(register:000c:1:byte)),INT_ZEXT(INT_ADD(MULTIEQUAL(COPY(CONST(0x0,1)),LEAF(unique:00022d00:1:byte)),CONST(0x1,1)))),CONST(0x2,2)),CONST(0xa53c,2)),CONST(0x3fff,2))))
020966	block_copy_helper	020950	LOAD	CAST(INT_ZEXT(INT_ADD(SUBPIECE(PTRSUB(CONST(0x0,3),CONST(0xf63a,3)),CONST(0x0,4)),INT_MULT(INT_ZEXT(MULTIEQUAL(INT_ADD(LEAF(register:000c:1:byte),CONST(0x1,1)),LEAF(register:000c:1:byte))),CONST(0x2,2)))))
020966	block_copy_helper	020954	STORE	CAST(INT_ZEXT(INT_ADD(MULTIEQUAL(INT_ADD(LEAF(register:0012:2:ushort),CONST(0x2,2)),LEAF(register:0012:2:ushort)),CONST(0x1,2))))
020966	block_copy_helper	02095a	LOAD	CAST(INT_ZEXT(INT_SUB(INT_MULT(INT_ZEXT(MULTIEQUAL(INT_ADD(LEAF(register:000c:1:byte),CONST(0x1,1)),LEAF(register:000c:1:byte))),CONST(0x2,2)),CONST(0x9c5,2))))
020966	block_copy_helper	020962	STORE	CAST(INT_ZEXT(INT_ADD(MULTIEQUAL(LEAF(unique:00022d00:2:ushort),LEAF(register:0012:2:ushort)),CONST(0x2,2))))
020966	block_copy_helper	020974	LOAD	CAST(INT_ZEXT(INT_ADD(SUBPIECE(PTRSUB(CONST(0x0,3),CONST(0xf648,3)),CONST(0x0,4)),INT_MULT(INT_ZEXT(MULTIEQUAL(COPY(CONST(0x0,1)),INT_ADD(LEAF(register:000c:1:byte),CONST(0x1,1)))),CONST(0x2,2)))))
020966	block_copy_helper	020978	STORE	CAST(INT_ZEXT(MULTIEQUAL(INT_ADD(MULTIEQUAL(INT_ADD(LEAF(register:0012:2:ushort),CONST(0x2,2)),LEAF(register:0012:2:ushort)),CONST(0x1,2)),INT_ADD(LEAF(register:0012:2:ushort),CONST(0x2,2)))))
020966	block_copy_helper	02097e	LOAD	CAST(INT_ZEXT(INT_SUB(INT_MULT(INT_ZEXT(MULTIEQUAL(COPY(CONST(0x0,1)),INT_ADD(LEAF(register:000c:1:byte),CONST(0x1,1)))),CONST(0x2,2)),CONST(0x9b7,2))))
020966	block_copy_helper	020986	STORE	CAST(INT_ZEXT(INT_ADD(MULTIEQUAL(INT_ADD(MULTIEQUAL(INT_ADD(LEAF(register:0012:2:ushort),CONST(0x2,2)),LEAF(register:0012:2:ushort)),CONST(0x1,2)),INT_ADD(LEAF(register:0012:2:ushort),CONST(0x2,2))),CONST(0x1,2))))
020966	block_copy_helper	020998	LOAD	CAST(INT_ZEXT(INT_ADD(SUBPIECE(PTRSUB(CONST(0x0,3),CONST(0xf664,3)),CONST(0x0,4)),INT_MULT(INT_ZEXT(MULTIEQUAL(COPY(CONST(0x0,1)),INT_ADD(LEAF(register:000c:1:byte),CONST(0x1,1)))),CONST(0x2,2)))))
020966	block_copy_helper	02099c	STORE	CAST(INT_ZEXT(MULTIEQUAL(INT_ADD(MULTIEQUAL(INT_ADD(MULTIEQUAL(INT_ADD(LEAF(register:0012:2:ushort),CONST(0x2,2)),LEAF(register:0012:2:ushort)),CONST(0x1,2)),LEAF(unique:00022d00:2:ushort)),CONST(0x2,2)),INT_ADD(LEAF(register:0012:2:ushort),CONST(0x2,2)))))
020966	block_copy_helper	0209a2	LOAD	CAST(INT_ZEXT(INT_SUB(INT_MULT(INT_ZEXT(MULTIEQUAL(COPY(CONST(0x0,1)),INT_ADD(LEAF(register:000c:1:byte),CONST(0x1,1)))),CONST(0x2,2)),CONST(0x99b,2))))
020966	block_copy_helper	0209aa	STORE	CAST(INT_ZEXT(INT_ADD(MULTIEQUAL(INT_ADD(MULTIEQUAL(INT_ADD(MULTIEQUAL(INT_ADD(LEAF(register:0012:2:ushort),CONST(0x2,2)),LEAF(register:0012:2:ushort)),CONST(0x1,2)),LEAF(unique:00022d00:2:ushort)),CONST(0x2,2)),INT_ADD(LEAF(register:0012:2:ushort),CONST(0x2,2))),CONST(0x1,2))))
020996	FUN_020996	020998	LOAD	CAST(INT_ZEXT(INT_ADD(SUBPIECE(PTRSUB(CONST(0x0,3),CONST(0xf664,3)),CONST(0x0,4)),INT_MULT(MULTIEQUAL(LEAF(register:0008:2:ushort),INT_ZEXT(INT_ADD(MULTIEQUAL(LEAF(register:000c:1:byte),LEAF(unique:00022d00:1:byte)),CONST(0x1,1)))),CONST(0x2,2)))))
020996	FUN_020996	02099c	STORE	CAST(INT_ZEXT(MULTIEQUAL(LEAF(register:0012:2:ushort),INT_ADD(LEAF(register:0012:2:ushort),CONST(0x2,2)))))
020996	FUN_020996	0209a2	LOAD	CAST(INT_ZEXT(INT_SUB(INT_MULT(INT_ZEXT(MULTIEQUAL(LEAF(register:000c:1:byte),INT_ADD(LEAF(register:000c:1:byte),CONST(0x1,1)))),CONST(0x2,2)),CONST(0x99b,2))))
020996	FUN_020996	0209aa	STORE	CAST(INT_ZEXT(INT_ADD(MULTIEQUAL(LEAF(register:0012:2:ushort),INT_ADD(LEAF(register:0012:2:ushort),CONST(0x2,2))),CONST(0x1,2))))
0209b0	FUN_0209b0	020998	LOAD	CAST(INT_ZEXT(INT_ADD(SUBPIECE(PTRSUB(CONST(0x0,3),CONST(0xf664,3)),CONST(0x0,4)),INT_MULT(INT_ZEXT(MULTIEQUAL(INT_ADD(LEAF(register:000c:1:byte),CONST(0x1,1)),LEAF(register:000c:1:byte))),CONST(0x2,2)))))
0209b0	FUN_0209b0	02099c	STORE	CAST(INT_ZEXT(MULTIEQUAL(INT_ADD(LEAF(register:0012:2:ushort),CONST(0x2,2)),LEAF(register:0012:2:ushort))))
0209b0	FUN_0209b0	0209a2	LOAD	CAST(INT_ZEXT(INT_SUB(INT_MULT(INT_ZEXT(MULTIEQUAL(INT_ADD(LEAF(register:000c:1:byte),CONST(0x1,1)),LEAF(register:000c:1:byte))),CONST(0x2,2)),CONST(0x99b,2))))
0209b0	FUN_0209b0	0209aa	STORE	CAST(INT_ZEXT(INT_ADD(MULTIEQUAL(INT_ADD(LEAF(register:0012:2:ushort),CONST(0x2,2)),LEAF(register:0012:2:ushort)),CONST(0x1,2))))
0209c2	FUN_0209c2	024c48	LOAD	SEGMENTOP(CONST(0x293760829c0,8),CONST(0x2,2),CAST(INT_AND(INT_ADD(INT_MULT(CALL(LEAF(02375c:8:?)),CONST(0x2,2)),CONST(0xa53c,2)),CONST(0x3fff,2))))
020de0	FUN_020de0	020e1c	STORE	CAST(INT_ZEXT(INT_ADD(SUBPIECE(PTRSUB(CONST(0x0,3),CONST(0xe523,3)),CONST(0x0,4)),INT_ZEXT(LEAF(Stack[0x2]:1:byte)))))
020de0	FUN_020de0	020e36	STORE	CAST(INT_ZEXT(INT_ADD(SUBPIECE(PTRSUB(CONST(0x0,3),CONST(0xe524,3)),CONST(0x0,4)),INT_ZEXT(LEAF(Stack[0x2]:1:byte)))))
020de0	FUN_020de0	020e42	STORE	CAST(INT_ZEXT(INT_ADD(SUBPIECE(PTRSUB(CONST(0x0,3),CONST(0xe525,3)),CONST(0x0,4)),INT_ZEXT(LEAF(Stack[0x2]:1:byte)))))
020f08	FUN_020f08	020f44	LOAD	CAST(INT_ZEXT(INT_ADD(SUBPIECE(PTRSUB(CONST(0x0,3),CONST(0xf710,3)),CONST(0x0,4)),INT_ZEXT(MULTIEQUAL(COPY(CONST(0x0,1)),INT_ADD(LEAF(register:000c:1:byte),CONST(0x1,1)))))))
020f08	FUN_020f08	020f4a	STORE	CAST(INT_ZEXT(INT_ADD(SUBPIECE(PTRSUB(CONST(0x0,3),CONST(0xe552,3)),CONST(0x0,4)),INT_ZEXT(MULTIEQUAL(COPY(CONST(0x0,1)),INT_ADD(LEAF(register:000c:1:byte),CONST(0x1,1)))))))
02140e	FUN_02140e	021410	STORE	CAST(INT_ZEXT(MULTIEQUAL(MULTIEQUAL(COPY(CONST(0xe49b,2)),INT_ADD(MULTIEQUAL(LEAF(register:0012:2:ushort),LEAF(register:0012:2:ushort)),CONST(0x1,2))),LEAF(register:0012:2:ushort))))
02140e	FUN_02140e	021414	STORE	CAST(INT_ZEXT(MULTIEQUAL(COPY(CONST(0xe49b,2)),INT_ADD(MULTIEQUAL(MULTIEQUAL(LEAF(register:0012:2:ushort),LEAF(register:0012:2:ushort)),LEAF(register:0012:2:ushort)),CONST(0x1,2)))))
02144e	FUN_02144e	021410	STORE	CAST(INT_ZEXT(MULTIEQUAL(COPY(CONST(0xe49b,2)),INT_ADD(LEAF(register:0012:2:ushort),CONST(0x1,2)))))
02144e	FUN_02144e	021414	STORE	CAST(INT_ZEXT(MULTIEQUAL(COPY(CONST(0xe49b,2)),INT_ADD(LEAF(register:0012:2:ushort),CONST(0x1,2)))))
022ae2	FUN_022ae2	022ae2	LOAD	CAST(INT_ZEXT(LEAF(register:0008:2:ushort)))
022db2	FUN_022db2	022db4	LOAD	CAST(INT_ZEXT(INT_SUB(INT_MULT(LEAF(register:0004:2:short),CONST(0x2,2)),CONST(0xa3f,2))))
022db2	FUN_022db2	022dc0	STORE	CAST(INT_ZEXT(INT_SUB(INT_ZEXT(LEAF(register:000c:1:byte)),CONST(0xbda,2))))
022db2	FUN_022db2	022dce	LOAD	CAST(INT_ZEXT(INT_ADD(SUBPIECE(PTRSUB(CONST(0x0,3),CONST(0xf5c2,3)),CONST(0x0,4)),INT_MULT(INT_ZEXT(LEAF(register:000c:1:byte)),CONST(0x6,2)))))
022db2	FUN_022db2	022dd4	STORE	CAST(INT_ZEXT(INT_SUB(INT_ZEXT(LEAF(register:000c:1:byte)),CONST(0xbc4,2))))
022db2	FUN_022db2	022de2	LOAD	CAST(INT_ZEXT(INT_SUB(INT_MULT(INT_ZEXT(LEAF(register:000c:1:byte)),CONST(0x6,2)),CONST(0xa3d,2))))
022db2	FUN_022db2	022de8	STORE	CAST(INT_ZEXT(INT_SUB(INT_ZEXT(LEAF(register:000c:1:byte)),CONST(0xbae,2))))
022db2	FUN_022db2	022df6	LOAD	CAST(INT_ZEXT(INT_ADD(SUBPIECE(PTRSUB(CONST(0x0,3),CONST(0xf5e6,3)),CONST(0x0,4)),INT_MULT(INT_ZEXT(LEAF(register:000c:1:byte)),CONST(0x6,2)))))
022db2	FUN_022db2	022e0c	LOAD	CAST(INT_ZEXT(INT_ADD(SUBPIECE(PTRSUB(CONST(0x0,3),CONST(0xf5e2,3)),CONST(0x0,4)),INT_MULT(INT_ZEXT(LEAF(register:000c:1:byte)),CONST(0x6,2)))))
022db2	FUN_022db2	022e1e	LOAD	CAST(INT_ZEXT(INT_ADD(SUBPIECE(PTRSUB(CONST(0x0,3),CONST(0xf5e3,3)),CONST(0x0,4)),INT_MULT(INT_ZEXT(LEAF(register:000c:1:byte)),CONST(0x6,2)))))
022db2	FUN_022db2	022e2a	STORE	CAST(INT_ZEXT(INT_SUB(INT_ZEXT(LEAF(register:000c:1:byte)),CONST(0xc00,2))))
022db2	FUN_022db2	022e38	LOAD	CAST(INT_ZEXT(INT_ADD(SUBPIECE(PTRSUB(CONST(0x0,3),CONST(0xf5e3,3)),CONST(0x0,4)),INT_MULT(INT_ZEXT(LEAF(register:000c:1:byte)),CONST(0x6,2)))))
022db2	FUN_022db2	022e4e	LOAD	CAST(INT_ZEXT(INT_SUB(INT_MULT(INT_ZEXT(LEAF(register:000c:1:byte)),CONST(0x6,2)),CONST(0xa1c,2))))
022db2	FUN_022db2	022e5a	STORE	CAST(INT_ZEXT(INT_SUB(INT_ZEXT(LEAF(register:000c:1:byte)),CONST(0xbea,2))))
022db2	FUN_022db2	022e68	LOAD	CAST(INT_ZEXT(INT_SUB(INT_MULT(INT_ZEXT(LEAF(register:000c:1:byte)),CONST(0x6,2)),CONST(0xa1c,2))))
022db2	FUN_022db2	022e7e	LOAD	CAST(INT_ZEXT(INT_SUB(INT_MULT(INT_ZEXT(LEAF(register:000c:1:byte)),CONST(0x6,2)),CONST(0xa1b,2))))
022db2	FUN_022db2	022e8a	STORE	CAST(INT_ZEXT(INT_SUB(INT_ZEXT(LEAF(register:000c:1:byte)),CONST(0xbd4,2))))
022db2	FUN_022db2	022e98	LOAD	CAST(INT_ZEXT(INT_ADD(SUBPIECE(PTRSUB(CONST(0x0,3),CONST(0xf5e6,3)),CONST(0x0,4)),INT_MULT(INT_ZEXT(LEAF(register:000c:1:byte)),CONST(0x6,2)))))
022db2	FUN_022db2	022e9e	STORE	CAST(INT_ZEXT(INT_SUB(INT_ZEXT(LEAF(register:000c:1:byte)),CONST(0xbbe,2))))
022db2	FUN_022db2	022eac	LOAD	CAST(INT_ZEXT(INT_SUB(INT_MULT(INT_ZEXT(LEAF(register:000c:1:byte)),CONST(0x6,2)),CONST(0xa19,2))))
022db2	FUN_022db2	022eb2	STORE	CAST(INT_ZEXT(INT_SUB(INT_ZEXT(LEAF(register:000c:1:byte)),CONST(0xba8,2))))
022e44	FUN_022e44	022e4e	LOAD	CAST(INT_ZEXT(INT_SUB(INT_MULT(INT_ZEXT(LEAF(register:000c:1:byte)),CONST(0x6,2)),CONST(0xa1c,2))))
022e44	FUN_022e44	022e5a	STORE	CAST(INT_ZEXT(INT_SUB(INT_ZEXT(LEAF(register:000c:1:byte)),CONST(0xbea,2))))
022e44	FUN_022e44	022e68	LOAD	CAST(INT_ZEXT(INT_SUB(INT_MULT(INT_ZEXT(LEAF(register:000c:1:byte)),CONST(0x6,2)),CONST(0xa1c,2))))
022e44	FUN_022e44	022e7e	LOAD	CAST(INT_ZEXT(INT_SUB(INT_MULT(INT_ZEXT(LEAF(register:000c:1:byte)),CONST(0x6,2)),CONST(0xa1b,2))))
022e44	FUN_022e44	022e8a	STORE	CAST(INT_ZEXT(INT_SUB(INT_ZEXT(LEAF(register:000c:1:byte)),CONST(0xbd4,2))))
022e44	FUN_022e44	022e98	LOAD	CAST(INT_ZEXT(INT_ADD(SUBPIECE(PTRSUB(CONST(0x0,3),CONST(0xf5e6,3)),CONST(0x0,4)),INT_MULT(INT_ZEXT(LEAF(register:000c:1:byte)),CONST(0x6,2)))))
022e44	FUN_022e44	022e9e	STORE	CAST(INT_ZEXT(INT_SUB(INT_ZEXT(LEAF(register:000c:1:byte)),CONST(0xbbe,2))))
022e44	FUN_022e44	022eac	LOAD	CAST(INT_ZEXT(INT_SUB(INT_MULT(INT_ZEXT(LEAF(register:000c:1:byte)),CONST(0x6,2)),CONST(0xa19,2))))
022e44	FUN_022e44	022eb2	STORE	CAST(INT_ZEXT(INT_SUB(INT_ZEXT(LEAF(register:000c:1:byte)),CONST(0xba8,2))))
022e92	FUN_022e92	022e98	LOAD	CAST(INT_ZEXT(CAST(INT_ADD(SUBPIECE(PTRSUB(CONST(0x0,3),CONST(0xf5e6,3)),CONST(0x0,4)),INT_MULT(INT_SUB(INT_MULT(LEAF(register:000a:2:short),CONST(0x4,2)),LEAF(register:0008:2:short)),CONST(0x2,2))))))
022e92	FUN_022e92	022e9e	STORE	CAST(INT_ZEXT(INT_SUB(INT_ZEXT(LEAF(register:000c:1:byte)),CONST(0xbbe,2))))
022e92	FUN_022e92	022eac	LOAD	CAST(INT_ZEXT(INT_SUB(INT_MULT(INT_ZEXT(LEAF(register:000c:1:byte)),CONST(0x6,2)),CONST(0xa19,2))))
022e92	FUN_022e92	022eb2	STORE	CAST(INT_ZEXT(INT_SUB(INT_ZEXT(LEAF(register:000c:1:byte)),CONST(0xba8,2))))
02374c	FUN_02374c	023e68	LOAD	CAST(INT_ZEXT(INT_ADD(MULTIEQUAL(COPY(INT_ADD(MULTIEQUAL(LEAF(register:000e:2:ushort),MULTIEQUAL(INT_ADD(LEAF(register:000e:2:ushort),CONST(0x1,2)),INT_ADD(LEAF(register:000e:2:ushort),CONST(0x2,2)),LEAF(register:000e:2:ushort))),CONST(0x1,2))),COPY(LEAF(register:000e:2:ushort))),CONST(0x3,2))))
02374c	FUN_02374c	023e76	LOAD	CAST(INT_ZEXT(INT_ADD(MULTIEQUAL(COPY(INT_ADD(MULTIEQUAL(LEAF(register:000e:2:ushort),MULTIEQUAL(INT_ADD(LEAF(register:000e:2:ushort),CONST(0x1,2)),INT_ADD(LEAF(register:000e:2:ushort),CONST(0x2,2)),LEAF(register:000e:2:ushort))),CONST(0x1,2))),COPY(LEAF(register:000e:2:ushort))),CONST(0x3,2))))
02374c	FUN_02374c	023e7a	STORE	CAST(INT_ZEXT(INT_ADD(MULTIEQUAL(COPY(INT_ADD(MULTIEQUAL(LEAF(register:000e:2:ushort),MULTIEQUAL(INT_ADD(LEAF(register:000e:2:ushort),CONST(0x1,2)),INT_ADD(LEAF(register:000e:2:ushort),CONST(0x2,2)),LEAF(register:000e:2:ushort))),CONST(0x1,2))),COPY(LEAF(register:000e:2:ushort))),CONST(0x3,2))))
02374c	FUN_02374c	023e98	STORE	CAST(INT_ZEXT(INT_ADD(MULTIEQUAL(COPY(INT_ADD(MULTIEQUAL(LEAF(register:000e:2:ushort),MULTIEQUAL(INT_ADD(LEAF(register:000e:2:ushort),CONST(0x1,2)),INT_ADD(LEAF(register:000e:2:ushort),CONST(0x2,2)),LEAF(register:000e:2:ushort))),CONST(0x1,2))),COPY(LEAF(register:000e:2:ushort))),CONST(0x2,2))))
02374c	FUN_02374c	027a0a	LOAD	CAST(INT_ZEXT(INT_ADD(COPY(MULTIEQUAL(COPY(MULTIEQUAL(MULTIEQUAL(LEAF(register:000c:2:ushort),LEAF(unique:00022d00:2:ushort)),LEAF(unique:00022d00:2:ushort))),COPY(LEAF(unique:00022d00:2:ushort)),COPY(LEAF(unique:00022d00:2:ushort)))),CONST(0x5,2))))
02374c	FUN_02374c	027a3a	LOAD	CAST(INT_ZEXT(INT_ADD(COPY(MULTIEQUAL(COPY(MULTIEQUAL(MULTIEQUAL(LEAF(register:000c:2:ushort),INT_ADD(LEAF(register:000c:2:ushort),CONST(0x5,2))),LEAF(unique:00022d00:2:ushort))),COPY(LEAF(unique:00022d00:2:ushort)),COPY(LEAF(unique:00022d00:2:ushort)))),CONST(0x8,2))))
02374c	FUN_02374c	027a42	LOAD	CAST(INT_ZEXT(INT_ADD(COPY(MULTIEQUAL(COPY(MULTIEQUAL(MULTIEQUAL(LEAF(register:000c:2:ushort),INT_ADD(LEAF(register:000c:2:ushort),CONST(0x5,2))),LEAF(unique:00022d00:2:ushort))),COPY(LEAF(unique:00022d00:2:ushort)),COPY(LEAF(unique:00022d00:2:ushort)))),CONST(0x9,2))))
02374c	FUN_02374c	027a4e	LOAD	CAST(INT_ZEXT(INT_ADD(COPY(MULTIEQUAL(COPY(MULTIEQUAL(MULTIEQUAL(LEAF(register:000c:2:ushort),LEAF(unique:00022d00:2:ushort)),LEAF(unique:00022d00:2:ushort))),COPY(LEAF(unique:00022d00:2:ushort)),COPY(LEAF(unique:00022d00:2:ushort)))),CONST(0x5,2))))
02374c	FUN_02374c	027a52	LOAD	CAST(INT_ZEXT(INT_AND(PIECE(LOAD(CONST(0x1f1,4),CAST(INT_ZEXT(INT_ADD(COPY(MULTIEQUAL(COPY(MULTIEQUAL(MULTIEQUAL(LEAF(register:000c:2:ushort),INT_ADD(LEAF(register:000c:2:ushort),CONST(0x5,2))),LEAF(unique:00022d00:2:ushort))),COPY(LEAF(unique:00022d00:2:ushort)),COPY(LEAF(unique:00022d00:2:ushort)))),CONST(0x8,2))))),LOAD(CONST(0x1f1,4),CAST(INT_ZEXT(INT_ADD(LEAF(register:000c:2:ushort),CONST(0x9,2)))))),CONST(0x3fff,2))))
02374c	FUN_02374c	027a52	STORE	CAST(INT_ZEXT(MULTIEQUAL(INT_ADD(MULTIEQUAL(COPY(INT_ADD(MULTIEQUAL(LEAF(register:000e:2:ushort),LEAF(register:000e:2:ushort)),CONST(0x1,2))),COPY(LEAF(register:000e:2:ushort))),CONST(0x1,2)),INT_ADD(LEAF(register:000e:2:ushort),CONST(0x2,2)),LEAF(register:000e:2:ushort))))
02374c	FUN_02374c	027a56	LOAD	CAST(INT_ZEXT(INT_ADD(INT_AND(PIECE(LOAD(CONST(0x1f1,4),CAST(INT_ZEXT(INT_ADD(COPY(MULTIEQUAL(COPY(MULTIEQUAL(MULTIEQUAL(LEAF(register:000c:2:ushort),INT_ADD(LEAF(register:000c:2:ushort),CONST(0x5,2))),LEAF(unique:00022d00:2:ushort))),COPY(LEAF(unique:00022d00:2:ushort)),COPY(LEAF(unique:00022d00:2:ushort)))),CONST(0x8,2))))),LOAD(CONST(0x1f1,4),CAST(INT_ZEXT(INT_ADD(LEAF(register:000c:2:ushort),CONST(0x9,2)))))),CONST(0x3fff,2)),CONST(0x1,2))))
02374c	FUN_02374c	027a5a	STORE	CAST(INT_ZEXT(MULTIEQUAL(LEAF(register:000e:2:ushort),MULTIEQUAL(INT_ADD(MULTIEQUAL(COPY(INT_ADD(LEAF(register:000e:2:ushort),CONST(0x1,2))),COPY(LEAF(register:000e:2:ushort))),CONST(0x1,2)),INT_ADD(LEAF(register:000e:2:ushort),CONST(0x2,2)),LEAF(register:000e:2:ushort)))))
02374c	FUN_02374c	027a5e	LOAD	CAST(INT_ZEXT(MULTIEQUAL(LEAF(register:0010:2:ushort),INT_AND(PIECE(LOAD(CONST(0x1f1,4),CAST(INT_ZEXT(INT_ADD(COPY(MULTIEQUAL(COPY(MULTIEQUAL(MULTIEQUAL(LEAF(register:000c:2:ushort),INT_ADD(LEAF(register:000c:2:ushort),CONST(0x5,2))),LEAF(unique:00022d00:2:ushort))),COPY(LEAF(unique:00022d00:2:ushort)),COPY(LEAF(unique:00022d00:2:ushort)))),CONST(0x8,2))))),LOAD(CONST(0x1f1,4),CAST(INT_ZEXT(INT_ADD(LEAF(register:000c:2:ushort),CONST(0x9,2)))))),CONST(0x3fff,2)))))
02374c	FUN_02374c	027a5e	STORE	CAST(INT_ZEXT(INT_ADD(MULTIEQUAL(LEAF(register:000e:2:ushort),MULTIEQUAL(INT_ADD(MULTIEQUAL(COPY(LEAF(unique:00022d00:2:ushort)),COPY(LEAF(register:000e:2:ushort))),CONST(0x1,2)),INT_ADD(LEAF(register:000e:2:ushort),CONST(0x2,2)),LEAF(register:000e:2:ushort))),CONST(0x1,2))))
02374c	FUN_02374c	027a6a	LOAD	CAST(INT_ZEXT(INT_ADD(COPY(MULTIEQUAL(COPY(MULTIEQUAL(MULTIEQUAL(LEAF(register:000c:2:ushort),INT_ADD(LEAF(register:000c:2:ushort),CONST(0x5,2))),LEAF(unique:00022d00:2:ushort))),COPY(LEAF(unique:00022d00:2:ushort)),COPY(LEAF(unique:00022d00:2:ushort)))),CONST(0x9,2))))
02374c	FUN_02374c	027a78	STORE	CAST(INT_ZEXT(INT_ADD(MULTIEQUAL(INT_ADD(MULTIEQUAL(COPY(INT_ADD(MULTIEQUAL(LEAF(register:000e:2:ushort),LEAF(register:000e:2:ushort)),CONST(0x1,2))),COPY(LEAF(register:000e:2:ushort))),CONST(0x1,2)),INT_ADD(LEAF(register:000e:2:ushort),CONST(0x2,2)),LEAF(register:000e:2:ushort)),CONST(0x1,2))))
02374c	FUN_02374c	027a80	STORE	CAST(INT_ZEXT(MULTIEQUAL(INT_ADD(MULTIEQUAL(COPY(INT_ADD(MULTIEQUAL(LEAF(register:000e:2:ushort),LEAF(register:000e:2:ushort)),CONST(0x1,2))),COPY(LEAF(register:000e:2:ushort))),CONST(0x1,2)),INT_ADD(LEAF(register:000e:2:ushort),CONST(0x2,2)),LEAF(register:000e:2:ushort))))
023798	FUN_023798	023e68	LOAD	CAST(INT_ZEXT(INT_ADD(MULTIEQUAL(COPY(INT_ADD(MULTIEQUAL(LEAF(register:000e:2:ushort),MULTIEQUAL(INT_ADD(LEAF(register:000e:2:ushort),CONST(0x1,2)),INT_ADD(LEAF(register:000e:2:ushort),CONST(0x2,2)),LEAF(register:000e:2:ushort))),CONST(0x1,2))),COPY(LEAF(register:000e:2:ushort))),CONST(0x3,2))))
023798	FUN_023798	023e76	LOAD	CAST(INT_ZEXT(INT_ADD(MULTIEQUAL(COPY(INT_ADD(MULTIEQUAL(LEAF(register:000e:2:ushort),MULTIEQUAL(INT_ADD(LEAF(register:000e:2:ushort),CONST(0x1,2)),INT_ADD(LEAF(register:000e:2:ushort),CONST(0x2,2)),LEAF(register:000e:2:ushort))),CONST(0x1,2))),COPY(LEAF(register:000e:2:ushort))),CONST(0x3,2))))
023798	FUN_023798	023e7a	STORE	CAST(INT_ZEXT(INT_ADD(MULTIEQUAL(COPY(INT_ADD(MULTIEQUAL(LEAF(register:000e:2:ushort),MULTIEQUAL(INT_ADD(LEAF(register:000e:2:ushort),CONST(0x1,2)),INT_ADD(LEAF(register:000e:2:ushort),CONST(0x2,2)),LEAF(register:000e:2:ushort))),CONST(0x1,2))),COPY(LEAF(register:000e:2:ushort))),CONST(0x3,2))))
023798	FUN_023798	023e98	STORE	CAST(INT_ZEXT(INT_ADD(MULTIEQUAL(COPY(INT_ADD(MULTIEQUAL(LEAF(register:000e:2:ushort),MULTIEQUAL(INT_ADD(LEAF(register:000e:2:ushort),CONST(0x1,2)),INT_ADD(LEAF(register:000e:2:ushort),CONST(0x2,2)),LEAF(register:000e:2:ushort))),CONST(0x1,2))),COPY(LEAF(register:000e:2:ushort))),CONST(0x2,2))))
023798	FUN_023798	027a0a	LOAD	CAST(INT_ZEXT(INT_ADD(COPY(MULTIEQUAL(COPY(MULTIEQUAL(MULTIEQUAL(LEAF(register:000c:2:ushort),LEAF(unique:00022d00:2:ushort)),LEAF(unique:00022d00:2:ushort))),COPY(LEAF(unique:00022d00:2:ushort)),COPY(LEAF(unique:00022d00:2:ushort)))),CONST(0x5,2))))
023798	FUN_023798	027a3a	LOAD	CAST(INT_ZEXT(INT_ADD(COPY(MULTIEQUAL(COPY(MULTIEQUAL(MULTIEQUAL(LEAF(register:000c:2:ushort),INT_ADD(LEAF(register:000c:2:ushort),CONST(0x5,2))),LEAF(unique:00022d00:2:ushort))),COPY(LEAF(unique:00022d00:2:ushort)),COPY(LEAF(unique:00022d00:2:ushort)))),CONST(0x8,2))))
023798	FUN_023798	027a42	LOAD	CAST(INT_ZEXT(INT_ADD(COPY(MULTIEQUAL(COPY(MULTIEQUAL(MULTIEQUAL(LEAF(register:000c:2:ushort),INT_ADD(LEAF(register:000c:2:ushort),CONST(0x5,2))),LEAF(unique:00022d00:2:ushort))),COPY(LEAF(unique:00022d00:2:ushort)),COPY(LEAF(unique:00022d00:2:ushort)))),CONST(0x9,2))))
023798	FUN_023798	027a4e	LOAD	CAST(INT_ZEXT(INT_ADD(COPY(MULTIEQUAL(COPY(MULTIEQUAL(MULTIEQUAL(LEAF(register:000c:2:ushort),LEAF(unique:00022d00:2:ushort)),LEAF(unique:00022d00:2:ushort))),COPY(LEAF(unique:00022d00:2:ushort)),COPY(LEAF(unique:00022d00:2:ushort)))),CONST(0x5,2))))
023798	FUN_023798	027a52	LOAD	CAST(INT_ZEXT(INT_AND(PIECE(LOAD(CONST(0x1f1,4),CAST(INT_ZEXT(INT_ADD(COPY(MULTIEQUAL(COPY(MULTIEQUAL(MULTIEQUAL(LEAF(register:000c:2:ushort),INT_ADD(LEAF(register:000c:2:ushort),CONST(0x5,2))),LEAF(unique:00022d00:2:ushort))),COPY(LEAF(unique:00022d00:2:ushort)),COPY(LEAF(unique:00022d00:2:ushort)))),CONST(0x8,2))))),LOAD(CONST(0x1f1,4),CAST(INT_ZEXT(INT_ADD(LEAF(register:000c:2:ushort),CONST(0x9,2)))))),CONST(0x3fff,2))))
023798	FUN_023798	027a52	STORE	CAST(INT_ZEXT(MULTIEQUAL(INT_ADD(MULTIEQUAL(COPY(INT_ADD(MULTIEQUAL(LEAF(register:000e:2:ushort),LEAF(register:000e:2:ushort)),CONST(0x1,2))),COPY(LEAF(register:000e:2:ushort))),CONST(0x1,2)),INT_ADD(LEAF(register:000e:2:ushort),CONST(0x2,2)),LEAF(register:000e:2:ushort))))
023798	FUN_023798	027a56	LOAD	CAST(INT_ZEXT(INT_ADD(INT_AND(PIECE(LOAD(CONST(0x1f1,4),CAST(INT_ZEXT(INT_ADD(COPY(MULTIEQUAL(COPY(MULTIEQUAL(MULTIEQUAL(LEAF(register:000c:2:ushort),INT_ADD(LEAF(register:000c:2:ushort),CONST(0x5,2))),LEAF(unique:00022d00:2:ushort))),COPY(LEAF(unique:00022d00:2:ushort)),COPY(LEAF(unique:00022d00:2:ushort)))),CONST(0x8,2))))),LOAD(CONST(0x1f1,4),CAST(INT_ZEXT(INT_ADD(LEAF(register:000c:2:ushort),CONST(0x9,2)))))),CONST(0x3fff,2)),CONST(0x1,2))))
023798	FUN_023798	027a5a	STORE	CAST(INT_ZEXT(MULTIEQUAL(LEAF(register:000e:2:ushort),MULTIEQUAL(INT_ADD(MULTIEQUAL(COPY(INT_ADD(LEAF(register:000e:2:ushort),CONST(0x1,2))),COPY(LEAF(register:000e:2:ushort))),CONST(0x1,2)),INT_ADD(LEAF(register:000e:2:ushort),CONST(0x2,2)),LEAF(register:000e:2:ushort)))))
023798	FUN_023798	027a5e	LOAD	CAST(INT_ZEXT(MULTIEQUAL(LEAF(register:0010:2:ushort),INT_AND(PIECE(LOAD(CONST(0x1f1,4),CAST(INT_ZEXT(INT_ADD(COPY(MULTIEQUAL(COPY(MULTIEQUAL(MULTIEQUAL(LEAF(register:000c:2:ushort),INT_ADD(LEAF(register:000c:2:ushort),CONST(0x5,2))),LEAF(unique:00022d00:2:ushort))),COPY(LEAF(unique:00022d00:2:ushort)),COPY(LEAF(unique:00022d00:2:ushort)))),CONST(0x8,2))))),LOAD(CONST(0x1f1,4),CAST(INT_ZEXT(INT_ADD(LEAF(register:000c:2:ushort),CONST(0x9,2)))))),CONST(0x3fff,2)))))
023798	FUN_023798	027a5e	STORE	CAST(INT_ZEXT(INT_ADD(MULTIEQUAL(LEAF(register:000e:2:ushort),MULTIEQUAL(INT_ADD(MULTIEQUAL(COPY(LEAF(unique:00022d00:2:ushort)),COPY(LEAF(register:000e:2:ushort))),CONST(0x1,2)),INT_ADD(LEAF(register:000e:2:ushort),CONST(0x2,2)),LEAF(register:000e:2:ushort))),CONST(0x1,2))))
023798	FUN_023798	027a6a	LOAD	CAST(INT_ZEXT(INT_ADD(COPY(MULTIEQUAL(COPY(MULTIEQUAL(MULTIEQUAL(LEAF(register:000c:2:ushort),INT_ADD(LEAF(register:000c:2:ushort),CONST(0x5,2))),LEAF(unique:00022d00:2:ushort))),COPY(LEAF(unique:00022d00:2:ushort)),COPY(LEAF(unique:00022d00:2:ushort)))),CONST(0x9,2))))
023798	FUN_023798	027a78	STORE	CAST(INT_ZEXT(INT_ADD(MULTIEQUAL(INT_ADD(MULTIEQUAL(COPY(INT_ADD(MULTIEQUAL(LEAF(register:000e:2:ushort),LEAF(register:000e:2:ushort)),CONST(0x1,2))),COPY(LEAF(register:000e:2:ushort))),CONST(0x1,2)),INT_ADD(LEAF(register:000e:2:ushort),CONST(0x2,2)),LEAF(register:000e:2:ushort)),CONST(0x1,2))))
023798	FUN_023798	027a80	STORE	CAST(INT_ZEXT(MULTIEQUAL(INT_ADD(MULTIEQUAL(COPY(INT_ADD(MULTIEQUAL(LEAF(register:000e:2:ushort),LEAF(register:000e:2:ushort)),CONST(0x1,2))),COPY(LEAF(register:000e:2:ushort))),CONST(0x1,2)),INT_ADD(LEAF(register:000e:2:ushort),CONST(0x2,2)),LEAF(register:000e:2:ushort))))
02399c	FUN_02399c	023a66	LOAD	CAST(INT_ZEXT(INT_ADD(INT_ZEXT(MULTIEQUAL(INDIRECT(MULTIEQUAL(INDIRECT(INDIRECT(INDIRECT(MULTIEQUAL(LEAF(00fca0:1:byte),LEAF(00fca0:1:byte)),CONST(0x39,4)),CONST(0x8c,4)),CONST(0x85f,4)),LEAF(00fca0:1:byte),LEAF(00fca0:1:byte),INDIRECT(LEAF(00fca0:1:byte),CONST(0x77a,4)),LEAF(00fca0:1:byte),LEAF(00fca0:1:byte)),CONST(0x65e,4)),LEAF(00fca0:1:byte))),CONST(0xabe2,2))))
02399c	FUN_02399c	023a74	LOAD	CAST(INT_ZEXT(INT_ADD(SUBPIECE(PTRSUB(CONST(0x0,3),CONST(0xdc28,3)),CONST(0x0,4)),INT_ZEXT(MULTIEQUAL(INDIRECT(MULTIEQUAL(INDIRECT(INDIRECT(INDIRECT(MULTIEQUAL(LEAF(00fca0:1:byte),LEAF(00fca0:1:byte)),CONST(0x39,4)),CONST(0x8c,4)),CONST(0x85f,4)),LEAF(00fca0:1:byte),LEAF(00fca0:1:byte),INDIRECT(LEAF(00fca0:1:byte),CONST(0x77a,4)),LEAF(00fca0:1:byte),LEAF(00fca0:1:byte)),CONST(0x65e,4)),LEAF(00fca0:1:byte))))))
02399c	FUN_02399c	023a8e	STORE	CAST(INT_ZEXT(INT_ADD(SUBPIECE(PTRSUB(CONST(0x0,3),CONST(0xfc28,3)),CONST(0x0,4)),INT_MULT(INT_ZEXT(INDIRECT(MULTIEQUAL(INDIRECT(MULTIEQUAL(INDIRECT(INDIRECT(INDIRECT(MULTIEQUAL(LEAF(00fca0:1:byte),LEAF(00fca0:1:byte)),CONST(0x39,4)),CONST(0x8c,4)),CONST(0x85f,4)),LEAF(00fca0:1:byte),LEAF(00fca0:1:byte),INDIRECT(LEAF(00fca0:1:byte),CONST(0x77a,4)),LEAF(00fca0:1:byte),LEAF(00fca0:1:byte)),CONST(0x65e,4)),LEAF(00fca0:1:byte)),CONST(0x59b,4))),CONST(0x2,2)))))
02399c	FUN_02399c	023a9c	LOAD	CAST(INT_ZEXT(INT_ADD(SUBPIECE(PTRSUB(CONST(0x0,3),CONST(0xdc28,3)),CONST(0x0,4)),INT_ZEXT(MULTIEQUAL(INDIRECT(MULTIEQUAL(INDIRECT(INDIRECT(INDIRECT(MULTIEQUAL(LEAF(00fca0:1:byte),LEAF(00fca0:1:byte)),CONST(0x39,4)),CONST(0x8c,4)),CONST(0x85f,4)),LEAF(00fca0:1:byte),LEAF(00fca0:1:byte),INDIRECT(LEAF(00fca0:1:byte),CONST(0x77a,4)),LEAF(00fca0:1:byte),LEAF(00fca0:1:byte)),CONST(0x65e,4)),LEAF(00fca0:1:byte))))))
02399c	FUN_02399c	023ab6	STORE	CAST(INT_ZEXT(INT_ADD(SUBPIECE(PTRSUB(CONST(0x0,3),CONST(0xfc28,3)),CONST(0x0,4)),INT_MULT(INT_ZEXT(INDIRECT(MULTIEQUAL(INDIRECT(MULTIEQUAL(INDIRECT(INDIRECT(INDIRECT(MULTIEQUAL(LEAF(00fca0:1:byte),LEAF(00fca0:1:byte)),CONST(0x39,4)),CONST(0x8c,4)),CONST(0x85f,4)),LEAF(00fca0:1:byte),LEAF(00fca0:1:byte),INDIRECT(LEAF(00fca0:1:byte),CONST(0x77a,4)),LEAF(00fca0:1:byte),LEAF(00fca0:1:byte)),CONST(0x65e,4)),LEAF(00fca0:1:byte)),CONST(0x414,4))),CONST(0x2,2)))))
023c10	FUN_023c10	023c1a	LOAD	CAST(INT_ZEXT(INT_ADD(LEAF(register:0018:2:short),CONST(0xa,2))))
023c10	FUN_023c10	023c24	LOAD	CAST(INT_ZEXT(INT_ADD(LEAF(register:0018:2:short),CONST(0xa,2))))
023c10	FUN_023c10	023c34	LOAD	CAST(INT_ZEXT(INT_ADD(LEAF(register:0018:2:short),CONST(0xa,2))))
023c10	FUN_023c10	023c3a	STORE	CAST(INT_ZEXT(INT_ADD(LEAF(register:0018:2:short),CONST(0xa,2))))
023c10	FUN_023c10	023c48	LOAD	CAST(INT_ZEXT(INT_ADD(LEAF(register:0018:2:short),CONST(0xa,2))))
023c10	FUN_023c10	023c6c	LOAD	CAST(INT_ZEXT(INT_ADD(SUBPIECE(PTRSUB(CONST(0x0,3),CONST(0xf656,3)),CONST(0x0,4)),INT_MULT(INT_RIGHT(INT_AND(INT_RIGHT(INT_ADD(LEAF(register:001a:2:short),CONST(0x5a34,2)),CONST(0x4,4)),CONST(0xff,2)),CONST(0x4,4)),CONST(0x2,2)))))
023c10	FUN_023c10	023c70	STORE	CAST(INT_ZEXT(INT_ADD(SUBPIECE(PTRSUB(CONST(0x0,3),CONST(0xf656,3)),CONST(0x0,4)),INT_MULT(INT_RIGHT(INT_AND(INT_RIGHT(INT_ADD(LEAF(register:001a:2:short),CONST(0x5a34,2)),CONST(0x4,4)),CONST(0xff,2)),CONST(0x4,4)),CONST(0x2,2)))))
023c10	FUN_023c10	023c78	LOAD	CAST(INT_ZEXT(INT_ADD(LEAF(register:001a:2:short),CONST(0x1,2))))
023c10	FUN_023c10	023c80	LOAD	CAST(INT_ZEXT(INT_ADD(LEAF(register:0018:2:short),CONST(0xa,2))))
023c10	FUN_023c10	023c8a	STORE	CAST(INT_ZEXT(INT_ADD(LEAF(register:0018:2:short),CONST(0xa,2))))
023c10	FUN_023c10	023c8e	LOAD	CAST(INT_ZEXT(INT_ADD(LEAF(register:0018:2:short),CONST(0xa,2))))
023c10	FUN_023c10	023c92	LOAD	CAST(INT_ZEXT(INT_ADD(LEAF(register:0018:2:short),CONST(0xa,2))))
023c10	FUN_023c10	023c9c	STORE	CAST(INT_ZEXT(INT_ADD(LEAF(register:0018:2:short),CONST(0xa,2))))
023c10	FUN_023c10	023ca0	LOAD	CAST(INT_ZEXT(INT_ADD(LEAF(register:0018:2:short),CONST(0xa,2))))
023c10	FUN_023c10	023cb2	LOAD	CAST(INT_ZEXT(INT_ADD(LEAF(register:0018:2:short),CONST(0xa,2))))
023c10	FUN_023c10	023cb8	STORE	CAST(INT_ZEXT(INT_ADD(LEAF(register:0018:2:short),CONST(0xa,2))))
023c10	FUN_023c10	023cd8	LOAD	CAST(INT_ZEXT(INT_ADD(SUBPIECE(PTRSUB(CONST(0x0,3),CONST(0xf656,3)),CONST(0x0,4)),INT_MULT(INT_RIGHT(INT_AND(INT_RIGHT(INT_ADD(LEAF(register:001a:2:short),CONST(0x5a34,2)),CONST(0x4,4)),CONST(0xff,2)),CONST(0x4,4)),CONST(0x2,2)))))
023c10	FUN_023c10	023cdc	STORE	CAST(INT_ZEXT(INT_ADD(SUBPIECE(PTRSUB(CONST(0x0,3),CONST(0xf656,3)),CONST(0x0,4)),INT_MULT(INT_RIGHT(INT_AND(INT_RIGHT(INT_ADD(LEAF(register:001a:2:short),CONST(0x5a34,2)),CONST(0x4,4)),CONST(0xff,2)),CONST(0x4,4)),CONST(0x2,2)))))
023ce6	FUN_023ce6	023cf6	LOAD	CAST(INT_ZEXT(LEAF(register:0018:2:ushort)))
023ce6	FUN_023ce6	023cfe	LOAD	CAST(INT_ZEXT(INT_ADD(LEAF(register:0018:2:ushort),CONST(0x1,2))))
023ce6	FUN_023ce6	023d04	LOAD	CAST(INT_ZEXT(INT_ADD(LEAF(register:001a:2:short),CONST(0x1,2))))
023ce6	FUN_023ce6	023d0e	LOAD	CAST(INT_ZEXT(INT_ADD(LEAF(register:0018:2:ushort),CONST(0xa,2))))
023ce6	FUN_023ce6	023d18	STORE	CAST(INT_ZEXT(INT_ADD(LEAF(register:0018:2:ushort),CONST(0xb,2))))
023ce6	FUN_023ce6	023d22	LOAD	CAST(INT_ZEXT(INT_ADD(LEAF(register:0018:2:ushort),CONST(0xa,2))))
023ce6	FUN_023ce6	023d28	STORE	CAST(INT_ZEXT(INT_ADD(LEAF(register:0018:2:ushort),CONST(0xa,2))))
023ce6	FUN_023ce6	023d2e	LOAD	CAST(INT_ZEXT(INT_ADD(LEAF(register:0018:2:ushort),CONST(0xa,2))))
023ce6	FUN_023ce6	023d38	LOAD	CAST(INT_ZEXT(INT_ADD(LEAF(register:0018:2:ushort),CONST(0xb,2))))
023ce6	FUN_023ce6	023d44	LOAD	CAST(INT_ZEXT(INT_ADD(LEAF(register:0018:2:ushort),CONST(0xa,2))))
023ce6	FUN_023ce6	023d4a	STORE	CAST(INT_ZEXT(INT_ADD(LEAF(register:0018:2:ushort),CONST(0xa,2))))
023ce6	FUN_023ce6	023d54	LOAD	CAST(INT_ZEXT(INT_ADD(LEAF(register:0018:2:ushort),CONST(0xb,2))))
023ce6	FUN_023ce6	023d58	STORE	CAST(INT_ZEXT(INT_ADD(LEAF(register:0018:2:ushort),CONST(0xb,2))))
023ce6	FUN_023ce6	023d5a	LOAD	CAST(INT_ZEXT(INT_ADD(LEAF(register:0018:2:ushort),CONST(0xb,2))))
023ce6	FUN_023ce6	023d66	LOAD	CAST(INT_ZEXT(INT_ADD(LEAF(register:0018:2:ushort),CONST(0xa,2))))
023ce6	FUN_023ce6	023d6c	STORE	CAST(INT_ZEXT(INT_ADD(LEAF(register:0018:2:ushort),CONST(0xa,2))))
023ce6	FUN_023ce6	023d8c	STORE	CAST(INT_ZEXT(LEAF(register:0018:2:ushort)))
023ce6	FUN_023ce6	023d90	STORE	CAST(INT_ZEXT(INT_ADD(LEAF(register:0018:2:ushort),CONST(0x1,2))))
023ce6	FUN_023ce6	023da8	LOAD	CAST(INT_ZEXT(LEAF(register:0018:2:ushort)))
023ce6	FUN_023ce6	023dba	STORE	CAST(INT_ZEXT(INT_ADD(SUBPIECE(PTRSUB(CONST(0x0,3),CONST(0xef0b,3)),CONST(0x0,4)),INT_ZEXT(MULTIEQUAL(INDIRECT(INDIRECT(MULTIEQUAL(INDIRECT(INDIRECT(LEAF(00ea19:1:byte),CONST(0x14f2,4)),CONST(0x1584,4)),LEAF(00ea19:1:byte)),CONST(0x138d,4)),CONST(0x1441,4)),INDIRECT(LEAF(00ea19:1:byte),CONST(0x14d3,4)),LEAF(00ea19:1:byte),LEAF(00ea19:1:byte),LEAF(00ea19:1:byte),LEAF(00ea19:1:byte))))))
023ce6	FUN_023ce6	023dc4	LOAD	CAST(INT_ZEXT(INT_ADD(LEAF(register:001a:2:short),CONST(0x8,2))))
023ce6	FUN_023ce6	023dc8	LOAD	CAST(INT_ZEXT(LOAD(CONST(0x1f1,4),CAST(INT_ZEXT(INT_ADD(LEAF(register:001a:2:short),CONST(0x8,2)))))))
023ce6	FUN_023ce6	023dca	STORE	CAST(INT_ZEXT(INT_ADD(LEAF(register:0018:2:ushort),CONST(0x4,2))))
023ce6	FUN_023ce6	023dce	LOAD	CAST(INT_ZEXT(INT_ADD(LEAF(register:001a:2:short),CONST(0xa,2))))
023ce6	FUN_023ce6	023dd2	LOAD	CAST(INT_ZEXT(LOAD(CONST(0x1f1,4),CAST(INT_ZEXT(INT_ADD(LEAF(register:001a:2:short),CONST(0xa,2)))))))
023ce6	FUN_023ce6	023dd4	STORE	CAST(INT_ZEXT(INT_ADD(LEAF(register:0018:2:ushort),CONST(0x5,2))))
023ce6	FUN_023ce6	023dd8	LOAD	CAST(INT_ZEXT(INT_ADD(LEAF(register:001a:2:short),CONST(0xc,2))))
023ce6	FUN_023ce6	023ddc	LOAD	CAST(INT_ZEXT(LOAD(CONST(0x1f1,4),CAST(INT_ZEXT(INT_ADD(LEAF(register:001a:2:short),CONST(0xc,2)))))))
023ce6	FUN_023ce6	023dde	STORE	CAST(INT_ZEXT(INT_ADD(LEAF(register:0018:2:ushort),CONST(0x6,2))))
023ce6	FUN_023ce6	023de2	LOAD	CAST(INT_ZEXT(INT_ADD(LEAF(register:001a:2:short),CONST(0xe,2))))
023ce6	FUN_023ce6	023de6	LOAD	CAST(INT_ZEXT(LOAD(CONST(0x1f1,4),CAST(INT_ZEXT(INT_ADD(LEAF(register:001a:2:short),CONST(0xe,2)))))))
023ce6	FUN_023ce6	023de8	STORE	CAST(INT_ZEXT(INT_ADD(LEAF(register:0018:2:ushort),CONST(0x7,2))))
023ce6	FUN_023ce6	023df0	LOAD	CAST(INT_ZEXT(INT_ADD(LEAF(register:001a:2:short),CONST(0x1,2))))
023ce6	FUN_023ce6	023e04	STORE	CAST(INT_ZEXT(LEAF(register:0018:2:ushort)))
023ce6	FUN_023ce6	023e0a	STORE	CAST(INT_ZEXT(INT_ADD(LEAF(register:0018:2:ushort),CONST(0x9,2))))
023ce6	FUN_023ce6	023e12	STORE	CAST(INT_ZEXT(INT_ADD(LEAF(register:0018:2:ushort),CONST(0x8,2))))
023ce6	FUN_023ce6	023e3a	STORE	CAST(INT_ZEXT(INT_ADD(SUBPIECE(PTRSUB(CONST(0x0,3),CONST(0xeeaa,3)),CONST(0x0,4)),INT_ZEXT(MULTIEQUAL(INDIRECT(INDIRECT(INDIRECT(INDIRECT(INDIRECT(INDIRECT(INDIRECT(INDIRECT(MULTIEQUAL(INDIRECT(INDIRECT(LEAF(00ea18:1:byte),CONST(0x138d,4)),CONST(0x1441,4)),INDIRECT(MULTIEQUAL(LEAF(00ea18:1:byte),LEAF(00ea18:1:byte)),CONST(0x14d3,4)),LEAF(00ea18:1:byte),LEAF(00ea18:1:byte),LEAF(00ea18:1:byte),LEAF(00ea18:1:byte)),CONST(0x8c2,4)),CONST(0x957,4)),CONST(0x9a8,4)),CONST(0x9f9,4)),CONST(0xa4a,4)),CONST(0xb2e,4)),CONST(0xb64,4)),CONST(0xb9a,4)),LEAF(00ea18:1:byte),LEAF(00ea18:1:byte),LEAF(00ea18:1:byte))))))
023ce6	FUN_023ce6	023e4c	STORE	CAST(INT_ZEXT(LEAF(register:0018:2:ushort)))
023ce6	FUN_023ce6	023e4e	LOAD	CAST(INT_ZEXT(INT_ADD(LEAF(register:001a:2:short),CONST(0x1,2))))
023ce6	FUN_023ce6	023e64	STORE	CAST(INT_ZEXT(INT_ADD(LEAF(register:0018:2:ushort),CONST(0x3,2))))
023ce6	FUN_023ce6	023e68	LOAD	CAST(INT_ZEXT(INT_ADD(LEAF(register:0018:2:ushort),CONST(0x2,2))))
023ce6	FUN_023ce6	023e76	LOAD	CAST(INT_ZEXT(INT_ADD(LEAF(register:0018:2:ushort),CONST(0x2,2))))
023ce6	FUN_023ce6	023e7a	STORE	CAST(INT_ZEXT(INT_ADD(LEAF(register:0018:2:ushort),CONST(0x2,2))))
023ce6	FUN_023ce6	023e84	LOAD	CAST(INT_ZEXT(INT_ADD(LEAF(register:001a:2:short),CONST(0x1,2))))
023ce6	FUN_023ce6	023e98	STORE	CAST(INT_ZEXT(INT_ADD(LEAF(register:0018:2:ushort),CONST(0x1,2))))
023e74	FUN_023e74	023e76	LOAD	CAST(INT_ZEXT(INT_ADD(LEAF(register:0008:2:short),CONST(0x2,2))))
023e74	FUN_023e74	023e7a	STORE	CAST(INT_ZEXT(INT_ADD(LEAF(register:0008:2:short),CONST(0x2,2))))
023e74	FUN_023e74	023e98	STORE	CAST(INT_ZEXT(INT_ADD(LEAF(register:0010:2:short),CONST(0x1,2))))
023eac	FUN_023eac	023eb4	LOAD	CAST(INT_ZEXT(LEAF(register:0018:2:ushort)))
023eac	FUN_023eac	023ec0	LOAD	CAST(INT_ZEXT(INT_ADD(LEAF(register:001a:2:short),CONST(0x1,2))))
023eac	FUN_023eac	023ed0	LOAD	CAST(INT_ZEXT(INT_ADD(LEAF(register:0018:2:ushort),CONST(0xa,2))))
023eac	FUN_023eac	023ed6	STORE	CAST(INT_ZEXT(INT_ADD(LEAF(register:0018:2:ushort),CONST(0xa,2))))
023eac	FUN_023eac	023eea	STORE	CAST(INT_ZEXT(LEAF(register:0018:2:ushort)))
023eac	FUN_023eac	023f04	STORE	CAST(INT_ZEXT(INT_ADD(SUBPIECE(PTRSUB(CONST(0x0,3),CONST(0xeeaa,3)),CONST(0x0,4)),INT_ZEXT(MULTIEQUAL(INDIRECT(LEAF(00ea18:1:byte),CONST(0x952,4)),LEAF(00ea18:1:byte),LEAF(00ea18:1:byte))))))
023eac	FUN_023eac	023f0c	LOAD	CAST(INT_ZEXT(INT_ADD(SUBPIECE(PTRSUB(CONST(0x0,3),CONST(0xeeaa,3)),CONST(0x0,4)),INT_ZEXT(INDIRECT(MULTIEQUAL(INDIRECT(LEAF(00ea18:1:byte),CONST(0x952,4)),LEAF(00ea18:1:byte),LEAF(00ea18:1:byte)),CONST(0x49a,4))))))
023eac	FUN_023eac	023f14	STORE	CAST(INT_ZEXT(INT_ADD(SUBPIECE(PTRSUB(CONST(0x0,3),CONST(0xef0b,3)),CONST(0x0,4)),INT_ZEXT(INDIRECT(MULTIEQUAL(INDIRECT(LEAF(00ea19:1:byte),CONST(0x952,4)),LEAF(00ea19:1:byte),LEAF(00ea19:1:byte)),CONST(0x49a,4))))))
023eac	FUN_023eac	023f22	LOAD	CAST(INT_ZEXT(INT_ADD(LEAF(register:001a:2:short),CONST(0x8,2))))
023eac	FUN_023eac	023f26	LOAD	CAST(INT_ZEXT(LOAD(CONST(0x1f1,4),CAST(INT_ZEXT(INT_ADD(LEAF(register:001a:2:short),CONST(0x8,2)))))))
023eac	FUN_023eac	023f28	STORE	CAST(INT_ZEXT(INT_ADD(LEAF(register:0018:2:ushort),CONST(0x4,2))))
023eac	FUN_023eac	023f2c	LOAD	CAST(INT_ZEXT(INT_ADD(LEAF(register:001a:2:short),CONST(0xa,2))))
023eac	FUN_023eac	023f30	LOAD	CAST(INT_ZEXT(LOAD(CONST(0x1f1,4),CAST(INT_ZEXT(INT_ADD(LEAF(register:001a:2:short),CONST(0xa,2)))))))
023eac	FUN_023eac	023f32	STORE	CAST(INT_ZEXT(INT_ADD(LEAF(register:0018:2:ushort),CONST(0x5,2))))
023eac	FUN_023eac	023f36	LOAD	CAST(INT_ZEXT(INT_ADD(LEAF(register:001a:2:short),CONST(0xc,2))))
023eac	FUN_023eac	023f3a	LOAD	CAST(INT_ZEXT(LOAD(CONST(0x1f1,4),CAST(INT_ZEXT(INT_ADD(LEAF(register:001a:2:short),CONST(0xc,2)))))))
023eac	FUN_023eac	023f3c	STORE	CAST(INT_ZEXT(INT_ADD(LEAF(register:0018:2:ushort),CONST(0x6,2))))
023eac	FUN_023eac	023f40	LOAD	CAST(INT_ZEXT(INT_ADD(LEAF(register:001a:2:short),CONST(0xe,2))))
023eac	FUN_023eac	023f44	LOAD	CAST(INT_ZEXT(LOAD(CONST(0x1f1,4),CAST(INT_ZEXT(INT_ADD(LEAF(register:001a:2:short),CONST(0xe,2)))))))
023eac	FUN_023eac	023f46	STORE	CAST(INT_ZEXT(INT_ADD(LEAF(register:0018:2:ushort),CONST(0x7,2))))
023eac	FUN_023eac	023f4e	LOAD	CAST(INT_ZEXT(INT_ADD(LEAF(register:001a:2:short),CONST(0x1,2))))
023eac	FUN_023eac	023f66	STORE	CAST(INT_ZEXT(INT_ADD(LEAF(register:0018:2:ushort),CONST(0x9,2))))
023eac	FUN_023eac	023f6e	STORE	CAST(INT_ZEXT(INT_ADD(LEAF(register:0018:2:ushort),CONST(0x8,2))))
023eac	FUN_023eac	023f78	STORE	CAST(INT_ZEXT(LEAF(register:0018:2:ushort)))
023eac	FUN_023eac	023f90	STORE	CAST(INT_ZEXT(INT_ADD(LEAF(register:0018:2:ushort),CONST(0x3,2))))
023eac	FUN_023eac	023f94	LOAD	CAST(INT_ZEXT(INT_ADD(LEAF(register:0018:2:ushort),CONST(0x2,2))))
023eac	FUN_023eac	023fa2	LOAD	CAST(INT_ZEXT(INT_ADD(LEAF(register:0018:2:ushort),CONST(0x2,2))))
023eac	FUN_023eac	023fa6	STORE	CAST(INT_ZEXT(INT_ADD(LEAF(register:0018:2:ushort),CONST(0x2,2))))
023eac	FUN_023eac	023faa	LOAD	CAST(INT_ZEXT(INT_ADD(LEAF(register:001a:2:short),CONST(0x1,2))))
023f8a	FUN_023f8a	023f90	STORE	CAST(INT_ZEXT(INT_ADD(LEAF(register:0012:2:short),CONST(0x3,2))))
023f8a	FUN_023f8a	023f94	LOAD	CAST(INT_ZEXT(INT_ADD(LEAF(register:0012:2:short),CONST(0x2,2))))
023f8a	FUN_023f8a	023fa2	LOAD	CAST(INT_ZEXT(INT_ADD(LEAF(register:0012:2:short),CONST(0x2,2))))
023f8a	FUN_023f8a	023fa6	STORE	CAST(INT_ZEXT(INT_ADD(LEAF(register:0012:2:short),CONST(0x2,2))))
0241a2	FUN_0241a2	020474	LOAD	CAST(INT_ZEXT(MULTIEQUAL(INT_AND(LEAF(00ea00:2:ushort),CONST(0x3fff,2)),MULTIEQUAL(COPY(CONST(0x0,2)),INT_ADD(LEAF(register:000e:2:ushort),CONST(0x1,2))))))
0241a2	FUN_0241a2	02047a	STORE	CAST(INT_ZEXT(MULTIEQUAL(COPY(SUBPIECE(PTRSUB(CONST(0x0,3),CONST(0xe523,3)),CONST(0x0,4))),COPY(INT_ADD(LEAF(register:0012:2:ushort),CONST(0x1,2))))))
024488	FUN_024488	020702	LOAD	CAST(INT_ZEXT(MULTIEQUAL(SUBPIECE(PTRSUB(CONST(0x0,3),CONST(0xe428,3)),CONST(0x0,4)),INT_ADD(LEAF(register:0010:2:ushort),CONST(0x1,2)))))
024488	FUN_024488	020702	STORE	CAST(INT_ZEXT(MULTIEQUAL(INT_AND(PIECE(LEAF(00e425:1:byte),LEAF(00e426:1:undefined1)),CONST(0x3fff,2)),INT_ADD(LEAF(register:0012:2:ushort),CONST(0x1,2)))))
024488	FUN_024488	020710	LOAD	CAST(INT_ZEXT(MULTIEQUAL(SUBPIECE(PTRSUB(CONST(0x0,3),CONST(0xe428,3)),CONST(0x0,4)),INT_ADD(LEAF(register:0010:2:ushort),CONST(0x1,2)))))
024488	FUN_024488	020712	LOAD	CAST(INT_ZEXT(MULTIEQUAL(INT_AND(PIECE(LEAF(00e425:1:byte),LEAF(00e426:1:undefined1)),CONST(0x3fff,2)),INT_ADD(LEAF(register:0012:2:ushort),CONST(0x1,2)))))
024488	FUN_024488	020950	LOAD	CAST(INT_ZEXT(INT_ADD(SUBPIECE(PTRSUB(CONST(0x0,3),CONST(0xf63a,3)),CONST(0x0,4)),INT_MULT(INT_ZEXT(INT_ADD(MULTIEQUAL(LEAF(register:000c:1:byte),LEAF(unique:00022d00:1:byte),LEAF(register:000c:1:byte),LEAF(register:000c:1:byte),LEAF(register:000c:1:byte),LEAF(register:000c:1:byte),LEAF(register:000c:1:byte)),CONST(0x1,1))),CONST(0x2,2)))))
024488	FUN_024488	020954	STORE	CAST(INT_ZEXT(INT_ADD(MULTIEQUAL(LEAF(register:0012:2:ushort),INT_ADD(LEAF(register:0012:2:ushort),CONST(0x2,2)),LEAF(register:0012:2:ushort),LEAF(register:0012:2:ushort),LEAF(register:0012:2:ushort),LEAF(register:0012:2:ushort),LEAF(register:0012:2:ushort)),CONST(0x1,2))))
024488	FUN_024488	02095a	LOAD	CAST(INT_ZEXT(INT_SUB(INT_MULT(INT_ZEXT(INT_ADD(MULTIEQUAL(LEAF(register:000c:1:byte),LEAF(unique:00022d00:1:byte),LEAF(register:000c:1:byte),LEAF(register:000c:1:byte),LEAF(register:000c:1:byte),LEAF(register:000c:1:byte),LEAF(register:000c:1:byte)),CONST(0x1,1))),CONST(0x2,2)),CONST(0x9c5,2))))
024488	FUN_024488	020962	STORE	CAST(INT_ZEXT(MULTIEQUAL(LEAF(register:0012:2:ushort),INT_ADD(LEAF(register:0012:2:ushort),CONST(0x2,2)),LEAF(register:0012:2:ushort),LEAF(register:0012:2:ushort),LEAF(register:0012:2:ushort),LEAF(register:0012:2:ushort),LEAF(register:0012:2:ushort))))
024488	FUN_024488	020974	LOAD	CAST(INT_ZEXT(INT_ADD(SUBPIECE(PTRSUB(CONST(0x0,3),CONST(0xf648,3)),CONST(0x0,4)),INT_MULT(INT_ZEXT(MULTIEQUAL(COPY(CONST(0x0,1)),INT_ADD(LEAF(register:000c:1:byte),CONST(0x1,1)))),CONST(0x2,2)))))
024488	FUN_024488	020978	STORE	CAST(INT_ZEXT(MULTIEQUAL(INT_ADD(MULTIEQUAL(LEAF(register:0012:2:ushort),INT_ADD(LEAF(register:0012:2:ushort),CONST(0x2,2)),LEAF(register:0012:2:ushort),LEAF(register:0012:2:ushort),LEAF(register:0012:2:ushort),LEAF(register:0012:2:ushort),LEAF(register:0012:2:ushort)),CONST(0x1,2)),INT_ADD(LEAF(register:0012:2:ushort),CONST(0x2,2)))))
024488	FUN_024488	02097e	LOAD	CAST(INT_ZEXT(INT_SUB(INT_MULT(INT_ZEXT(MULTIEQUAL(COPY(CONST(0x0,1)),INT_ADD(LEAF(register:000c:1:byte),CONST(0x1,1)))),CONST(0x2,2)),CONST(0x9b7,2))))
024488	FUN_024488	020986	STORE	CAST(INT_ZEXT(INT_ADD(MULTIEQUAL(INT_ADD(MULTIEQUAL(LEAF(register:0012:2:ushort),INT_ADD(LEAF(register:0012:2:ushort),CONST(0x2,2)),LEAF(register:0012:2:ushort),LEAF(register:0012:2:ushort),LEAF(register:0012:2:ushort),LEAF(register:0012:2:ushort),LEAF(register:0012:2:ushort)),CONST(0x1,2)),INT_ADD(LEAF(register:0012:2:ushort),CONST(0x2,2))),CONST(0x1,2))))
024488	FUN_024488	020998	LOAD	CAST(INT_ZEXT(INT_ADD(SUBPIECE(PTRSUB(CONST(0x0,3),CONST(0xf664,3)),CONST(0x0,4)),INT_MULT(INT_ZEXT(MULTIEQUAL(COPY(CONST(0x0,1)),INT_ADD(LEAF(register:000c:1:byte),CONST(0x1,1)))),CONST(0x2,2)))))
024488	FUN_024488	02099c	STORE	CAST(INT_ZEXT(MULTIEQUAL(INT_ADD(MULTIEQUAL(INT_ADD(MULTIEQUAL(LEAF(register:0012:2:ushort),INT_ADD(LEAF(register:0012:2:ushort),CONST(0x2,2)),LEAF(register:0012:2:ushort),LEAF(register:0012:2:ushort),LEAF(register:0012:2:ushort),LEAF(register:0012:2:ushort),LEAF(register:0012:2:ushort)),CONST(0x1,2)),LEAF(unique:00022d00:2:ushort)),CONST(0x2,2)),INT_ADD(LEAF(register:0012:2:ushort),CONST(0x2,2)))))
024488	FUN_024488	0209a2	LOAD	CAST(INT_ZEXT(INT_SUB(INT_MULT(INT_ZEXT(MULTIEQUAL(COPY(CONST(0x0,1)),INT_ADD(LEAF(register:000c:1:byte),CONST(0x1,1)))),CONST(0x2,2)),CONST(0x99b,2))))
024488	FUN_024488	0209aa	STORE	CAST(INT_ZEXT(INT_ADD(MULTIEQUAL(INT_ADD(MULTIEQUAL(INT_ADD(MULTIEQUAL(LEAF(register:0012:2:ushort),INT_ADD(LEAF(register:0012:2:ushort),CONST(0x2,2)),LEAF(register:0012:2:ushort),LEAF(register:0012:2:ushort),LEAF(register:0012:2:ushort),LEAF(register:0012:2:ushort),LEAF(register:0012:2:ushort)),CONST(0x1,2)),LEAF(unique:00022d00:2:ushort)),CONST(0x2,2)),INT_ADD(LEAF(register:0012:2:ushort),CONST(0x2,2))),CONST(0x1,2))))
0244ce	FUN_0244ce	020950	LOAD	CAST(INT_ZEXT(INT_ADD(SUBPIECE(PTRSUB(CONST(0x0,3),CONST(0xf63a,3)),CONST(0x0,4)),INT_MULT(INT_ZEXT(INT_ADD(MULTIEQUAL(LEAF(register:000c:1:byte),LEAF(unique:00022d00:1:byte),LEAF(register:000c:1:byte),LEAF(register:000c:1:byte),LEAF(register:000c:1:byte),LEAF(register:000c:1:byte),LEAF(register:000c:1:byte)),CONST(0x1,1))),CONST(0x2,2)))))
0244ce	FUN_0244ce	020954	STORE	CAST(INT_ZEXT(INT_ADD(MULTIEQUAL(LEAF(register:0012:2:ushort),INT_ADD(LEAF(register:0012:2:ushort),CONST(0x2,2)),LEAF(register:0012:2:ushort),LEAF(register:0012:2:ushort),LEAF(register:0012:2:ushort),LEAF(register:0012:2:ushort),LEAF(register:0012:2:ushort)),CONST(0x1,2))))
0244ce	FUN_0244ce	02095a	LOAD	CAST(INT_ZEXT(INT_SUB(INT_MULT(INT_ZEXT(INT_ADD(MULTIEQUAL(LEAF(register:000c:1:byte),LEAF(unique:00022d00:1:byte),LEAF(register:000c:1:byte),LEAF(register:000c:1:byte),LEAF(register:000c:1:byte),LEAF(register:000c:1:byte),LEAF(register:000c:1:byte)),CONST(0x1,1))),CONST(0x2,2)),CONST(0x9c5,2))))
0244ce	FUN_0244ce	020962	STORE	CAST(INT_ZEXT(MULTIEQUAL(LEAF(register:0012:2:ushort),INT_ADD(LEAF(register:0012:2:ushort),CONST(0x2,2)),LEAF(register:0012:2:ushort),LEAF(register:0012:2:ushort),LEAF(register:0012:2:ushort),LEAF(register:0012:2:ushort),LEAF(register:0012:2:ushort))))
0244ce	FUN_0244ce	020974	LOAD	CAST(INT_ZEXT(INT_ADD(SUBPIECE(PTRSUB(CONST(0x0,3),CONST(0xf648,3)),CONST(0x0,4)),INT_MULT(INT_ZEXT(MULTIEQUAL(COPY(CONST(0x0,1)),INT_ADD(LEAF(register:000c:1:byte),CONST(0x1,1)))),CONST(0x2,2)))))
0244ce	FUN_0244ce	020978	STORE	CAST(INT_ZEXT(MULTIEQUAL(INT_ADD(MULTIEQUAL(LEAF(register:0012:2:ushort),INT_ADD(LEAF(register:0012:2:ushort),CONST(0x2,2)),LEAF(register:0012:2:ushort),LEAF(register:0012:2:ushort),LEAF(register:0012:2:ushort),LEAF(register:0012:2:ushort),LEAF(register:0012:2:ushort)),CONST(0x1,2)),INT_ADD(LEAF(register:0012:2:ushort),CONST(0x2,2)))))
0244ce	FUN_0244ce	02097e	LOAD	CAST(INT_ZEXT(INT_SUB(INT_MULT(INT_ZEXT(MULTIEQUAL(COPY(CONST(0x0,1)),INT_ADD(LEAF(register:000c:1:byte),CONST(0x1,1)))),CONST(0x2,2)),CONST(0x9b7,2))))
0244ce	FUN_0244ce	020986	STORE	CAST(INT_ZEXT(INT_ADD(MULTIEQUAL(INT_ADD(MULTIEQUAL(LEAF(register:0012:2:ushort),INT_ADD(LEAF(register:0012:2:ushort),CONST(0x2,2)),LEAF(register:0012:2:ushort),LEAF(register:0012:2:ushort),LEAF(register:0012:2:ushort),LEAF(register:0012:2:ushort),LEAF(register:0012:2:ushort)),CONST(0x1,2)),INT_ADD(LEAF(register:0012:2:ushort),CONST(0x2,2))),CONST(0x1,2))))
0244ce	FUN_0244ce	020998	LOAD	CAST(INT_ZEXT(INT_ADD(SUBPIECE(PTRSUB(CONST(0x0,3),CONST(0xf664,3)),CONST(0x0,4)),INT_MULT(INT_ZEXT(MULTIEQUAL(COPY(CONST(0x0,1)),INT_ADD(LEAF(register:000c:1:byte),CONST(0x1,1)))),CONST(0x2,2)))))
0244ce	FUN_0244ce	02099c	STORE	CAST(INT_ZEXT(MULTIEQUAL(INT_ADD(MULTIEQUAL(INT_ADD(MULTIEQUAL(LEAF(register:0012:2:ushort),INT_ADD(LEAF(register:0012:2:ushort),CONST(0x2,2)),LEAF(register:0012:2:ushort),LEAF(register:0012:2:ushort),LEAF(register:0012:2:ushort),LEAF(register:0012:2:ushort),LEAF(register:0012:2:ushort)),CONST(0x1,2)),LEAF(unique:00022d00:2:ushort)),CONST(0x2,2)),INT_ADD(LEAF(register:0012:2:ushort),CONST(0x2,2)))))
0244ce	FUN_0244ce	0209a2	LOAD	CAST(INT_ZEXT(INT_SUB(INT_MULT(INT_ZEXT(MULTIEQUAL(COPY(CONST(0x0,1)),INT_ADD(LEAF(register:000c:1:byte),CONST(0x1,1)))),CONST(0x2,2)),CONST(0x99b,2))))
0244ce	FUN_0244ce	0209aa	STORE	CAST(INT_ZEXT(INT_ADD(MULTIEQUAL(INT_ADD(MULTIEQUAL(INT_ADD(MULTIEQUAL(LEAF(register:0012:2:ushort),INT_ADD(LEAF(register:0012:2:ushort),CONST(0x2,2)),LEAF(register:0012:2:ushort),LEAF(register:0012:2:ushort),LEAF(register:0012:2:ushort),LEAF(register:0012:2:ushort),LEAF(register:0012:2:ushort)),CONST(0x1,2)),LEAF(unique:00022d00:2:ushort)),CONST(0x2,2)),INT_ADD(LEAF(register:0012:2:ushort),CONST(0x2,2))),CONST(0x1,2))))
0244ec	FUN_0244ec	020950	LOAD	CAST(INT_ZEXT(INT_ADD(SUBPIECE(PTRSUB(CONST(0x0,3),CONST(0xf63a,3)),CONST(0x0,4)),INT_MULT(INT_ZEXT(INT_ADD(MULTIEQUAL(LEAF(register:000c:1:byte),LEAF(unique:00022d00:1:byte),LEAF(register:000c:1:byte),LEAF(register:000c:1:byte),LEAF(register:000c:1:byte),LEAF(register:000c:1:byte),LEAF(register:000c:1:byte)),CONST(0x1,1))),CONST(0x2,2)))))
0244ec	FUN_0244ec	020954	STORE	CAST(INT_ZEXT(INT_ADD(MULTIEQUAL(LEAF(register:0012:2:ushort),INT_ADD(LEAF(register:0012:2:ushort),CONST(0x2,2)),LEAF(register:0012:2:ushort),LEAF(register:0012:2:ushort),LEAF(register:0012:2:ushort),LEAF(register:0012:2:ushort),LEAF(register:0012:2:ushort)),CONST(0x1,2))))
0244ec	FUN_0244ec	02095a	LOAD	CAST(INT_ZEXT(INT_SUB(INT_MULT(INT_ZEXT(INT_ADD(MULTIEQUAL(LEAF(register:000c:1:byte),LEAF(unique:00022d00:1:byte),LEAF(register:000c:1:byte),LEAF(register:000c:1:byte),LEAF(register:000c:1:byte),LEAF(register:000c:1:byte),LEAF(register:000c:1:byte)),CONST(0x1,1))),CONST(0x2,2)),CONST(0x9c5,2))))
0244ec	FUN_0244ec	020962	STORE	CAST(INT_ZEXT(MULTIEQUAL(LEAF(register:0012:2:ushort),INT_ADD(LEAF(register:0012:2:ushort),CONST(0x2,2)),LEAF(register:0012:2:ushort),LEAF(register:0012:2:ushort),LEAF(register:0012:2:ushort),LEAF(register:0012:2:ushort),LEAF(register:0012:2:ushort))))
0244ec	FUN_0244ec	020974	LOAD	CAST(INT_ZEXT(INT_ADD(SUBPIECE(PTRSUB(CONST(0x0,3),CONST(0xf648,3)),CONST(0x0,4)),INT_MULT(INT_ZEXT(MULTIEQUAL(COPY(CONST(0x0,1)),INT_ADD(LEAF(register:000c:1:byte),CONST(0x1,1)))),CONST(0x2,2)))))
0244ec	FUN_0244ec	020978	STORE	CAST(INT_ZEXT(MULTIEQUAL(INT_ADD(MULTIEQUAL(LEAF(register:0012:2:ushort),INT_ADD(LEAF(register:0012:2:ushort),CONST(0x2,2)),LEAF(register:0012:2:ushort),LEAF(register:0012:2:ushort),LEAF(register:0012:2:ushort),LEAF(register:0012:2:ushort),LEAF(register:0012:2:ushort)),CONST(0x1,2)),INT_ADD(LEAF(register:0012:2:ushort),CONST(0x2,2)))))
0244ec	FUN_0244ec	02097e	LOAD	CAST(INT_ZEXT(INT_SUB(INT_MULT(INT_ZEXT(MULTIEQUAL(COPY(CONST(0x0,1)),INT_ADD(LEAF(register:000c:1:byte),CONST(0x1,1)))),CONST(0x2,2)),CONST(0x9b7,2))))
0244ec	FUN_0244ec	020986	STORE	CAST(INT_ZEXT(INT_ADD(MULTIEQUAL(INT_ADD(MULTIEQUAL(LEAF(register:0012:2:ushort),INT_ADD(LEAF(register:0012:2:ushort),CONST(0x2,2)),LEAF(register:0012:2:ushort),LEAF(register:0012:2:ushort),LEAF(register:0012:2:ushort),LEAF(register:0012:2:ushort),LEAF(register:0012:2:ushort)),CONST(0x1,2)),INT_ADD(LEAF(register:0012:2:ushort),CONST(0x2,2))),CONST(0x1,2))))
0244ec	FUN_0244ec	020998	LOAD	CAST(INT_ZEXT(INT_ADD(SUBPIECE(PTRSUB(CONST(0x0,3),CONST(0xf664,3)),CONST(0x0,4)),INT_MULT(INT_ZEXT(MULTIEQUAL(COPY(CONST(0x0,1)),INT_ADD(LEAF(register:000c:1:byte),CONST(0x1,1)))),CONST(0x2,2)))))
0244ec	FUN_0244ec	02099c	STORE	CAST(INT_ZEXT(MULTIEQUAL(INT_ADD(MULTIEQUAL(INT_ADD(MULTIEQUAL(LEAF(register:0012:2:ushort),INT_ADD(LEAF(register:0012:2:ushort),CONST(0x2,2)),LEAF(register:0012:2:ushort),LEAF(register:0012:2:ushort),LEAF(register:0012:2:ushort),LEAF(register:0012:2:ushort),LEAF(register:0012:2:ushort)),CONST(0x1,2)),LEAF(unique:00022d00:2:ushort)),CONST(0x2,2)),INT_ADD(LEAF(register:0012:2:ushort),CONST(0x2,2)))))
0244ec	FUN_0244ec	0209a2	LOAD	CAST(INT_ZEXT(INT_SUB(INT_MULT(INT_ZEXT(MULTIEQUAL(COPY(CONST(0x0,1)),INT_ADD(LEAF(register:000c:1:byte),CONST(0x1,1)))),CONST(0x2,2)),CONST(0x99b,2))))
0244ec	FUN_0244ec	0209aa	STORE	CAST(INT_ZEXT(INT_ADD(MULTIEQUAL(INT_ADD(MULTIEQUAL(INT_ADD(MULTIEQUAL(LEAF(register:0012:2:ushort),INT_ADD(LEAF(register:0012:2:ushort),CONST(0x2,2)),LEAF(register:0012:2:ushort),LEAF(register:0012:2:ushort),LEAF(register:0012:2:ushort),LEAF(register:0012:2:ushort),LEAF(register:0012:2:ushort)),CONST(0x1,2)),LEAF(unique:00022d00:2:ushort)),CONST(0x2,2)),INT_ADD(LEAF(register:0012:2:ushort),CONST(0x2,2))),CONST(0x1,2))))
024524	FUN_024524	020950	LOAD	CAST(INT_ZEXT(INT_ADD(SUBPIECE(PTRSUB(CONST(0x0,3),CONST(0xf63a,3)),CONST(0x0,4)),INT_MULT(INT_ZEXT(INT_ADD(MULTIEQUAL(LEAF(register:000c:1:byte),LEAF(unique:00022d00:1:byte),LEAF(register:000c:1:byte),LEAF(register:000c:1:byte),LEAF(register:000c:1:byte),LEAF(register:000c:1:byte),LEAF(register:000c:1:byte)),CONST(0x1,1))),CONST(0x2,2)))))
024524	FUN_024524	020954	STORE	CAST(INT_ZEXT(INT_ADD(MULTIEQUAL(LEAF(register:0012:2:ushort),INT_ADD(LEAF(register:0012:2:ushort),CONST(0x2,2)),LEAF(register:0012:2:ushort),LEAF(register:0012:2:ushort),LEAF(register:0012:2:ushort),LEAF(register:0012:2:ushort),LEAF(register:0012:2:ushort)),CONST(0x1,2))))
024524	FUN_024524	02095a	LOAD	CAST(INT_ZEXT(INT_SUB(INT_MULT(INT_ZEXT(INT_ADD(MULTIEQUAL(LEAF(register:000c:1:byte),LEAF(unique:00022d00:1:byte),LEAF(register:000c:1:byte),LEAF(register:000c:1:byte),LEAF(register:000c:1:byte),LEAF(register:000c:1:byte),LEAF(register:000c:1:byte)),CONST(0x1,1))),CONST(0x2,2)),CONST(0x9c5,2))))
024524	FUN_024524	020962	STORE	CAST(INT_ZEXT(MULTIEQUAL(LEAF(register:0012:2:ushort),INT_ADD(LEAF(register:0012:2:ushort),CONST(0x2,2)),LEAF(register:0012:2:ushort),LEAF(register:0012:2:ushort),LEAF(register:0012:2:ushort),LEAF(register:0012:2:ushort),LEAF(register:0012:2:ushort))))
024524	FUN_024524	020974	LOAD	CAST(INT_ZEXT(INT_ADD(SUBPIECE(PTRSUB(CONST(0x0,3),CONST(0xf648,3)),CONST(0x0,4)),INT_MULT(INT_ZEXT(MULTIEQUAL(COPY(CONST(0x0,1)),INT_ADD(LEAF(register:000c:1:byte),CONST(0x1,1)))),CONST(0x2,2)))))
024524	FUN_024524	020978	STORE	CAST(INT_ZEXT(MULTIEQUAL(INT_ADD(MULTIEQUAL(LEAF(register:0012:2:ushort),INT_ADD(LEAF(register:0012:2:ushort),CONST(0x2,2)),LEAF(register:0012:2:ushort),LEAF(register:0012:2:ushort),LEAF(register:0012:2:ushort),LEAF(register:0012:2:ushort),LEAF(register:0012:2:ushort)),CONST(0x1,2)),INT_ADD(LEAF(register:0012:2:ushort),CONST(0x2,2)))))
024524	FUN_024524	02097e	LOAD	CAST(INT_ZEXT(INT_SUB(INT_MULT(INT_ZEXT(MULTIEQUAL(COPY(CONST(0x0,1)),INT_ADD(LEAF(register:000c:1:byte),CONST(0x1,1)))),CONST(0x2,2)),CONST(0x9b7,2))))
024524	FUN_024524	020986	STORE	CAST(INT_ZEXT(INT_ADD(MULTIEQUAL(INT_ADD(MULTIEQUAL(LEAF(register:0012:2:ushort),INT_ADD(LEAF(register:0012:2:ushort),CONST(0x2,2)),LEAF(register:0012:2:ushort),LEAF(register:0012:2:ushort),LEAF(register:0012:2:ushort),LEAF(register:0012:2:ushort),LEAF(register:0012:2:ushort)),CONST(0x1,2)),INT_ADD(LEAF(register:0012:2:ushort),CONST(0x2,2))),CONST(0x1,2))))
024524	FUN_024524	020998	LOAD	CAST(INT_ZEXT(INT_ADD(SUBPIECE(PTRSUB(CONST(0x0,3),CONST(0xf664,3)),CONST(0x0,4)),INT_MULT(INT_ZEXT(MULTIEQUAL(COPY(CONST(0x0,1)),INT_ADD(LEAF(register:000c:1:byte),CONST(0x1,1)))),CONST(0x2,2)))))
024524	FUN_024524	02099c	STORE	CAST(INT_ZEXT(MULTIEQUAL(INT_ADD(MULTIEQUAL(INT_ADD(MULTIEQUAL(LEAF(register:0012:2:ushort),INT_ADD(LEAF(register:0012:2:ushort),CONST(0x2,2)),LEAF(register:0012:2:ushort),LEAF(register:0012:2:ushort),LEAF(register:0012:2:ushort),LEAF(register:0012:2:ushort),LEAF(register:0012:2:ushort)),CONST(0x1,2)),LEAF(unique:00022d00:2:ushort)),CONST(0x2,2)),INT_ADD(LEAF(register:0012:2:ushort),CONST(0x2,2)))))
024524	FUN_024524	0209a2	LOAD	CAST(INT_ZEXT(INT_SUB(INT_MULT(INT_ZEXT(MULTIEQUAL(COPY(CONST(0x0,1)),INT_ADD(LEAF(register:000c:1:byte),CONST(0x1,1)))),CONST(0x2,2)),CONST(0x99b,2))))
024524	FUN_024524	0209aa	STORE	CAST(INT_ZEXT(INT_ADD(MULTIEQUAL(INT_ADD(MULTIEQUAL(INT_ADD(MULTIEQUAL(LEAF(register:0012:2:ushort),INT_ADD(LEAF(register:0012:2:ushort),CONST(0x2,2)),LEAF(register:0012:2:ushort),LEAF(register:0012:2:ushort),LEAF(register:0012:2:ushort),LEAF(register:0012:2:ushort),LEAF(register:0012:2:ushort)),CONST(0x1,2)),LEAF(unique:00022d00:2:ushort)),CONST(0x2,2)),INT_ADD(LEAF(register:0012:2:ushort),CONST(0x2,2))),CONST(0x1,2))))
02452e	FUN_02452e	020950	LOAD	CAST(INT_ZEXT(INT_ADD(SUBPIECE(PTRSUB(CONST(0x0,3),CONST(0xf63a,3)),CONST(0x0,4)),INT_MULT(INT_ZEXT(INT_ADD(MULTIEQUAL(LEAF(register:000c:1:byte),LEAF(unique:00022d00:1:byte),LEAF(register:000c:1:byte),LEAF(register:000c:1:byte),LEAF(register:000c:1:byte),LEAF(register:000c:1:byte),LEAF(register:000c:1:byte)),CONST(0x1,1))),CONST(0x2,2)))))
02452e	FUN_02452e	020954	STORE	CAST(INT_ZEXT(INT_ADD(MULTIEQUAL(LEAF(register:0012:2:ushort),INT_ADD(LEAF(register:0012:2:ushort),CONST(0x2,2)),LEAF(register:0012:2:ushort),LEAF(register:0012:2:ushort),LEAF(register:0012:2:ushort),LEAF(register:0012:2:ushort),LEAF(register:0012:2:ushort)),CONST(0x1,2))))
02452e	FUN_02452e	02095a	LOAD	CAST(INT_ZEXT(INT_SUB(INT_MULT(INT_ZEXT(INT_ADD(MULTIEQUAL(LEAF(register:000c:1:byte),LEAF(unique:00022d00:1:byte),LEAF(register:000c:1:byte),LEAF(register:000c:1:byte),LEAF(register:000c:1:byte),LEAF(register:000c:1:byte),LEAF(register:000c:1:byte)),CONST(0x1,1))),CONST(0x2,2)),CONST(0x9c5,2))))
02452e	FUN_02452e	020962	STORE	CAST(INT_ZEXT(MULTIEQUAL(LEAF(register:0012:2:ushort),INT_ADD(LEAF(register:0012:2:ushort),CONST(0x2,2)),LEAF(register:0012:2:ushort),LEAF(register:0012:2:ushort),LEAF(register:0012:2:ushort),LEAF(register:0012:2:ushort),LEAF(register:0012:2:ushort))))
02452e	FUN_02452e	020974	LOAD	CAST(INT_ZEXT(INT_ADD(SUBPIECE(PTRSUB(CONST(0x0,3),CONST(0xf648,3)),CONST(0x0,4)),INT_MULT(INT_ZEXT(MULTIEQUAL(COPY(CONST(0x0,1)),INT_ADD(LEAF(register:000c:1:byte),CONST(0x1,1)))),CONST(0x2,2)))))
02452e	FUN_02452e	020978	STORE	CAST(INT_ZEXT(MULTIEQUAL(INT_ADD(MULTIEQUAL(LEAF(register:0012:2:ushort),INT_ADD(LEAF(register:0012:2:ushort),CONST(0x2,2)),LEAF(register:0012:2:ushort),LEAF(register:0012:2:ushort),LEAF(register:0012:2:ushort),LEAF(register:0012:2:ushort),LEAF(register:0012:2:ushort)),CONST(0x1,2)),INT_ADD(LEAF(register:0012:2:ushort),CONST(0x2,2)))))
02452e	FUN_02452e	02097e	LOAD	CAST(INT_ZEXT(INT_SUB(INT_MULT(INT_ZEXT(MULTIEQUAL(COPY(CONST(0x0,1)),INT_ADD(LEAF(register:000c:1:byte),CONST(0x1,1)))),CONST(0x2,2)),CONST(0x9b7,2))))
02452e	FUN_02452e	020986	STORE	CAST(INT_ZEXT(INT_ADD(MULTIEQUAL(INT_ADD(MULTIEQUAL(LEAF(register:0012:2:ushort),INT_ADD(LEAF(register:0012:2:ushort),CONST(0x2,2)),LEAF(register:0012:2:ushort),LEAF(register:0012:2:ushort),LEAF(register:0012:2:ushort),LEAF(register:0012:2:ushort),LEAF(register:0012:2:ushort)),CONST(0x1,2)),INT_ADD(LEAF(register:0012:2:ushort),CONST(0x2,2))),CONST(0x1,2))))
02452e	FUN_02452e	020998	LOAD	CAST(INT_ZEXT(INT_ADD(SUBPIECE(PTRSUB(CONST(0x0,3),CONST(0xf664,3)),CONST(0x0,4)),INT_MULT(INT_ZEXT(MULTIEQUAL(COPY(CONST(0x0,1)),INT_ADD(LEAF(register:000c:1:byte),CONST(0x1,1)))),CONST(0x2,2)))))
02452e	FUN_02452e	02099c	STORE	CAST(INT_ZEXT(MULTIEQUAL(INT_ADD(MULTIEQUAL(INT_ADD(MULTIEQUAL(LEAF(register:0012:2:ushort),INT_ADD(LEAF(register:0012:2:ushort),CONST(0x2,2)),LEAF(register:0012:2:ushort),LEAF(register:0012:2:ushort),LEAF(register:0012:2:ushort),LEAF(register:0012:2:ushort),LEAF(register:0012:2:ushort)),CONST(0x1,2)),LEAF(unique:00022d00:2:ushort)),CONST(0x2,2)),INT_ADD(LEAF(register:0012:2:ushort),CONST(0x2,2)))))
02452e	FUN_02452e	0209a2	LOAD	CAST(INT_ZEXT(INT_SUB(INT_MULT(INT_ZEXT(MULTIEQUAL(COPY(CONST(0x0,1)),INT_ADD(LEAF(register:000c:1:byte),CONST(0x1,1)))),CONST(0x2,2)),CONST(0x99b,2))))
02452e	FUN_02452e	0209aa	STORE	CAST(INT_ZEXT(INT_ADD(MULTIEQUAL(INT_ADD(MULTIEQUAL(INT_ADD(MULTIEQUAL(LEAF(register:0012:2:ushort),INT_ADD(LEAF(register:0012:2:ushort),CONST(0x2,2)),LEAF(register:0012:2:ushort),LEAF(register:0012:2:ushort),LEAF(register:0012:2:ushort),LEAF(register:0012:2:ushort),LEAF(register:0012:2:ushort)),CONST(0x1,2)),LEAF(unique:00022d00:2:ushort)),CONST(0x2,2)),INT_ADD(LEAF(register:0012:2:ushort),CONST(0x2,2))),CONST(0x1,2))))
024538	FUN_024538	020950	LOAD	CAST(INT_ZEXT(INT_ADD(SUBPIECE(PTRSUB(CONST(0x0,3),CONST(0xf63a,3)),CONST(0x0,4)),INT_MULT(INT_ZEXT(INT_ADD(MULTIEQUAL(LEAF(register:000c:1:byte),LEAF(unique:00022d00:1:byte),LEAF(register:000c:1:byte),LEAF(register:000c:1:byte),LEAF(register:000c:1:byte),LEAF(register:000c:1:byte),LEAF(register:000c:1:byte)),CONST(0x1,1))),CONST(0x2,2)))))
024538	FUN_024538	020954	STORE	CAST(INT_ZEXT(INT_ADD(MULTIEQUAL(LEAF(register:0012:2:ushort),INT_ADD(LEAF(register:0012:2:ushort),CONST(0x2,2)),LEAF(register:0012:2:ushort),LEAF(register:0012:2:ushort),LEAF(register:0012:2:ushort),LEAF(register:0012:2:ushort),LEAF(register:0012:2:ushort)),CONST(0x1,2))))
024538	FUN_024538	02095a	LOAD	CAST(INT_ZEXT(INT_SUB(INT_MULT(INT_ZEXT(INT_ADD(MULTIEQUAL(LEAF(register:000c:1:byte),LEAF(unique:00022d00:1:byte),LEAF(register:000c:1:byte),LEAF(register:000c:1:byte),LEAF(register:000c:1:byte),LEAF(register:000c:1:byte),LEAF(register:000c:1:byte)),CONST(0x1,1))),CONST(0x2,2)),CONST(0x9c5,2))))
024538	FUN_024538	020962	STORE	CAST(INT_ZEXT(MULTIEQUAL(LEAF(register:0012:2:ushort),INT_ADD(LEAF(register:0012:2:ushort),CONST(0x2,2)),LEAF(register:0012:2:ushort),LEAF(register:0012:2:ushort),LEAF(register:0012:2:ushort),LEAF(register:0012:2:ushort),LEAF(register:0012:2:ushort))))
024538	FUN_024538	020974	LOAD	CAST(INT_ZEXT(INT_ADD(SUBPIECE(PTRSUB(CONST(0x0,3),CONST(0xf648,3)),CONST(0x0,4)),INT_MULT(INT_ZEXT(MULTIEQUAL(COPY(CONST(0x0,1)),INT_ADD(LEAF(register:000c:1:byte),CONST(0x1,1)))),CONST(0x2,2)))))
024538	FUN_024538	020978	STORE	CAST(INT_ZEXT(MULTIEQUAL(INT_ADD(MULTIEQUAL(LEAF(register:0012:2:ushort),INT_ADD(LEAF(register:0012:2:ushort),CONST(0x2,2)),LEAF(register:0012:2:ushort),LEAF(register:0012:2:ushort),LEAF(register:0012:2:ushort),LEAF(register:0012:2:ushort),LEAF(register:0012:2:ushort)),CONST(0x1,2)),INT_ADD(LEAF(register:0012:2:ushort),CONST(0x2,2)))))
024538	FUN_024538	02097e	LOAD	CAST(INT_ZEXT(INT_SUB(INT_MULT(INT_ZEXT(MULTIEQUAL(COPY(CONST(0x0,1)),INT_ADD(LEAF(register:000c:1:byte),CONST(0x1,1)))),CONST(0x2,2)),CONST(0x9b7,2))))
024538	FUN_024538	020986	STORE	CAST(INT_ZEXT(INT_ADD(MULTIEQUAL(INT_ADD(MULTIEQUAL(LEAF(register:0012:2:ushort),INT_ADD(LEAF(register:0012:2:ushort),CONST(0x2,2)),LEAF(register:0012:2:ushort),LEAF(register:0012:2:ushort),LEAF(register:0012:2:ushort),LEAF(register:0012:2:ushort),LEAF(register:0012:2:ushort)),CONST(0x1,2)),INT_ADD(LEAF(register:0012:2:ushort),CONST(0x2,2))),CONST(0x1,2))))
024538	FUN_024538	020998	LOAD	CAST(INT_ZEXT(INT_ADD(SUBPIECE(PTRSUB(CONST(0x0,3),CONST(0xf664,3)),CONST(0x0,4)),INT_MULT(INT_ZEXT(MULTIEQUAL(COPY(CONST(0x0,1)),INT_ADD(LEAF(register:000c:1:byte),CONST(0x1,1)))),CONST(0x2,2)))))
024538	FUN_024538	02099c	STORE	CAST(INT_ZEXT(MULTIEQUAL(INT_ADD(MULTIEQUAL(INT_ADD(MULTIEQUAL(LEAF(register:0012:2:ushort),INT_ADD(LEAF(register:0012:2:ushort),CONST(0x2,2)),LEAF(register:0012:2:ushort),LEAF(register:0012:2:ushort),LEAF(register:0012:2:ushort),LEAF(register:0012:2:ushort),LEAF(register:0012:2:ushort)),CONST(0x1,2)),LEAF(unique:00022d00:2:ushort)),CONST(0x2,2)),INT_ADD(LEAF(register:0012:2:ushort),CONST(0x2,2)))))
024538	FUN_024538	0209a2	LOAD	CAST(INT_ZEXT(INT_SUB(INT_MULT(INT_ZEXT(MULTIEQUAL(COPY(CONST(0x0,1)),INT_ADD(LEAF(register:000c:1:byte),CONST(0x1,1)))),CONST(0x2,2)),CONST(0x99b,2))))
024538	FUN_024538	0209aa	STORE	CAST(INT_ZEXT(INT_ADD(MULTIEQUAL(INT_ADD(MULTIEQUAL(INT_ADD(MULTIEQUAL(LEAF(register:0012:2:ushort),INT_ADD(LEAF(register:0012:2:ushort),CONST(0x2,2)),LEAF(register:0012:2:ushort),LEAF(register:0012:2:ushort),LEAF(register:0012:2:ushort),LEAF(register:0012:2:ushort),LEAF(register:0012:2:ushort)),CONST(0x1,2)),LEAF(unique:00022d00:2:ushort)),CONST(0x2,2)),INT_ADD(LEAF(register:0012:2:ushort),CONST(0x2,2))),CONST(0x1,2))))
024582	FUN_024582	020950	LOAD	CAST(INT_ZEXT(INT_ADD(SUBPIECE(PTRSUB(CONST(0x0,3),CONST(0xf63a,3)),CONST(0x0,4)),INT_MULT(INT_ZEXT(INT_ADD(MULTIEQUAL(LEAF(register:000c:1:byte),LEAF(unique:00022d00:1:byte),LEAF(register:000c:1:byte),LEAF(register:000c:1:byte),LEAF(register:000c:1:byte),LEAF(register:000c:1:byte),LEAF(register:000c:1:byte)),CONST(0x1,1))),CONST(0x2,2)))))
024582	FUN_024582	020954	STORE	CAST(INT_ZEXT(INT_ADD(MULTIEQUAL(LEAF(register:0012:2:ushort),INT_ADD(LEAF(register:0012:2:ushort),CONST(0x2,2)),LEAF(register:0012:2:ushort),LEAF(register:0012:2:ushort),LEAF(register:0012:2:ushort),LEAF(register:0012:2:ushort),LEAF(register:0012:2:ushort)),CONST(0x1,2))))
024582	FUN_024582	02095a	LOAD	CAST(INT_ZEXT(INT_SUB(INT_MULT(INT_ZEXT(INT_ADD(MULTIEQUAL(LEAF(register:000c:1:byte),LEAF(unique:00022d00:1:byte),LEAF(register:000c:1:byte),LEAF(register:000c:1:byte),LEAF(register:000c:1:byte),LEAF(register:000c:1:byte),LEAF(register:000c:1:byte)),CONST(0x1,1))),CONST(0x2,2)),CONST(0x9c5,2))))
024582	FUN_024582	020962	STORE	CAST(INT_ZEXT(MULTIEQUAL(LEAF(register:0012:2:ushort),INT_ADD(LEAF(register:0012:2:ushort),CONST(0x2,2)),LEAF(register:0012:2:ushort),LEAF(register:0012:2:ushort),LEAF(register:0012:2:ushort),LEAF(register:0012:2:ushort),LEAF(register:0012:2:ushort))))
024582	FUN_024582	020974	LOAD	CAST(INT_ZEXT(INT_ADD(SUBPIECE(PTRSUB(CONST(0x0,3),CONST(0xf648,3)),CONST(0x0,4)),INT_MULT(INT_ZEXT(MULTIEQUAL(COPY(CONST(0x0,1)),INT_ADD(LEAF(register:000c:1:byte),CONST(0x1,1)))),CONST(0x2,2)))))
024582	FUN_024582	020978	STORE	CAST(INT_ZEXT(MULTIEQUAL(INT_ADD(MULTIEQUAL(LEAF(register:0012:2:ushort),INT_ADD(LEAF(register:0012:2:ushort),CONST(0x2,2)),LEAF(register:0012:2:ushort),LEAF(register:0012:2:ushort),LEAF(register:0012:2:ushort),LEAF(register:0012:2:ushort),LEAF(register:0012:2:ushort)),CONST(0x1,2)),INT_ADD(LEAF(register:0012:2:ushort),CONST(0x2,2)))))
024582	FUN_024582	02097e	LOAD	CAST(INT_ZEXT(INT_SUB(INT_MULT(INT_ZEXT(MULTIEQUAL(COPY(CONST(0x0,1)),INT_ADD(LEAF(register:000c:1:byte),CONST(0x1,1)))),CONST(0x2,2)),CONST(0x9b7,2))))
024582	FUN_024582	020986	STORE	CAST(INT_ZEXT(INT_ADD(MULTIEQUAL(INT_ADD(MULTIEQUAL(LEAF(register:0012:2:ushort),INT_ADD(LEAF(register:0012:2:ushort),CONST(0x2,2)),LEAF(register:0012:2:ushort),LEAF(register:0012:2:ushort),LEAF(register:0012:2:ushort),LEAF(register:0012:2:ushort),LEAF(register:0012:2:ushort)),CONST(0x1,2)),INT_ADD(LEAF(register:0012:2:ushort),CONST(0x2,2))),CONST(0x1,2))))
024582	FUN_024582	020998	LOAD	CAST(INT_ZEXT(INT_ADD(SUBPIECE(PTRSUB(CONST(0x0,3),CONST(0xf664,3)),CONST(0x0,4)),INT_MULT(INT_ZEXT(MULTIEQUAL(COPY(CONST(0x0,1)),INT_ADD(LEAF(register:000c:1:byte),CONST(0x1,1)))),CONST(0x2,2)))))
024582	FUN_024582	02099c	STORE	CAST(INT_ZEXT(MULTIEQUAL(INT_ADD(MULTIEQUAL(INT_ADD(MULTIEQUAL(LEAF(register:0012:2:ushort),INT_ADD(LEAF(register:0012:2:ushort),CONST(0x2,2)),LEAF(register:0012:2:ushort),LEAF(register:0012:2:ushort),LEAF(register:0012:2:ushort),LEAF(register:0012:2:ushort),LEAF(register:0012:2:ushort)),CONST(0x1,2)),LEAF(unique:00022d00:2:ushort)),CONST(0x2,2)),INT_ADD(LEAF(register:0012:2:ushort),CONST(0x2,2)))))
024582	FUN_024582	0209a2	LOAD	CAST(INT_ZEXT(INT_SUB(INT_MULT(INT_ZEXT(MULTIEQUAL(COPY(CONST(0x0,1)),INT_ADD(LEAF(register:000c:1:byte),CONST(0x1,1)))),CONST(0x2,2)),CONST(0x99b,2))))
024582	FUN_024582	0209aa	STORE	CAST(INT_ZEXT(INT_ADD(MULTIEQUAL(INT_ADD(MULTIEQUAL(INT_ADD(MULTIEQUAL(LEAF(register:0012:2:ushort),INT_ADD(LEAF(register:0012:2:ushort),CONST(0x2,2)),LEAF(register:0012:2:ushort),LEAF(register:0012:2:ushort),LEAF(register:0012:2:ushort),LEAF(register:0012:2:ushort),LEAF(register:0012:2:ushort)),CONST(0x1,2)),LEAF(unique:00022d00:2:ushort)),CONST(0x2,2)),INT_ADD(LEAF(register:0012:2:ushort),CONST(0x2,2))),CONST(0x1,2))))
024784	FUN_024784	020950	LOAD	CAST(INT_ZEXT(INT_ADD(SUBPIECE(PTRSUB(CONST(0x0,3),CONST(0xf63a,3)),CONST(0x0,4)),INT_MULT(INT_ZEXT(MULTIEQUAL(COPY(CONST(0x0,1)),INT_ADD(MULTIEQUAL(LEAF(register:000c:1:byte),LEAF(register:000c:1:byte),LEAF(register:000c:1:byte),LEAF(register:000c:1:byte),LEAF(register:000c:1:byte),LEAF(register:000c:1:byte),LEAF(register:000c:1:byte)),CONST(0x1,1)))),CONST(0x2,2)))))
024784	FUN_024784	020954	STORE	CAST(INT_ZEXT(MULTIEQUAL(SUBPIECE(PTRSUB(CONST(0x0,3),CONST(0xe52e,3)),CONST(0x0,4)),INT_ADD(MULTIEQUAL(LEAF(register:0012:2:ushort),INT_ADD(LEAF(register:0012:2:ushort),CONST(0x1,2)),LEAF(register:0012:2:ushort),LEAF(register:0012:2:ushort),LEAF(register:0012:2:ushort),LEAF(register:0012:2:ushort),LEAF(register:0012:2:ushort)),CONST(0x1,2)))))
024784	FUN_024784	02095a	LOAD	CAST(INT_ZEXT(INT_SUB(INT_MULT(INT_ZEXT(MULTIEQUAL(COPY(CONST(0x0,1)),INT_ADD(MULTIEQUAL(LEAF(register:000c:1:byte),LEAF(register:000c:1:byte),LEAF(register:000c:1:byte),LEAF(register:000c:1:byte),LEAF(register:000c:1:byte),LEAF(register:000c:1:byte),LEAF(register:000c:1:byte)),CONST(0x1,1)))),CONST(0x2,2)),CONST(0x9c5,2))))
024784	FUN_024784	020962	STORE	CAST(INT_ZEXT(MULTIEQUAL(LEAF(register:0012:2:ushort),INT_ADD(MULTIEQUAL(SUBPIECE(PTRSUB(CONST(0x0,3),CONST(0xe52e,3)),CONST(0x0,4)),INT_ADD(LEAF(register:0012:2:ushort),CONST(0x1,2))),CONST(0x1,2)),LEAF(register:0012:2:ushort),LEAF(register:0012:2:ushort),LEAF(register:0012:2:ushort),LEAF(register:0012:2:ushort),LEAF(register:0012:2:ushort))))
024784	FUN_024784	020974	LOAD	CAST(INT_ZEXT(INT_ADD(SUBPIECE(PTRSUB(CONST(0x0,3),CONST(0xf648,3)),CONST(0x0,4)),INT_MULT(INT_ZEXT(MULTIEQUAL(COPY(CONST(0x0,1)),INT_ADD(LEAF(register:000c:1:byte),CONST(0x1,1)))),CONST(0x2,2)))))
024784	FUN_024784	020978	STORE	CAST(INT_ZEXT(MULTIEQUAL(INT_ADD(MULTIEQUAL(LEAF(register:0012:2:ushort),INT_ADD(MULTIEQUAL(SUBPIECE(PTRSUB(CONST(0x0,3),CONST(0xe52e,3)),CONST(0x0,4)),LEAF(unique:00022d00:2:ushort)),CONST(0x1,2)),LEAF(register:0012:2:ushort),LEAF(register:0012:2:ushort),LEAF(register:0012:2:ushort),LEAF(register:0012:2:ushort),LEAF(register:0012:2:ushort)),CONST(0x1,2)),INT_ADD(LEAF(register:0012:2:ushort),CONST(0x2,2)))))
024784	FUN_024784	02097e	LOAD	CAST(INT_ZEXT(INT_SUB(INT_MULT(INT_ZEXT(MULTIEQUAL(COPY(CONST(0x0,1)),INT_ADD(LEAF(register:000c:1:byte),CONST(0x1,1)))),CONST(0x2,2)),CONST(0x9b7,2))))
024784	FUN_024784	020986	STORE	CAST(INT_ZEXT(INT_ADD(MULTIEQUAL(INT_ADD(MULTIEQUAL(LEAF(register:0012:2:ushort),INT_ADD(MULTIEQUAL(SUBPIECE(PTRSUB(CONST(0x0,3),CONST(0xe52e,3)),CONST(0x0,4)),LEAF(unique:00022d00:2:ushort)),CONST(0x1,2)),LEAF(register:0012:2:ushort),LEAF(register:0012:2:ushort),LEAF(register:0012:2:ushort),LEAF(register:0012:2:ushort),LEAF(register:0012:2:ushort)),CONST(0x1,2)),INT_ADD(LEAF(register:0012:2:ushort),CONST(0x2,2))),CONST(0x1,2))))
024784	FUN_024784	020998	LOAD	CAST(INT_ZEXT(INT_ADD(SUBPIECE(PTRSUB(CONST(0x0,3),CONST(0xf664,3)),CONST(0x0,4)),INT_MULT(INT_ZEXT(MULTIEQUAL(COPY(CONST(0x0,1)),INT_ADD(LEAF(register:000c:1:byte),CONST(0x1,1)))),CONST(0x2,2)))))
024784	FUN_024784	02099c	STORE	CAST(INT_ZEXT(MULTIEQUAL(INT_ADD(MULTIEQUAL(INT_ADD(MULTIEQUAL(LEAF(register:0012:2:ushort),INT_ADD(MULTIEQUAL(SUBPIECE(PTRSUB(CONST(0x0,3),CONST(0xe52e,3)),CONST(0x0,4)),LEAF(unique:00022d00:2:ushort)),CONST(0x1,2)),LEAF(register:0012:2:ushort),LEAF(register:0012:2:ushort),LEAF(register:0012:2:ushort),LEAF(register:0012:2:ushort),LEAF(register:0012:2:ushort)),CONST(0x1,2)),LEAF(unique:00022d00:2:ushort)),CONST(0x2,2)),INT_ADD(LEAF(register:0012:2:ushort),CONST(0x2,2)))))
024784	FUN_024784	0209a2	LOAD	CAST(INT_ZEXT(INT_SUB(INT_MULT(INT_ZEXT(MULTIEQUAL(COPY(CONST(0x0,1)),INT_ADD(LEAF(register:000c:1:byte),CONST(0x1,1)))),CONST(0x2,2)),CONST(0x99b,2))))
024784	FUN_024784	0209aa	STORE	CAST(INT_ZEXT(INT_ADD(MULTIEQUAL(INT_ADD(MULTIEQUAL(INT_ADD(MULTIEQUAL(LEAF(register:0012:2:ushort),INT_ADD(MULTIEQUAL(SUBPIECE(PTRSUB(CONST(0x0,3),CONST(0xe52e,3)),CONST(0x0,4)),LEAF(unique:00022d00:2:ushort)),CONST(0x1,2)),LEAF(register:0012:2:ushort),LEAF(register:0012:2:ushort),LEAF(register:0012:2:ushort),LEAF(register:0012:2:ushort),LEAF(register:0012:2:ushort)),CONST(0x1,2)),LEAF(unique:00022d00:2:ushort)),CONST(0x2,2)),INT_ADD(LEAF(register:0012:2:ushort),CONST(0x2,2))),CONST(0x1,2))))
024796	FUN_024796	020950	LOAD	CAST(INT_ZEXT(INT_ADD(SUBPIECE(PTRSUB(CONST(0x0,3),CONST(0xf63a,3)),CONST(0x0,4)),INT_MULT(INT_ZEXT(MULTIEQUAL(COPY(CONST(0x0,1)),INT_ADD(MULTIEQUAL(LEAF(register:000c:1:byte),LEAF(register:000c:1:byte),LEAF(register:000c:1:byte),LEAF(register:000c:1:byte),LEAF(register:000c:1:byte),LEAF(register:000c:1:byte),LEAF(register:000c:1:byte)),CONST(0x1,1)))),CONST(0x2,2)))))
024796	FUN_024796	020954	STORE	CAST(INT_ZEXT(MULTIEQUAL(SUBPIECE(PTRSUB(CONST(0x0,3),CONST(0xe52e,3)),CONST(0x0,4)),INT_ADD(MULTIEQUAL(LEAF(register:0012:2:ushort),INT_ADD(LEAF(register:0012:2:ushort),CONST(0x1,2)),LEAF(register:0012:2:ushort),LEAF(register:0012:2:ushort),LEAF(register:0012:2:ushort),LEAF(register:0012:2:ushort),LEAF(register:0012:2:ushort)),CONST(0x1,2)))))
024796	FUN_024796	02095a	LOAD	CAST(INT_ZEXT(INT_SUB(INT_MULT(INT_ZEXT(MULTIEQUAL(COPY(CONST(0x0,1)),INT_ADD(MULTIEQUAL(LEAF(register:000c:1:byte),LEAF(register:000c:1:byte),LEAF(register:000c:1:byte),LEAF(register:000c:1:byte),LEAF(register:000c:1:byte),LEAF(register:000c:1:byte),LEAF(register:000c:1:byte)),CONST(0x1,1)))),CONST(0x2,2)),CONST(0x9c5,2))))
024796	FUN_024796	020962	STORE	CAST(INT_ZEXT(MULTIEQUAL(LEAF(register:0012:2:ushort),INT_ADD(MULTIEQUAL(SUBPIECE(PTRSUB(CONST(0x0,3),CONST(0xe52e,3)),CONST(0x0,4)),INT_ADD(LEAF(register:0012:2:ushort),CONST(0x1,2))),CONST(0x1,2)),LEAF(register:0012:2:ushort),LEAF(register:0012:2:ushort),LEAF(register:0012:2:ushort),LEAF(register:0012:2:ushort),LEAF(register:0012:2:ushort))))
024796	FUN_024796	020974	LOAD	CAST(INT_ZEXT(INT_ADD(SUBPIECE(PTRSUB(CONST(0x0,3),CONST(0xf648,3)),CONST(0x0,4)),INT_MULT(INT_ZEXT(MULTIEQUAL(COPY(CONST(0x0,1)),INT_ADD(LEAF(register:000c:1:byte),CONST(0x1,1)))),CONST(0x2,2)))))
024796	FUN_024796	020978	STORE	CAST(INT_ZEXT(MULTIEQUAL(INT_ADD(MULTIEQUAL(LEAF(register:0012:2:ushort),INT_ADD(MULTIEQUAL(SUBPIECE(PTRSUB(CONST(0x0,3),CONST(0xe52e,3)),CONST(0x0,4)),LEAF(unique:00022d00:2:ushort)),CONST(0x1,2)),LEAF(register:0012:2:ushort),LEAF(register:0012:2:ushort),LEAF(register:0012:2:ushort),LEAF(register:0012:2:ushort),LEAF(register:0012:2:ushort)),CONST(0x1,2)),INT_ADD(LEAF(register:0012:2:ushort),CONST(0x2,2)))))
024796	FUN_024796	02097e	LOAD	CAST(INT_ZEXT(INT_SUB(INT_MULT(INT_ZEXT(MULTIEQUAL(COPY(CONST(0x0,1)),INT_ADD(LEAF(register:000c:1:byte),CONST(0x1,1)))),CONST(0x2,2)),CONST(0x9b7,2))))
024796	FUN_024796	020986	STORE	CAST(INT_ZEXT(INT_ADD(MULTIEQUAL(INT_ADD(MULTIEQUAL(LEAF(register:0012:2:ushort),INT_ADD(MULTIEQUAL(SUBPIECE(PTRSUB(CONST(0x0,3),CONST(0xe52e,3)),CONST(0x0,4)),LEAF(unique:00022d00:2:ushort)),CONST(0x1,2)),LEAF(register:0012:2:ushort),LEAF(register:0012:2:ushort),LEAF(register:0012:2:ushort),LEAF(register:0012:2:ushort),LEAF(register:0012:2:ushort)),CONST(0x1,2)),INT_ADD(LEAF(register:0012:2:ushort),CONST(0x2,2))),CONST(0x1,2))))
024796	FUN_024796	020998	LOAD	CAST(INT_ZEXT(INT_ADD(SUBPIECE(PTRSUB(CONST(0x0,3),CONST(0xf664,3)),CONST(0x0,4)),INT_MULT(INT_ZEXT(MULTIEQUAL(COPY(CONST(0x0,1)),INT_ADD(LEAF(register:000c:1:byte),CONST(0x1,1)))),CONST(0x2,2)))))
024796	FUN_024796	02099c	STORE	CAST(INT_ZEXT(MULTIEQUAL(INT_ADD(MULTIEQUAL(INT_ADD(MULTIEQUAL(LEAF(register:0012:2:ushort),INT_ADD(MULTIEQUAL(SUBPIECE(PTRSUB(CONST(0x0,3),CONST(0xe52e,3)),CONST(0x0,4)),LEAF(unique:00022d00:2:ushort)),CONST(0x1,2)),LEAF(register:0012:2:ushort),LEAF(register:0012:2:ushort),LEAF(register:0012:2:ushort),LEAF(register:0012:2:ushort),LEAF(register:0012:2:ushort)),CONST(0x1,2)),LEAF(unique:00022d00:2:ushort)),CONST(0x2,2)),INT_ADD(LEAF(register:0012:2:ushort),CONST(0x2,2)))))
024796	FUN_024796	0209a2	LOAD	CAST(INT_ZEXT(INT_SUB(INT_MULT(INT_ZEXT(MULTIEQUAL(COPY(CONST(0x0,1)),INT_ADD(LEAF(register:000c:1:byte),CONST(0x1,1)))),CONST(0x2,2)),CONST(0x99b,2))))
024796	FUN_024796	0209aa	STORE	CAST(INT_ZEXT(INT_ADD(MULTIEQUAL(INT_ADD(MULTIEQUAL(INT_ADD(MULTIEQUAL(LEAF(register:0012:2:ushort),INT_ADD(MULTIEQUAL(SUBPIECE(PTRSUB(CONST(0x0,3),CONST(0xe52e,3)),CONST(0x0,4)),LEAF(unique:00022d00:2:ushort)),CONST(0x1,2)),LEAF(register:0012:2:ushort),LEAF(register:0012:2:ushort),LEAF(register:0012:2:ushort),LEAF(register:0012:2:ushort),LEAF(register:0012:2:ushort)),CONST(0x1,2)),LEAF(unique:00022d00:2:ushort)),CONST(0x2,2)),INT_ADD(LEAF(register:0012:2:ushort),CONST(0x2,2))),CONST(0x1,2))))
0247ae	FUN_0247ae	020950	LOAD	CAST(INT_ZEXT(INT_ADD(SUBPIECE(PTRSUB(CONST(0x0,3),CONST(0xf63a,3)),CONST(0x0,4)),INT_MULT(INT_ZEXT(MULTIEQUAL(COPY(CONST(0x0,1)),INT_ADD(MULTIEQUAL(LEAF(register:000c:1:byte),LEAF(register:000c:1:byte),LEAF(register:000c:1:byte),LEAF(register:000c:1:byte),LEAF(register:000c:1:byte),LEAF(register:000c:1:byte),LEAF(register:000c:1:byte)),CONST(0x1,1)))),CONST(0x2,2)))))
0247ae	FUN_0247ae	020954	STORE	CAST(INT_ZEXT(MULTIEQUAL(SUBPIECE(PTRSUB(CONST(0x0,3),CONST(0xe52e,3)),CONST(0x0,4)),INT_ADD(MULTIEQUAL(LEAF(register:0012:2:ushort),INT_ADD(LEAF(register:0012:2:ushort),CONST(0x1,2)),LEAF(register:0012:2:ushort),LEAF(register:0012:2:ushort),LEAF(register:0012:2:ushort),LEAF(register:0012:2:ushort),LEAF(register:0012:2:ushort)),CONST(0x1,2)))))
0247ae	FUN_0247ae	02095a	LOAD	CAST(INT_ZEXT(INT_SUB(INT_MULT(INT_ZEXT(MULTIEQUAL(COPY(CONST(0x0,1)),INT_ADD(MULTIEQUAL(LEAF(register:000c:1:byte),LEAF(register:000c:1:byte),LEAF(register:000c:1:byte),LEAF(register:000c:1:byte),LEAF(register:000c:1:byte),LEAF(register:000c:1:byte),LEAF(register:000c:1:byte)),CONST(0x1,1)))),CONST(0x2,2)),CONST(0x9c5,2))))
0247ae	FUN_0247ae	020962	STORE	CAST(INT_ZEXT(MULTIEQUAL(LEAF(register:0012:2:ushort),INT_ADD(MULTIEQUAL(SUBPIECE(PTRSUB(CONST(0x0,3),CONST(0xe52e,3)),CONST(0x0,4)),INT_ADD(LEAF(register:0012:2:ushort),CONST(0x1,2))),CONST(0x1,2)),LEAF(register:0012:2:ushort),LEAF(register:0012:2:ushort),LEAF(register:0012:2:ushort),LEAF(register:0012:2:ushort),LEAF(register:0012:2:ushort))))
0247ae	FUN_0247ae	020974	LOAD	CAST(INT_ZEXT(INT_ADD(SUBPIECE(PTRSUB(CONST(0x0,3),CONST(0xf648,3)),CONST(0x0,4)),INT_MULT(INT_ZEXT(MULTIEQUAL(COPY(CONST(0x0,1)),INT_ADD(LEAF(register:000c:1:byte),CONST(0x1,1)))),CONST(0x2,2)))))
0247ae	FUN_0247ae	020978	STORE	CAST(INT_ZEXT(MULTIEQUAL(INT_ADD(MULTIEQUAL(LEAF(register:0012:2:ushort),INT_ADD(MULTIEQUAL(SUBPIECE(PTRSUB(CONST(0x0,3),CONST(0xe52e,3)),CONST(0x0,4)),LEAF(unique:00022d00:2:ushort)),CONST(0x1,2)),LEAF(register:0012:2:ushort),LEAF(register:0012:2:ushort),LEAF(register:0012:2:ushort),LEAF(register:0012:2:ushort),LEAF(register:0012:2:ushort)),CONST(0x1,2)),INT_ADD(LEAF(register:0012:2:ushort),CONST(0x2,2)))))
0247ae	FUN_0247ae	02097e	LOAD	CAST(INT_ZEXT(INT_SUB(INT_MULT(INT_ZEXT(MULTIEQUAL(COPY(CONST(0x0,1)),INT_ADD(LEAF(register:000c:1:byte),CONST(0x1,1)))),CONST(0x2,2)),CONST(0x9b7,2))))
0247ae	FUN_0247ae	020986	STORE	CAST(INT_ZEXT(INT_ADD(MULTIEQUAL(INT_ADD(MULTIEQUAL(LEAF(register:0012:2:ushort),INT_ADD(MULTIEQUAL(SUBPIECE(PTRSUB(CONST(0x0,3),CONST(0xe52e,3)),CONST(0x0,4)),LEAF(unique:00022d00:2:ushort)),CONST(0x1,2)),LEAF(register:0012:2:ushort),LEAF(register:0012:2:ushort),LEAF(register:0012:2:ushort),LEAF(register:0012:2:ushort),LEAF(register:0012:2:ushort)),CONST(0x1,2)),INT_ADD(LEAF(register:0012:2:ushort),CONST(0x2,2))),CONST(0x1,2))))
0247ae	FUN_0247ae	020998	LOAD	CAST(INT_ZEXT(INT_ADD(SUBPIECE(PTRSUB(CONST(0x0,3),CONST(0xf664,3)),CONST(0x0,4)),INT_MULT(INT_ZEXT(MULTIEQUAL(COPY(CONST(0x0,1)),INT_ADD(LEAF(register:000c:1:byte),CONST(0x1,1)))),CONST(0x2,2)))))
0247ae	FUN_0247ae	02099c	STORE	CAST(INT_ZEXT(MULTIEQUAL(INT_ADD(MULTIEQUAL(INT_ADD(MULTIEQUAL(LEAF(register:0012:2:ushort),INT_ADD(MULTIEQUAL(SUBPIECE(PTRSUB(CONST(0x0,3),CONST(0xe52e,3)),CONST(0x0,4)),LEAF(unique:00022d00:2:ushort)),CONST(0x1,2)),LEAF(register:0012:2:ushort),LEAF(register:0012:2:ushort),LEAF(register:0012:2:ushort),LEAF(register:0012:2:ushort),LEAF(register:0012:2:ushort)),CONST(0x1,2)),LEAF(unique:00022d00:2:ushort)),CONST(0x2,2)),INT_ADD(LEAF(register:0012:2:ushort),CONST(0x2,2)))))
0247ae	FUN_0247ae	0209a2	LOAD	CAST(INT_ZEXT(INT_SUB(INT_MULT(INT_ZEXT(MULTIEQUAL(COPY(CONST(0x0,1)),INT_ADD(LEAF(register:000c:1:byte),CONST(0x1,1)))),CONST(0x2,2)),CONST(0x99b,2))))
0247ae	FUN_0247ae	0209aa	STORE	CAST(INT_ZEXT(INT_ADD(MULTIEQUAL(INT_ADD(MULTIEQUAL(INT_ADD(MULTIEQUAL(LEAF(register:0012:2:ushort),INT_ADD(MULTIEQUAL(SUBPIECE(PTRSUB(CONST(0x0,3),CONST(0xe52e,3)),CONST(0x0,4)),LEAF(unique:00022d00:2:ushort)),CONST(0x1,2)),LEAF(register:0012:2:ushort),LEAF(register:0012:2:ushort),LEAF(register:0012:2:ushort),LEAF(register:0012:2:ushort),LEAF(register:0012:2:ushort)),CONST(0x1,2)),LEAF(unique:00022d00:2:ushort)),CONST(0x2,2)),INT_ADD(LEAF(register:0012:2:ushort),CONST(0x2,2))),CONST(0x1,2))))
0249b0	FUN_0249b0	020e16	LOAD	PTRADD(MULTIEQUAL(CAST(PIECE(SUBPIECE(INT_RIGHT(CAST(PTRSUB(LEAF(register:0000:2:void *),CONST(0xfffe,2))),CONST(0x8,4)),CONST(0x0,4)),INT_MULT(SUBPIECE(PTRSUB(LEAF(register:0000:2:void *),CONST(0xfffe,2)),CONST(0x0,2)),CONST(0x2,1)))),PTRSUB(LEAF(register:0000:2:void *),CONST(0xfffe,2))),CONST(0x2,2),CONST(0x1,2))
0249b0	FUN_0249b0	020e1c	STORE	CAST(INT_ZEXT(INT_ADD(SUBPIECE(PTRSUB(CONST(0x0,3),CONST(0xe523,3)),CONST(0x0,4)),INT_ZEXT(CAST(LOAD(CONST(0x1f1,4),PTRADD(MULTIEQUAL(CAST(PIECE(SUBPIECE(INT_RIGHT(CAST(PTRSUB(LEAF(register:0000:2:void *),CONST(0xfffe,2))),CONST(0x8,4)),CONST(0x0,4)),INT_MULT(SUBPIECE(PTRSUB(LEAF(register:0000:2:void *),CONST(0xfffe,2)),CONST(0x0,2)),CONST(0x2,1)))),PTRSUB(LEAF(register:0000:2:void *),CONST(0xfffe,2))),CONST(0x2,2),CONST(0x1,2))))))))
0249b0	FUN_0249b0	020e20	LOAD	PTRADD(MULTIEQUAL(CAST(PIECE(SUBPIECE(INT_RIGHT(CAST(PTRSUB(LEAF(register:0000:2:void *),CONST(0xfffe,2))),CONST(0x8,4)),CONST(0x0,4)),INT_MULT(SUBPIECE(PTRSUB(LEAF(register:0000:2:void *),CONST(0xfffe,2)),CONST(0x0,2)),CONST(0x2,1)))),PTRSUB(LEAF(register:0000:2:void *),CONST(0xfffe,2))),CONST(0x1,2),CONST(0x1,2))
0249b0	FUN_0249b0	020e30	LOAD	PTRADD(MULTIEQUAL(CAST(PIECE(SUBPIECE(INT_RIGHT(CAST(PTRSUB(LEAF(register:0000:2:void *),CONST(0xfffe,2))),CONST(0x8,4)),CONST(0x0,4)),INT_MULT(SUBPIECE(PTRSUB(LEAF(register:0000:2:void *),CONST(0xfffe,2)),CONST(0x0,2)),CONST(0x2,1)))),PTRSUB(LEAF(register:0000:2:void *),CONST(0xfffe,2))),CONST(0x2,2),CONST(0x1,2))
0249b0	FUN_0249b0	020e36	STORE	CAST(INT_ZEXT(INT_ADD(SUBPIECE(PTRSUB(CONST(0x0,3),CONST(0xe524,3)),CONST(0x0,4)),INT_ZEXT(CAST(LOAD(CONST(0x1f1,4),PTRADD(MULTIEQUAL(CAST(PIECE(SUBPIECE(INT_RIGHT(CAST(PTRSUB(LEAF(register:0000:2:void *),CONST(0xfffe,2))),CONST(0x8,4)),CONST(0x0,4)),INT_MULT(SUBPIECE(PTRSUB(LEAF(register:0000:2:void *),CONST(0xfffe,2)),CONST(0x0,2)),CONST(0x2,1)))),PTRSUB(LEAF(register:0000:2:void *),CONST(0xfffe,2))),CONST(0x2,2),CONST(0x1,2))))))))
0249b0	FUN_0249b0	020e3a	LOAD	MULTIEQUAL(CAST(PIECE(SUBPIECE(INT_RIGHT(CAST(PTRSUB(LEAF(register:0000:2:void *),CONST(0xfffe,2))),CONST(0x8,4)),CONST(0x0,4)),INT_MULT(SUBPIECE(PTRSUB(LEAF(register:0000:2:void *),CONST(0xfffe,2)),CONST(0x0,2)),CONST(0x2,1)))),PTRSUB(LEAF(register:0000:2:void *),CONST(0xfffe,2)))
0249b0	FUN_0249b0	020e3c	LOAD	PTRADD(MULTIEQUAL(CAST(PIECE(SUBPIECE(INT_RIGHT(CAST(PTRSUB(LEAF(register:0000:2:void *),CONST(0xfffe,2))),CONST(0x8,4)),CONST(0x0,4)),INT_MULT(SUBPIECE(PTRSUB(LEAF(register:0000:2:void *),CONST(0xfffe,2)),CONST(0x0,2)),CONST(0x2,1)))),PTRSUB(LEAF(register:0000:2:void *),CONST(0xfffe,2))),CONST(0x2,2),CONST(0x1,2))
0249b0	FUN_0249b0	020e42	STORE	CAST(INT_ZEXT(INT_ADD(SUBPIECE(PTRSUB(CONST(0x0,3),CONST(0xe525,3)),CONST(0x0,4)),INT_ZEXT(CAST(LOAD(CONST(0x1f1,4),PTRADD(MULTIEQUAL(CAST(PIECE(SUBPIECE(INT_RIGHT(CAST(PTRSUB(LEAF(register:0000:2:void *),CONST(0xfffe,2))),CONST(0x8,4)),CONST(0x0,4)),INT_MULT(SUBPIECE(PTRSUB(LEAF(register:0000:2:void *),CONST(0xfffe,2)),CONST(0x0,2)),CONST(0x2,1)))),PTRSUB(LEAF(register:0000:2:void *),CONST(0xfffe,2))),CONST(0x2,2),CONST(0x1,2))))))))
0249b0	FUN_0249b0	0249c8	STORE	CAST(INT_ZEXT(INT_ADD(INT_ZEXT(LEAF(00fac2:1:byte)),CONST(0xe865,2))))
0249b0	FUN_0249b0	0249f6	STORE	CAST(INT_ZEXT(INT_ADD(INT_ZEXT(MULTIEQUAL(INT_AND(INT_ADD(INDIRECT(LEAF(00fac2:1:byte),CONST(0x1887,4)),CONST(0x1,1)),CONST(0x1f,1)),LEAF(unique:00023b00:1:byte),LEAF(00fac2:1:byte),LEAF(00fac2:1:byte))),CONST(0xe865,2))))
0249b0	FUN_0249b0	024a24	STORE	CAST(INT_ZEXT(INT_ADD(INT_ZEXT(INT_AND(INT_ADD(INDIRECT(MULTIEQUAL(INT_AND(INT_ADD(INDIRECT(LEAF(00fac2:1:byte),CONST(0x1887,4)),CONST(0x1,1)),CONST(0x1f,1)),LEAF(unique:00023b00:1:byte),LEAF(00fac2:1:byte),LEAF(00fac2:1:byte)),CONST(0x79,4)),CONST(0x1,1)),CONST(0x1f,1))),CONST(0xe865,2))))
0249b0	FUN_0249b0	024a54	STORE	CAST(INT_ZEXT(INT_ADD(INT_ZEXT(INT_AND(INT_ADD(INDIRECT(INT_AND(INT_ADD(INDIRECT(MULTIEQUAL(INT_AND(INT_ADD(INDIRECT(LEAF(00fac2:1:byte),CONST(0x1887,4)),CONST(0x1,1)),CONST(0x1f,1)),LEAF(unique:00023b00:1:byte),LEAF(00fac2:1:byte),LEAF(00fac2:1:byte)),CONST(0x79,4)),CONST(0x1,1)),CONST(0x1f,1)),CONST(0x176,4)),CONST(0x1,1)),CONST(0x1f,1))),CONST(0xe865,2))))
0249b0	FUN_0249b0	024a84	STORE	CAST(INT_ZEXT(INT_ADD(INT_ZEXT(INT_AND(INT_ADD(INDIRECT(INT_AND(INT_ADD(INDIRECT(INT_AND(INT_ADD(INDIRECT(MULTIEQUAL(INT_AND(INT_ADD(LEAF(00fac2:1:byte),CONST(0x1,1)),CONST(0x1f,1)),LEAF(unique:00023b00:1:byte),LEAF(00fac2:1:byte),LEAF(00fac2:1:byte)),CONST(0x79,4)),CONST(0x1,1)),CONST(0x1f,1)),CONST(0x176,4)),CONST(0x1,1)),CONST(0x1f,1)),CONST(0x273,4)),CONST(0x1,1)),CONST(0x1f,1))),CONST(0xe865,2))))
0249b0	FUN_0249b0	024ab8	STORE	CAST(INT_ZEXT(INT_ADD(INT_ZEXT(INT_AND(INT_ADD(INDIRECT(INT_AND(INT_ADD(INDIRECT(INT_AND(INT_ADD(INDIRECT(INT_AND(INT_ADD(INDIRECT(LEAF(00fac2:1:byte),CONST(0x79,4)),CONST(0x1,1)),CONST(0x1f,1)),CONST(0x176,4)),CONST(0x1,1)),CONST(0x1f,1)),CONST(0x273,4)),CONST(0x1,1)),CONST(0x1f,1)),CONST(0x370,4)),CONST(0x1,1)),CONST(0x1f,1))),CONST(0xe865,2))))
0249b0	FUN_0249b0	024af6	STORE	CAST(INT_ZEXT(INT_ADD(INT_ZEXT(MULTIEQUAL(INT_AND(INT_ADD(INDIRECT(INT_AND(INT_ADD(INDIRECT(INT_AND(INT_ADD(INDIRECT(INT_AND(INT_ADD(LEAF(00fac2:1:byte),CONST(0x1,1)),CONST(0x1f,1)),CONST(0x273,4)),CONST(0x1,1)),CONST(0x1f,1)),CONST(0x370,4)),CONST(0x1,1)),CONST(0x1f,1)),CONST(0x147f,4)),CONST(0x1,1)),CONST(0x1f,1)),LEAF(unique:00023b00:1:byte),LEAF(unique:00023b00:1:byte))),CONST(0xe865,2))))
0249b0	FUN_0249b0	024b26	STORE	CAST(INT_ZEXT(INT_ADD(INT_ZEXT(INT_AND(INT_ADD(INDIRECT(MULTIEQUAL(INT_AND(INT_ADD(INDIRECT(INT_AND(INT_ADD(INDIRECT(INT_AND(INT_ADD(LEAF(00fac2:1:byte),CONST(0x1,1)),CONST(0x1f,1)),CONST(0x370,4)),CONST(0x1,1)),CONST(0x1f,1)),CONST(0x147f,4)),CONST(0x1,1)),CONST(0x1f,1)),LEAF(unique:00023b00:1:byte),LEAF(unique:00023b00:1:byte)),CONST(0x4be,4)),CONST(0x1,1)),CONST(0x1f,1))),CONST(0xe865,2))))
0249b0	FUN_0249b0	024b54	STORE	CAST(INT_ZEXT(INT_ADD(INT_ZEXT(INT_AND(INT_ADD(INDIRECT(INT_AND(INT_ADD(INDIRECT(MULTIEQUAL(INT_AND(INT_ADD(INDIRECT(INT_AND(INT_ADD(LEAF(00fac2:1:byte),CONST(0x1,1)),CONST(0x1f,1)),CONST(0x147f,4)),CONST(0x1,1)),CONST(0x1f,1)),LEAF(unique:00023b00:1:byte),LEAF(unique:00023b00:1:byte)),CONST(0x4be,4)),CONST(0x1,1)),CONST(0x1f,1)),CONST(0x5bb,4)),CONST(0x1,1)),CONST(0x1f,1))),CONST(0xe865,2))))
0249b0	FUN_0249b0	024b84	STORE	CAST(INT_ZEXT(INT_ADD(INT_ZEXT(INT_AND(INT_ADD(INDIRECT(INT_AND(INT_ADD(INDIRECT(INT_AND(INT_ADD(INDIRECT(MULTIEQUAL(INT_AND(INT_ADD(LEAF(00fac2:1:byte),CONST(0x1,1)),CONST(0x1f,1)),LEAF(unique:00023b00:1:byte),INT_AND(INT_ADD(LEAF(00fac2:1:byte),CONST(0x1,1)),CONST(0x1f,1))),CONST(0x4be,4)),CONST(0x1,1)),CONST(0x1f,1)),CONST(0x5bb,4)),CONST(0x1,1)),CONST(0x1f,1)),CONST(0x6b8,4)),CONST(0x1,1)),CONST(0x1f,1))),CONST(0xe865,2))))
0249b0	FUN_0249b0	024bb2	STORE	CAST(INT_ZEXT(INT_ADD(INT_ZEXT(INT_AND(INT_ADD(INDIRECT(INT_AND(INT_ADD(INDIRECT(INT_AND(INT_ADD(INDIRECT(INT_AND(INT_ADD(INDIRECT(LEAF(00fac2:1:byte),CONST(0x4be,4)),CONST(0x1,1)),CONST(0x1f,1)),CONST(0x5bb,4)),CONST(0x1,1)),CONST(0x1f,1)),CONST(0x6b8,4)),CONST(0x1,1)),CONST(0x1f,1)),CONST(0x7b5,4)),CONST(0x1,1)),CONST(0x1f,1))),CONST(0xe865,2))))
0249b0	FUN_0249b0	024be0	STORE	CAST(INT_ZEXT(INT_ADD(INT_ZEXT(INT_AND(INT_ADD(INDIRECT(INT_AND(INT_ADD(INDIRECT(INT_AND(INT_ADD(INDIRECT(INT_AND(INT_ADD(INDIRECT(LEAF(unique:00023b00:1:byte),CONST(0x5bb,4)),CONST(0x1,1)),CONST(0x1f,1)),CONST(0x6b8,4)),CONST(0x1,1)),CONST(0x1f,1)),CONST(0x7b5,4)),CONST(0x1,1)),CONST(0x1f,1)),CONST(0x8b2,4)),CONST(0x1,1)),CONST(0x1f,1))),CONST(0xe865,2))))
0249b0	FUN_0249b0	024c0e	STORE	CAST(INT_ZEXT(INT_ADD(INT_ZEXT(INT_AND(INT_ADD(INDIRECT(INT_AND(INT_ADD(INDIRECT(INT_AND(INT_ADD(INDIRECT(INT_AND(INT_ADD(INDIRECT(LEAF(unique:00023b00:1:byte),CONST(0x6b8,4)),CONST(0x1,1)),CONST(0x1f,1)),CONST(0x7b5,4)),CONST(0x1,1)),CONST(0x1f,1)),CONST(0x8b2,4)),CONST(0x1,1)),CONST(0x1f,1)),CONST(0x9af,4)),CONST(0x1,1)),CONST(0x1f,1))),CONST(0xe865,2))))
024c48	FUN_024c48	024c48	LOAD	SEGMENTOP(CONST(0x293760829c0,8),CONST(0x2,2),CAST(INT_AND(LEAF(register:0008:2:ushort),CONST(0x3fff,2))))
024c4c	FUN_024c4c	020e1c	STORE	CAST(INT_ZEXT(INT_ADD(SUBPIECE(PTRSUB(CONST(0x0,3),CONST(0xe523,3)),CONST(0x0,4)),INT_ZEXT(LEAF(Stack[0x2]:1:byte)))))
024c4c	FUN_024c4c	020e36	STORE	CAST(INT_ZEXT(INT_ADD(SUBPIECE(PTRSUB(CONST(0x0,3),CONST(0xe524,3)),CONST(0x0,4)),INT_ZEXT(LEAF(Stack[0x2]:1:byte)))))
024c4c	FUN_024c4c	020e42	STORE	CAST(INT_ZEXT(INT_ADD(SUBPIECE(PTRSUB(CONST(0x0,3),CONST(0xe525,3)),CONST(0x0,4)),INT_ZEXT(LEAF(Stack[0x2]:1:byte)))))
024c4c	FUN_024c4c	024c54	STORE	CAST(INT_ZEXT(INT_ADD(INT_ZEXT(LEAF(00fac2:1:byte)),CONST(0xe865,2))))
024c4c	FUN_024c4c	024c84	STORE	CAST(INT_ZEXT(INT_ADD(SUBPIECE(PTRSUB(CONST(0x0,3),CONST(0xe885,3)),CONST(0x0,4)),INT_ZEXT(INDIRECT(LEAF(00fac4:1:byte),CONST(0x4c,4))))))
024cb2	FUN_024cb2	020e1c	STORE	CAST(INT_ZEXT(INT_ADD(SUBPIECE(PTRSUB(CONST(0x0,3),CONST(0xe523,3)),CONST(0x0,4)),INT_ZEXT(LEAF(Stack[0x2]:1:byte)))))
024cb2	FUN_024cb2	020e36	STORE	CAST(INT_ZEXT(INT_ADD(SUBPIECE(PTRSUB(CONST(0x0,3),CONST(0xe524,3)),CONST(0x0,4)),INT_ZEXT(LEAF(Stack[0x2]:1:byte)))))
024cb2	FUN_024cb2	020e42	STORE	CAST(INT_ZEXT(INT_ADD(SUBPIECE(PTRSUB(CONST(0x0,3),CONST(0xe525,3)),CONST(0x0,4)),INT_ZEXT(LEAF(Stack[0x2]:1:byte)))))
024cb2	FUN_024cb2	024cba	STORE	CAST(INT_ZEXT(INT_ADD(SUBPIECE(PTRSUB(CONST(0x0,3),CONST(0xe885,3)),CONST(0x0,4)),INT_ZEXT(LEAF(00fac4:1:byte)))))
024ce8	FUN_024ce8	020998	LOAD	CAST(INT_ZEXT(INT_ADD(SUBPIECE(PTRSUB(CONST(0x0,3),CONST(0xf664,3)),CONST(0x0,4)),INT_MULT(INT_ZEXT(MULTIEQUAL(COPY(COPY(MULTIEQUAL(INDIRECT(INDIRECT(LEAF(00fac7:1:byte),CONST(0x4c,4)),CONST(0x8da,4)),LEAF(00fac7:1:byte)))),COPY(INT_ADD(LEAF(register:000c:1:byte),CONST(0x1,1))),LEAF(unique:1000004c:1:byte),COPY(COPY(MULTIEQUAL(INDIRECT(MULTIEQUAL(INT_AND(INT_ADD(INDIRECT(LEAF(00fac5:1:byte),CONST(0x4c,4)),CONST(0x1,1)),CONST(0x1f,1)),LEAF(00fac5:1:byte)),CONST(0x8da,4)),LEAF(00fac5:1:byte)))),COPY(MULTIEQUAL(INDIRECT(INDIRECT(LEAF(00fac3:1:byte),CONST(0x4c,4)),CONST(0x8da,4)),LEAF(00fac3:1:byte))))),CONST(0x2,2)))))
024ce8	FUN_024ce8	02099c	STORE	CAST(INT_ZEXT(MULTIEQUAL(LEAF(register:0012:2:ushort),INT_ADD(LEAF(register:0012:2:ushort),CONST(0x2,2)),LEAF(register:0012:2:ushort),LEAF(register:0012:2:ushort),LEAF(register:0012:2:ushort))))
024ce8	FUN_024ce8	0209a2	LOAD	CAST(INT_ZEXT(INT_SUB(INT_MULT(INT_ZEXT(MULTIEQUAL(COPY(COPY(MULTIEQUAL(INDIRECT(INDIRECT(LEAF(00fac7:1:byte),CONST(0x4c,4)),CONST(0x8da,4)),LEAF(00fac7:1:byte)))),COPY(INT_ADD(LEAF(register:000c:1:byte),CONST(0x1,1))),LEAF(unique:1000004c:1:byte),COPY(COPY(MULTIEQUAL(INDIRECT(MULTIEQUAL(INT_AND(INT_ADD(INDIRECT(LEAF(00fac5:1:byte),CONST(0x4c,4)),CONST(0x1,1)),CONST(0x1f,1)),LEAF(00fac5:1:byte)),CONST(0x8da,4)),LEAF(00fac5:1:byte)))),COPY(MULTIEQUAL(INDIRECT(INDIRECT(LEAF(00fac3:1:byte),CONST(0x4c,4)),CONST(0x8da,4)),LEAF(00fac3:1:byte))))),CONST(0x2,2)),CONST(0x99b,2))))
024ce8	FUN_024ce8	0209aa	STORE	CAST(INT_ZEXT(INT_ADD(MULTIEQUAL(LEAF(register:0012:2:ushort),INT_ADD(LEAF(register:0012:2:ushort),CONST(0x2,2)),LEAF(register:0012:2:ushort),LEAF(register:0012:2:ushort),LEAF(register:0012:2:ushort)),CONST(0x1,2))))
024ce8	FUN_024ce8	024c48	LOAD	SEGMENTOP(CONST(0x293760829c0,8),CONST(0x2,2),CAST(INT_AND(INT_ADD(INT_MULT(MULTIEQUAL(CALL(LEAF(0351ac:8:?)),INT_ZEXT(CAST(INT_ADD(MULTIEQUAL(COPY(COPY(MULTIEQUAL(INDIRECT(INDIRECT(LEAF(00fac7:1:byte),CONST(0x4c,4)),CONST(0x8da,4)),LEAF(00fac7:1:byte)))),COPY(LEAF(unique:00022d00:1:byte)),LEAF(unique:1000004c:1:byte),COPY(COPY(MULTIEQUAL(INDIRECT(MULTIEQUAL(INT_AND(LEAF(unique:00022d00:1:byte),CONST(0x1f,1)),INDIRECT(LEAF(00fac5:1:byte),CONST(0x4c,4))),CONST(0x8da,4)),LEAF(00fac5:1:byte)))),COPY(MULTIEQUAL(INDIRECT(INDIRECT(LEAF(00fac3:1:byte),CONST(0x4c,4)),CONST(0x8da,4)),LEAF(00fac3:1:byte)))),CONST(0x1,1)))),CALL(LEAF(00404e:8:?)),CALL(LEAF(00404e:8:?)),CALL(LEAF(00404e:8:?))),CONST(0x2,2)),CONST(0xa53c,2)),CONST(0x3fff,2))))
024ce8	FUN_024ce8	024cf0	STORE	CAST(INT_ZEXT(INT_ADD(SUBPIECE(PTRSUB(CONST(0x0,3),CONST(0xe885,3)),CONST(0x0,4)),INT_ZEXT(LEAF(00fac4:1:byte)))))
024d1a	FUN_024d1a	020998	LOAD	CAST(INT_ZEXT(INT_ADD(SUBPIECE(PTRSUB(CONST(0x0,3),CONST(0xf664,3)),CONST(0x0,4)),INT_MULT(INT_ZEXT(MULTIEQUAL(COPY(COPY(MULTIEQUAL(INDIRECT(INDIRECT(LEAF(00fac7:1:byte),CONST(0x4c,4)),CONST(0x8da,4)),LEAF(00fac7:1:byte)))),COPY(INT_ADD(LEAF(register:000c:1:byte),CONST(0x1,1))),LEAF(unique:10000047:1:byte),COPY(COPY(MULTIEQUAL(INDIRECT(INDIRECT(LEAF(00fac5:1:byte),CONST(0x4c,4)),CONST(0x8da,4)),LEAF(00fac5:1:byte)))),COPY(MULTIEQUAL(INDIRECT(MULTIEQUAL(INT_AND(INT_ADD(INDIRECT(LEAF(00fac3:1:byte),CONST(0x4c,4)),CONST(0x1,1)),CONST(0x1f,1)),LEAF(00fac3:1:byte)),CONST(0x8da,4)),LEAF(00fac3:1:byte))))),CONST(0x2,2)))))
024d1a	FUN_024d1a	02099c	STORE	CAST(INT_ZEXT(MULTIEQUAL(LEAF(register:0012:2:ushort),INT_ADD(LEAF(register:0012:2:ushort),CONST(0x2,2)),LEAF(register:0012:2:ushort),LEAF(register:0012:2:ushort),LEAF(register:0012:2:ushort))))
024d1a	FUN_024d1a	0209a2	LOAD	CAST(INT_ZEXT(INT_SUB(INT_MULT(INT_ZEXT(MULTIEQUAL(COPY(COPY(MULTIEQUAL(INDIRECT(INDIRECT(LEAF(00fac7:1:byte),CONST(0x4c,4)),CONST(0x8da,4)),LEAF(00fac7:1:byte)))),COPY(INT_ADD(LEAF(register:000c:1:byte),CONST(0x1,1))),LEAF(unique:10000047:1:byte),COPY(COPY(MULTIEQUAL(INDIRECT(INDIRECT(LEAF(00fac5:1:byte),CONST(0x4c,4)),CONST(0x8da,4)),LEAF(00fac5:1:byte)))),COPY(MULTIEQUAL(INDIRECT(MULTIEQUAL(INT_AND(INT_ADD(INDIRECT(LEAF(00fac3:1:byte),CONST(0x4c,4)),CONST(0x1,1)),CONST(0x1f,1)),LEAF(00fac3:1:byte)),CONST(0x8da,4)),LEAF(00fac3:1:byte))))),CONST(0x2,2)),CONST(0x99b,2))))
024d1a	FUN_024d1a	0209aa	STORE	CAST(INT_ZEXT(INT_ADD(MULTIEQUAL(LEAF(register:0012:2:ushort),INT_ADD(LEAF(register:0012:2:ushort),CONST(0x2,2)),LEAF(register:0012:2:ushort),LEAF(register:0012:2:ushort),LEAF(register:0012:2:ushort)),CONST(0x1,2))))
024d1a	FUN_024d1a	024c48	LOAD	SEGMENTOP(CONST(0x293760829c0,8),CONST(0x2,2),CAST(INT_AND(INT_ADD(INT_MULT(MULTIEQUAL(CALL(LEAF(0351ac:8:?)),INT_ZEXT(CAST(INT_ADD(MULTIEQUAL(COPY(COPY(MULTIEQUAL(INDIRECT(INDIRECT(LEAF(00fac7:1:byte),CONST(0x4c,4)),CONST(0x8da,4)),LEAF(00fac7:1:byte)))),COPY(LEAF(unique:00022d00:1:byte)),LEAF(unique:10000047:1:byte),COPY(COPY(MULTIEQUAL(INDIRECT(INDIRECT(LEAF(00fac5:1:byte),CONST(0x4c,4)),CONST(0x8da,4)),LEAF(00fac5:1:byte)))),COPY(MULTIEQUAL(INDIRECT(MULTIEQUAL(INT_AND(INT_ADD(LEAF(00fac3:1:byte),CONST(0x1,1)),CONST(0x1f,1)),INDIRECT(LEAF(00fac3:1:byte),CONST(0x4c,4))),CONST(0x8da,4)),LEAF(00fac3:1:byte)))),CONST(0x1,1)))),CALL(LEAF(00404e:8:?)),CALL(LEAF(00404e:8:?)),CALL(LEAF(00404e:8:?))),CONST(0x2,2)),CONST(0xa53c,2)),CONST(0x3fff,2))))
024d1a	FUN_024d1a	024d22	STORE	CAST(INT_ZEXT(INT_ADD(INT_ZEXT(LEAF(00fac2:1:byte)),CONST(0xe865,2))))
024d4c	FUN_024d4c	020998	LOAD	CAST(INT_ZEXT(INT_ADD(SUBPIECE(PTRSUB(CONST(0x0,3),CONST(0xf664,3)),CONST(0x0,4)),INT_MULT(INT_ZEXT(MULTIEQUAL(COPY(COPY(MULTIEQUAL(INDIRECT(INDIRECT(MULTIEQUAL(INDIRECT(LEAF(00fac7:1:byte),CONST(0x9f0,4)),LEAF(00fac7:1:byte),LEAF(00fac7:1:byte)),CONST(0x55,4)),CONST(0x8e3,4)),LEAF(00fac7:1:byte)))),COPY(INT_ADD(LEAF(register:000c:1:byte),CONST(0x1,1))),LEAF(unique:10000055:1:byte),COPY(COPY(MULTIEQUAL(INDIRECT(MULTIEQUAL(INT_AND(INT_ADD(INDIRECT(MULTIEQUAL(INT_AND(LEAF(unique:00022d00:1:byte),CONST(0x1f,1)),INDIRECT(LEAF(00fac5:1:byte),CONST(0x9f0,4)),LEAF(00fac5:1:byte)),CONST(0x55,4)),CONST(0x1,1)),CONST(0x1f,1)),LEAF(00fac5:1:byte)),CONST(0x8e3,4)),LEAF(00fac5:1:byte)))),COPY(MULTIEQUAL(INDIRECT(INDIRECT(MULTIEQUAL(INDIRECT(LEAF(00fac3:1:byte),CONST(0x9f0,4)),LEAF(00fac3:1:byte),LEAF(00fac3:1:byte)),CONST(0x55,4)),CONST(0x8e3,4)),LEAF(00fac3:1:byte))))),CONST(0x2,2)))))
024d4c	FUN_024d4c	02099c	STORE	CAST(INT_ZEXT(MULTIEQUAL(LEAF(register:0012:2:ushort),INT_ADD(LEAF(register:0012:2:ushort),CONST(0x2,2)),LEAF(register:0012:2:ushort),LEAF(register:0012:2:ushort),LEAF(register:0012:2:ushort))))
024d4c	FUN_024d4c	0209a2	LOAD	CAST(INT_ZEXT(INT_SUB(INT_MULT(INT_ZEXT(MULTIEQUAL(COPY(COPY(MULTIEQUAL(INDIRECT(INDIRECT(MULTIEQUAL(INDIRECT(LEAF(00fac7:1:byte),CONST(0x9f0,4)),LEAF(00fac7:1:byte),LEAF(00fac7:1:byte)),CONST(0x55,4)),CONST(0x8e3,4)),LEAF(00fac7:1:byte)))),COPY(INT_ADD(LEAF(register:000c:1:byte),CONST(0x1,1))),LEAF(unique:10000055:1:byte),COPY(COPY(MULTIEQUAL(INDIRECT(MULTIEQUAL(INT_AND(INT_ADD(INDIRECT(MULTIEQUAL(INT_AND(LEAF(unique:00022d00:1:byte),CONST(0x1f,1)),INDIRECT(LEAF(00fac5:1:byte),CONST(0x9f0,4)),LEAF(00fac5:1:byte)),CONST(0x55,4)),CONST(0x1,1)),CONST(0x1f,1)),LEAF(00fac5:1:byte)),CONST(0x8e3,4)),LEAF(00fac5:1:byte)))),COPY(MULTIEQUAL(INDIRECT(INDIRECT(MULTIEQUAL(INDIRECT(LEAF(00fac3:1:byte),CONST(0x9f0,4)),LEAF(00fac3:1:byte),LEAF(00fac3:1:byte)),CONST(0x55,4)),CONST(0x8e3,4)),LEAF(00fac3:1:byte))))),CONST(0x2,2)),CONST(0x99b,2))))
024d4c	FUN_024d4c	0209aa	STORE	CAST(INT_ZEXT(INT_ADD(MULTIEQUAL(LEAF(register:0012:2:ushort),INT_ADD(LEAF(register:0012:2:ushort),CONST(0x2,2)),LEAF(register:0012:2:ushort),LEAF(register:0012:2:ushort),LEAF(register:0012:2:ushort)),CONST(0x1,2))))
024d4c	FUN_024d4c	024c48	LOAD	SEGMENTOP(CONST(0x293760829c0,8),CONST(0x2,2),CAST(INT_AND(INT_ADD(INT_MULT(MULTIEQUAL(CALL(LEAF(0351ac:8:?)),INT_ZEXT(CAST(INT_ADD(MULTIEQUAL(COPY(COPY(MULTIEQUAL(INDIRECT(INDIRECT(MULTIEQUAL(LEAF(00fac7:1:byte),LEAF(00fac7:1:byte),LEAF(00fac7:1:byte)),CONST(0x55,4)),CONST(0x8e3,4)),LEAF(00fac7:1:byte)))),COPY(LEAF(unique:00022d00:1:byte)),LEAF(unique:10000055:1:byte),COPY(COPY(MULTIEQUAL(INDIRECT(MULTIEQUAL(INT_AND(LEAF(unique:00022d00:1:byte),CONST(0x1f,1)),INDIRECT(LEAF(00fac5:1:byte),CONST(0x55,4))),CONST(0x8e3,4)),LEAF(00fac5:1:byte)))),COPY(MULTIEQUAL(INDIRECT(INDIRECT(MULTIEQUAL(INDIRECT(LEAF(00fac3:1:byte),CONST(0x9f0,4)),LEAF(00fac3:1:byte),LEAF(00fac3:1:byte)),CONST(0x55,4)),CONST(0x8e3,4)),LEAF(00fac3:1:byte)))),CONST(0x1,1)))),CALL(LEAF(00404e:8:?)),CALL(LEAF(00404e:8:?)),CALL(LEAF(00404e:8:?))),CONST(0x2,2)),CONST(0xa53c,2)),CONST(0x3fff,2))))
024d4c	FUN_024d4c	024d58	STORE	CAST(INT_ZEXT(INT_ADD(SUBPIECE(PTRSUB(CONST(0x0,3),CONST(0xe885,3)),CONST(0x0,4)),INT_ZEXT(LEAF(00fac4:1:byte)))))
024d4c	FUN_024d4c	024d88	STORE	CAST(INT_ZEXT(INT_ADD(SUBPIECE(PTRSUB(CONST(0x0,3),CONST(0xe885,3)),CONST(0x0,4)),INT_ZEXT(MULTIEQUAL(INT_AND(INT_ADD(INDIRECT(LEAF(00fac4:1:byte),CONST(0x9f0,4)),CONST(0x1,1)),CONST(0x1f,1)),LEAF(unique:00023b00:1:byte),LEAF(00fac4:1:byte))))))
024db2	FUN_024db2	020998	LOAD	CAST(INT_ZEXT(INT_ADD(SUBPIECE(PTRSUB(CONST(0x0,3),CONST(0xf664,3)),CONST(0x0,4)),INT_MULT(INT_ZEXT(MULTIEQUAL(COPY(COPY(MULTIEQUAL(INDIRECT(INDIRECT(LEAF(00fac7:1:byte),CONST(0x4c,4)),CONST(0x8da,4)),LEAF(00fac7:1:byte)))),COPY(INT_ADD(LEAF(register:000c:1:byte),CONST(0x1,1))),LEAF(unique:1000004c:1:byte),COPY(COPY(MULTIEQUAL(INDIRECT(MULTIEQUAL(INT_AND(INT_ADD(INDIRECT(LEAF(00fac5:1:byte),CONST(0x4c,4)),CONST(0x1,1)),CONST(0x1f,1)),LEAF(00fac5:1:byte)),CONST(0x8da,4)),LEAF(00fac5:1:byte)))),COPY(MULTIEQUAL(INDIRECT(INDIRECT(LEAF(00fac3:1:byte),CONST(0x4c,4)),CONST(0x8da,4)),LEAF(00fac3:1:byte))))),CONST(0x2,2)))))
024db2	FUN_024db2	02099c	STORE	CAST(INT_ZEXT(MULTIEQUAL(LEAF(register:0012:2:ushort),INT_ADD(LEAF(register:0012:2:ushort),CONST(0x2,2)),LEAF(register:0012:2:ushort),LEAF(register:0012:2:ushort),LEAF(register:0012:2:ushort))))
024db2	FUN_024db2	0209a2	LOAD	CAST(INT_ZEXT(INT_SUB(INT_MULT(INT_ZEXT(MULTIEQUAL(COPY(COPY(MULTIEQUAL(INDIRECT(INDIRECT(LEAF(00fac7:1:byte),CONST(0x4c,4)),CONST(0x8da,4)),LEAF(00fac7:1:byte)))),COPY(INT_ADD(LEAF(register:000c:1:byte),CONST(0x1,1))),LEAF(unique:1000004c:1:byte),COPY(COPY(MULTIEQUAL(INDIRECT(MULTIEQUAL(INT_AND(INT_ADD(INDIRECT(LEAF(00fac5:1:byte),CONST(0x4c,4)),CONST(0x1,1)),CONST(0x1f,1)),LEAF(00fac5:1:byte)),CONST(0x8da,4)),LEAF(00fac5:1:byte)))),COPY(MULTIEQUAL(INDIRECT(INDIRECT(LEAF(00fac3:1:byte),CONST(0x4c,4)),CONST(0x8da,4)),LEAF(00fac3:1:byte))))),CONST(0x2,2)),CONST(0x99b,2))))
024db2	FUN_024db2	0209aa	STORE	CAST(INT_ZEXT(INT_ADD(MULTIEQUAL(LEAF(register:0012:2:ushort),INT_ADD(LEAF(register:0012:2:ushort),CONST(0x2,2)),LEAF(register:0012:2:ushort),LEAF(register:0012:2:ushort),LEAF(register:0012:2:ushort)),CONST(0x1,2))))
024db2	FUN_024db2	024c48	LOAD	SEGMENTOP(CONST(0x293760829c0,8),CONST(0x2,2),CAST(INT_AND(INT_ADD(INT_MULT(MULTIEQUAL(CALL(LEAF(0351ac:8:?)),INT_ZEXT(CAST(INT_ADD(MULTIEQUAL(COPY(COPY(MULTIEQUAL(INDIRECT(INDIRECT(LEAF(00fac7:1:byte),CONST(0x4c,4)),CONST(0x8da,4)),LEAF(00fac7:1:byte)))),COPY(LEAF(unique:00022d00:1:byte)),LEAF(unique:1000004c:1:byte),COPY(COPY(MULTIEQUAL(INDIRECT(MULTIEQUAL(INT_AND(LEAF(unique:00022d00:1:byte),CONST(0x1f,1)),INDIRECT(LEAF(00fac5:1:byte),CONST(0x4c,4))),CONST(0x8da,4)),LEAF(00fac5:1:byte)))),COPY(MULTIEQUAL(INDIRECT(INDIRECT(LEAF(00fac3:1:byte),CONST(0x4c,4)),CONST(0x8da,4)),LEAF(00fac3:1:byte)))),CONST(0x1,1)))),CALL(LEAF(00404e:8:?)),CALL(LEAF(00404e:8:?)),CALL(LEAF(00404e:8:?))),CONST(0x2,2)),CONST(0xa53c,2)),CONST(0x3fff,2))))
024db2	FUN_024db2	024db8	STORE	CAST(INT_ZEXT(INT_ADD(SUBPIECE(PTRSUB(CONST(0x0,3),CONST(0xe885,3)),CONST(0x0,4)),INT_ZEXT(LEAF(00fac4:1:byte)))))
024dda	FUN_024dda	020998	LOAD	CAST(INT_ZEXT(INT_ADD(SUBPIECE(PTRSUB(CONST(0x0,3),CONST(0xf664,3)),CONST(0x0,4)),INT_MULT(INT_ZEXT(MULTIEQUAL(COPY(COPY(MULTIEQUAL(INDIRECT(LEAF(00fac7:1:byte),CONST(0x819,4)),LEAF(00fac7:1:byte)))),COPY(INT_ADD(LEAF(register:000c:1:byte),CONST(0x1,1))),LEAF(unique:10000047:1:byte),COPY(COPY(MULTIEQUAL(INDIRECT(COPY(LEAF(register:000a:1:byte)),CONST(0x819,4)),LEAF(unique:10000046:1:byte)))),COPY(MULTIEQUAL(INDIRECT(LEAF(00fac3:1:byte),CONST(0x819,4)),LEAF(00fac3:1:byte))))),CONST(0x2,2)))))
024dda	FUN_024dda	02099c	STORE	CAST(INT_ZEXT(MULTIEQUAL(LEAF(register:0012:2:ushort),INT_ADD(LEAF(register:0012:2:ushort),CONST(0x2,2)),LEAF(register:0012:2:ushort),LEAF(register:0012:2:ushort),LEAF(register:0012:2:ushort))))
024dda	FUN_024dda	0209a2	LOAD	CAST(INT_ZEXT(INT_SUB(INT_MULT(INT_ZEXT(MULTIEQUAL(COPY(COPY(MULTIEQUAL(INDIRECT(LEAF(00fac7:1:byte),CONST(0x819,4)),LEAF(00fac7:1:byte)))),COPY(INT_ADD(LEAF(register:000c:1:byte),CONST(0x1,1))),LEAF(unique:10000047:1:byte),COPY(COPY(MULTIEQUAL(INDIRECT(COPY(LEAF(register:000a:1:byte)),CONST(0x819,4)),LEAF(unique:10000046:1:byte)))),COPY(MULTIEQUAL(INDIRECT(LEAF(00fac3:1:byte),CONST(0x819,4)),LEAF(00fac3:1:byte))))),CONST(0x2,2)),CONST(0x99b,2))))
024dda	FUN_024dda	0209aa	STORE	CAST(INT_ZEXT(INT_ADD(MULTIEQUAL(LEAF(register:0012:2:ushort),INT_ADD(LEAF(register:0012:2:ushort),CONST(0x2,2)),LEAF(register:0012:2:ushort),LEAF(register:0012:2:ushort),LEAF(register:0012:2:ushort)),CONST(0x1,2))))
024dda	FUN_024dda	024c48	LOAD	SEGMENTOP(CONST(0x293760829c0,8),CONST(0x2,2),CAST(INT_AND(INT_ADD(INT_MULT(MULTIEQUAL(CALL(LEAF(0351ac:8:?)),INT_ZEXT(CAST(INT_ADD(MULTIEQUAL(COPY(COPY(MULTIEQUAL(INDIRECT(LEAF(00fac7:1:byte),CONST(0x819,4)),LEAF(00fac7:1:byte)))),COPY(LEAF(unique:00022d00:1:byte)),LEAF(unique:10000047:1:byte),COPY(COPY(MULTIEQUAL(INDIRECT(COPY(LEAF(register:000a:1:byte)),CONST(0x819,4)),LEAF(unique:10000046:1:byte)))),COPY(MULTIEQUAL(INDIRECT(LEAF(00fac3:1:byte),CONST(0x819,4)),LEAF(00fac3:1:byte)))),CONST(0x1,1)))),CALL(LEAF(00404e:8:?)),CALL(LEAF(00404e:8:?)),CALL(LEAF(00404e:8:?))),CONST(0x2,2)),CONST(0xa53c,2)),CONST(0x3fff,2))))
024e4a	FUN_024e4a	020998	LOAD	CAST(INT_ZEXT(INT_ADD(SUBPIECE(PTRSUB(CONST(0x0,3),CONST(0xf664,3)),CONST(0x0,4)),INT_MULT(INT_ZEXT(MULTIEQUAL(LEAF(register:000c:1:byte),INT_ADD(LEAF(register:000c:1:byte),CONST(0x1,1)))),CONST(0x2,2)))))
024e4a	FUN_024e4a	02099c	STORE	CAST(INT_ZEXT(MULTIEQUAL(LEAF(register:0012:2:ushort),INT_ADD(LEAF(register:0012:2:ushort),CONST(0x2,2)))))
024e4a	FUN_024e4a	0209a2	LOAD	CAST(INT_ZEXT(INT_SUB(INT_MULT(INT_ZEXT(MULTIEQUAL(LEAF(register:000c:1:byte),INT_ADD(LEAF(register:000c:1:byte),CONST(0x1,1)))),CONST(0x2,2)),CONST(0x99b,2))))
024e4a	FUN_024e4a	0209aa	STORE	CAST(INT_ZEXT(INT_ADD(MULTIEQUAL(LEAF(register:0012:2:ushort),INT_ADD(LEAF(register:0012:2:ushort),CONST(0x2,2))),CONST(0x1,2))))
024e4a	FUN_024e4a	024c48	LOAD	SEGMENTOP(CONST(0x293760829c0,8),CONST(0x2,2),CAST(INT_AND(INT_ADD(INT_MULT(MULTIEQUAL(CALL(LEAF(00404e:8:?)),INT_ZEXT(INT_ADD(MULTIEQUAL(LEAF(register:000c:1:byte),LEAF(unique:00022d00:1:byte)),CONST(0x1,1)))),CONST(0x2,2)),CONST(0xa53c,2)),CONST(0x3fff,2))))
025068	FUN_025068	0250d0	LOAD	CAST(INT_ZEXT(LEAF(00f028:2:ushort)))
025068	FUN_025068	0250d6	STORE	CAST(INT_ZEXT(LEAF(00f028:2:ushort)))
02508e	FUN_02508e	0250d0	LOAD	CAST(INT_ZEXT(LEAF(00f028:2:ushort)))
02508e	FUN_02508e	0250d6	STORE	CAST(INT_ZEXT(LEAF(00f028:2:ushort)))
025330	FUN_025330	02533c	STORE	CAST(INT_ZEXT(LEAF(register:0012:2:ushort)))
02549a	FUN_02549a	02549a	LOAD	CAST(INT_ZEXT(LEAF(register:0008:2:ushort)))
02549a	FUN_02549a	0254b8	LOAD	CAST(INT_ZEXT(LEAF(00f026:2:ushort)))
02549a	FUN_02549a	0254da	STORE	CAST(INT_ZEXT(LEAF(00f026:2:ushort)))
025678	FUN_025678	022ae2	LOAD	CAST(INT_ZEXT(LEAF(register:0008:2:ushort)))
0265be	FUN_0265be	022ae2	LOAD	CAST(INT_ZEXT(INT_AND(INT_ZEXT(LEAF(00edce:1:byte)),CONST(0x2,2))))
026638	FUN_026638	022ae2	LOAD	CAST(INT_ZEXT(LEAF(register:0008:2:ushort)))
0275f4	thunk_FUN_0276a4	02760c	LOAD	CAST(INT_ZEXT(INT_ADD(SUBPIECE(PTRSUB(CONST(0x0,3),CONST(0xeeaa,3)),CONST(0x0,4)),INT_ZEXT(MULTIEQUAL(LEAF(register:001a:1:byte),INT_ADD(LEAF(register:001a:1:byte),CONST(0x1,1)))))))
0275f4	thunk_FUN_0276a4	027626	LOAD	CAST(INT_ZEXT(INT_ADD(SUBPIECE(PTRSUB(CONST(0x0,3),CONST(0xeeaa,3)),CONST(0x0,4)),INT_ZEXT(MULTIEQUAL(LEAF(register:001a:1:byte),INT_ADD(LEAF(register:001a:1:byte),CONST(0x1,1)))))))
0275f4	thunk_FUN_0276a4	02762e	LOAD	CAST(INT_ZEXT(INT_ADD(SUBPIECE(PTRSUB(CONST(0x0,3),CONST(0xa5cc,3)),CONST(0x0,4)),INT_MULT(INT_ZEXT(LOAD(CONST(0x1f1,4),CAST(INT_ZEXT(INT_ADD(SUBPIECE(PTRSUB(CONST(0x0,3),CONST(0xeeaa,3)),CONST(0x0,4)),INT_ZEXT(MULTIEQUAL(LEAF(register:001a:1:byte),INT_ADD(LEAF(register:001a:1:byte),CONST(0x1,1))))))))),CONST(0x10,2)))))
0275f4	thunk_FUN_0276a4	027632	STORE	CAST(INT_ZEXT(MULTIEQUAL(LEAF(register:0018:2:ushort),INT_ADD(MULTIEQUAL(COPY(LEAF(register:0018:2:ushort)),COPY(MULTIEQUAL(MULTIEQUAL(INT_ADD(LEAF(register:0018:2:ushort),CONST(0x2,2)),LEAF(register:0018:2:ushort)),LEAF(register:0018:2:ushort)))),CONST(0x1,2)))))
0275f4	thunk_FUN_0276a4	02763c	LOAD	CAST(INT_ZEXT(INT_ADD(SUBPIECE(PTRSUB(CONST(0x0,3),CONST(0xef0b,3)),CONST(0x0,4)),INT_ZEXT(MULTIEQUAL(LEAF(register:001a:1:byte),INT_ADD(LEAF(register:001a:1:byte),CONST(0x1,1)))))))
0275f4	thunk_FUN_0276a4	027656	LOAD	CAST(INT_ZEXT(INT_ADD(SUBPIECE(PTRSUB(CONST(0x0,3),CONST(0xef0b,3)),CONST(0x0,4)),INT_ZEXT(MULTIEQUAL(LEAF(register:001a:1:byte),INT_ADD(LEAF(register:001a:1:byte),CONST(0x1,1)))))))
0275f4	thunk_FUN_0276a4	02765e	LOAD	CAST(INT_ZEXT(INT_ADD(SUBPIECE(PTRSUB(CONST(0x0,3),CONST(0xa5cc,3)),CONST(0x0,4)),INT_MULT(INT_ZEXT(LOAD(CONST(0x1f1,4),CAST(INT_ZEXT(INT_ADD(SUBPIECE(PTRSUB(CONST(0x0,3),CONST(0xef0b,3)),CONST(0x0,4)),INT_ZEXT(MULTIEQUAL(LEAF(register:001a:1:byte),INT_ADD(LEAF(register:001a:1:byte),CONST(0x1,1))))))))),CONST(0x10,2)))))
0275f4	thunk_FUN_0276a4	027662	STORE	CAST(INT_ZEXT(MULTIEQUAL(LEAF(register:0018:2:ushort),INT_ADD(MULTIEQUAL(COPY(LEAF(register:0018:2:ushort)),COPY(MULTIEQUAL(MULTIEQUAL(INT_ADD(LEAF(register:0018:2:ushort),CONST(0x2,2)),LEAF(register:0018:2:ushort)),LEAF(register:0018:2:ushort)))),CONST(0x1,2)))))
0275f4	thunk_FUN_0276a4	027686	LOAD	CAST(INT_ZEXT(MULTIEQUAL(INT_ADD(SUBPIECE(PTRSUB(CONST(0x0,3),CONST(0xea1a,3)),CONST(0x0,4)),INT_MULT(INT_ZEXT(MULTIEQUAL(LOAD(CONST(0x1f1,4),CAST(INT_ZEXT(INT_ADD(SUBPIECE(PTRSUB(CONST(0x0,3),CONST(0xeeaa,3)),CONST(0x0,4)),INT_ZEXT(MULTIEQUAL(LEAF(register:001a:1:byte),INT_ADD(LEAF(register:001a:1:byte),CONST(0x1,1)))))))),LOAD(CONST(0x1f1,4),CAST(INT_ZEXT(INT_ADD(SUBPIECE(PTRSUB(CONST(0x0,3),CONST(0xef0b,3)),CONST(0x0,4)),INT_ZEXT(LEAF(register:001a:1:byte)))))))),CONST(0xc,2))),INT_ADD(MULTIEQUAL(INT_ADD(LEAF(register:001c:2:ushort),CONST(0x1,2)),LEAF(register:001c:2:ushort)),CONST(0x1,2)))))
0275f4	thunk_FUN_0276a4	027686	STORE	CAST(INT_ZEXT(INT_ADD(MULTIEQUAL(COPY(MULTIEQUAL(LEAF(register:0018:2:ushort),LEAF(register:0018:2:ushort))),COPY(MULTIEQUAL(MULTIEQUAL(INT_ADD(LEAF(register:0018:2:ushort),CONST(0x2,2)),LEAF(register:0018:2:ushort)),LEAF(register:0018:2:ushort)))),CONST(0x1,2))))
0275f4	thunk_FUN_0276a4	02768c	LOAD	CAST(INT_ZEXT(MULTIEQUAL(INT_ADD(MULTIEQUAL(INT_ADD(SUBPIECE(PTRSUB(CONST(0x0,3),CONST(0xea1a,3)),CONST(0x0,4)),INT_MULT(INT_ZEXT(MULTIEQUAL(LOAD(CONST(0x1f1,4),CAST(INT_ZEXT(INT_ADD(SUBPIECE(PTRSUB(CONST(0x0,3),CONST(0xeeaa,3)),CONST(0x0,4)),INT_ZEXT(MULTIEQUAL(LEAF(register:001a:1:byte),INT_ADD(LEAF(register:001a:1:byte),CONST(0x1,1)))))))),LOAD(CONST(0x1f1,4),CAST(INT_ZEXT(INT_ADD(SUBPIECE(PTRSUB(CONST(0x0,3),CONST(0xef0b,3)),CONST(0x0,4)),INT_ZEXT(LEAF(register:001a:1:byte)))))))),CONST(0xc,2))),INT_ADD(LEAF(register:001c:2:ushort),CONST(0x1,2))),CONST(0x1,2)),LEAF(register:001c:2:ushort))))
0275f4	thunk_FUN_0276a4	02768c	STORE	CAST(INT_ZEXT(MULTIEQUAL(MULTIEQUAL(INT_ADD(MULTIEQUAL(COPY(MULTIEQUAL(LEAF(register:0018:2:ushort),INT_ADD(LEAF(register:0018:2:ushort),CONST(0x1,2)))),COPY(LEAF(register:0018:2:ushort))),CONST(0x2,2)),LEAF(register:0018:2:ushort)),LEAF(register:0018:2:ushort))))
027636	thunk_FUN_027666	02760c	LOAD	CAST(INT_ZEXT(INT_ADD(SUBPIECE(PTRSUB(CONST(0x0,3),CONST(0xeeaa,3)),CONST(0x0,4)),INT_ZEXT(MULTIEQUAL(COPY(INT_ADD(LEAF(register:001a:1:byte),CONST(0x1,1))),COPY(INT_ADD(LEAF(register:001a:1:byte),CONST(0x1,1))),LEAF(register:001a:1:byte))))))
027636	thunk_FUN_027666	027626	LOAD	CAST(INT_ZEXT(INT_ADD(SUBPIECE(PTRSUB(CONST(0x0,3),CONST(0xeeaa,3)),CONST(0x0,4)),INT_ZEXT(MULTIEQUAL(COPY(INT_ADD(LEAF(register:001a:1:byte),CONST(0x1,1))),COPY(INT_ADD(LEAF(register:001a:1:byte),CONST(0x1,1))),LEAF(register:001a:1:byte))))))
027636	thunk_FUN_027666	02762e	LOAD	CAST(INT_ZEXT(INT_ADD(SUBPIECE(PTRSUB(CONST(0x0,3),CONST(0xa5cc,3)),CONST(0x0,4)),INT_MULT(INT_ZEXT(LOAD(CONST(0x1f1,4),CAST(INT_ZEXT(INT_ADD(SUBPIECE(PTRSUB(CONST(0x0,3),CONST(0xeeaa,3)),CONST(0x0,4)),INT_ZEXT(MULTIEQUAL(COPY(INT_ADD(LEAF(register:001a:1:byte),CONST(0x1,1))),COPY(INT_ADD(LEAF(register:001a:1:byte),CONST(0x1,1))),LEAF(register:001a:1:byte)))))))),CONST(0x10,2)))))
027636	thunk_FUN_027666	027632	STORE	CAST(INT_ZEXT(MULTIEQUAL(MULTIEQUAL(INT_ADD(LEAF(register:0018:2:ushort),CONST(0x1,2)),INT_ADD(LEAF(register:0018:2:ushort),CONST(0x1,2)),LEAF(register:0018:2:ushort)),INT_ADD(MULTIEQUAL(MULTIEQUAL(INT_ADD(LEAF(register:0018:2:ushort),CONST(0x1,2)),LEAF(register:0018:2:ushort)),LEAF(register:0018:2:ushort)),CONST(0x1,2)))))
027636	thunk_FUN_027666	02763c	LOAD	CAST(INT_ZEXT(INT_ADD(SUBPIECE(PTRSUB(CONST(0x0,3),CONST(0xef0b,3)),CONST(0x0,4)),INT_ZEXT(MULTIEQUAL(COPY(INT_ADD(LEAF(register:001a:1:byte),CONST(0x1,1))),COPY(INT_ADD(LEAF(register:001a:1:byte),CONST(0x1,1))),LEAF(register:001a:1:byte))))))
027636	thunk_FUN_027666	027656	LOAD	CAST(INT_ZEXT(INT_ADD(SUBPIECE(PTRSUB(CONST(0x0,3),CONST(0xef0b,3)),CONST(0x0,4)),INT_ZEXT(MULTIEQUAL(COPY(INT_ADD(LEAF(register:001a:1:byte),CONST(0x1,1))),COPY(INT_ADD(LEAF(register:001a:1:byte),CONST(0x1,1))),LEAF(register:001a:1:byte))))))
027636	thunk_FUN_027666	02765e	LOAD	CAST(INT_ZEXT(INT_ADD(SUBPIECE(PTRSUB(CONST(0x0,3),CONST(0xa5cc,3)),CONST(0x0,4)),INT_MULT(INT_ZEXT(LOAD(CONST(0x1f1,4),CAST(INT_ZEXT(INT_ADD(SUBPIECE(PTRSUB(CONST(0x0,3),CONST(0xef0b,3)),CONST(0x0,4)),INT_ZEXT(MULTIEQUAL(COPY(INT_ADD(LEAF(register:001a:1:byte),CONST(0x1,1))),COPY(INT_ADD(LEAF(register:001a:1:byte),CONST(0x1,1))),LEAF(register:001a:1:byte)))))))),CONST(0x10,2)))))
027636	thunk_FUN_027666	027662	STORE	CAST(INT_ZEXT(MULTIEQUAL(MULTIEQUAL(INT_ADD(LEAF(register:0018:2:ushort),CONST(0x1,2)),INT_ADD(LEAF(register:0018:2:ushort),CONST(0x1,2)),LEAF(register:0018:2:ushort)),INT_ADD(MULTIEQUAL(MULTIEQUAL(INT_ADD(LEAF(register:0018:2:ushort),CONST(0x1,2)),LEAF(register:0018:2:ushort)),LEAF(register:0018:2:ushort)),CONST(0x1,2)))))
027636	thunk_FUN_027666	027686	LOAD	CAST(INT_ZEXT(MULTIEQUAL(MULTIEQUAL(INT_ADD(SUBPIECE(PTRSUB(CONST(0x0,3),CONST(0xea1a,3)),CONST(0x0,4)),INT_MULT(INT_ZEXT(LOAD(CONST(0x1f1,4),CAST(INT_ZEXT(INT_ADD(SUBPIECE(PTRSUB(CONST(0x0,3),CONST(0xef0b,3)),CONST(0x0,4)),INT_ZEXT(MULTIEQUAL(COPY(INT_ADD(LEAF(register:001a:1:byte),CONST(0x1,1))),COPY(INT_ADD(LEAF(register:001a:1:byte),CONST(0x1,1))),LEAF(register:001a:1:byte)))))))),CONST(0xc,2))),INT_ADD(SUBPIECE(PTRSUB(CONST(0x0,3),CONST(0xea1a,3)),CONST(0x0,4)),INT_MULT(INT_ZEXT(LOAD(CONST(0x1f1,4),CAST(INT_ZEXT(INT_ADD(SUBPIECE(PTRSUB(CONST(0x0,3),CONST(0xeeaa,3)),CONST(0x0,4)),INT_ZEXT(LEAF(register:001a:1:byte))))))),CONST(0xc,2))),LEAF(register:001c:2:ushort)),INT_ADD(MULTIEQUAL(INT_ADD(LEAF(register:001c:2:ushort),CONST(0x1,2)),LEAF(register:001c:2:ushort)),CONST(0x1,2)))))
027636	thunk_FUN_027666	027686	STORE	CAST(INT_ZEXT(MULTIEQUAL(MULTIEQUAL(INT_ADD(LEAF(register:0018:2:ushort),CONST(0x1,2)),INT_ADD(LEAF(register:0018:2:ushort),CONST(0x1,2)),LEAF(register:0018:2:ushort)),INT_ADD(MULTIEQUAL(MULTIEQUAL(INT_ADD(LEAF(register:0018:2:ushort),CONST(0x1,2)),LEAF(register:0018:2:ushort)),LEAF(register:0018:2:ushort)),CONST(0x1,2)))))
027636	thunk_FUN_027666	02768c	LOAD	CAST(INT_ZEXT(MULTIEQUAL(INT_ADD(MULTIEQUAL(MULTIEQUAL(INT_ADD(SUBPIECE(PTRSUB(CONST(0x0,3),CONST(0xea1a,3)),CONST(0x0,4)),INT_MULT(INT_ZEXT(LOAD(CONST(0x1f1,4),CAST(INT_ZEXT(INT_ADD(SUBPIECE(PTRSUB(CONST(0x0,3),CONST(0xef0b,3)),CONST(0x0,4)),INT_ZEXT(MULTIEQUAL(COPY(LEAF(unique:00022d00:1:byte)),COPY(LEAF(unique:00022d00:1:byte)),LEAF(register:001a:1:byte)))))))),CONST(0xc,2))),INT_ADD(SUBPIECE(PTRSUB(CONST(0x0,3),CONST(0xea1a,3)),CONST(0x0,4)),INT_MULT(INT_ZEXT(LOAD(CONST(0x1f1,4),CAST(INT_ZEXT(INT_ADD(SUBPIECE(PTRSUB(CONST(0x0,3),CONST(0xeeaa,3)),CONST(0x0,4)),INT_ZEXT(LEAF(register:001a:1:byte))))))),CONST(0xc,2))),LEAF(register:001c:2:ushort)),INT_ADD(LEAF(register:001c:2:ushort),CONST(0x1,2))),CONST(0x1,2)),LEAF(register:001c:2:ushort))))
027636	thunk_FUN_027666	02768c	STORE	CAST(INT_ZEXT(MULTIEQUAL(MULTIEQUAL(INT_ADD(MULTIEQUAL(MULTIEQUAL(INT_ADD(LEAF(register:0018:2:ushort),CONST(0x1,2)),INT_ADD(LEAF(register:0018:2:ushort),CONST(0x1,2)),LEAF(register:0018:2:ushort)),INT_ADD(LEAF(register:0018:2:ushort),CONST(0x1,2))),CONST(0x1,2)),LEAF(register:0018:2:ushort)),LEAF(register:0018:2:ushort))))
027666	FUN_027666	02760c	LOAD	CAST(INT_ZEXT(INT_ADD(SUBPIECE(PTRSUB(CONST(0x0,3),CONST(0xeeaa,3)),CONST(0x0,4)),INT_ZEXT(MULTIEQUAL(COPY(INT_ADD(LEAF(register:001a:1:byte),CONST(0x1,1))),COPY(INT_ADD(LEAF(register:001a:1:byte),CONST(0x1,1))),LEAF(register:001a:1:byte))))))
027666	FUN_027666	027626	LOAD	CAST(INT_ZEXT(INT_ADD(SUBPIECE(PTRSUB(CONST(0x0,3),CONST(0xeeaa,3)),CONST(0x0,4)),INT_ZEXT(MULTIEQUAL(COPY(INT_ADD(LEAF(register:001a:1:byte),CONST(0x1,1))),COPY(INT_ADD(LEAF(register:001a:1:byte),CONST(0x1,1))),LEAF(register:001a:1:byte))))))
027666	FUN_027666	02762e	LOAD	CAST(INT_ZEXT(INT_ADD(SUBPIECE(PTRSUB(CONST(0x0,3),CONST(0xa5cc,3)),CONST(0x0,4)),INT_MULT(INT_ZEXT(LOAD(CONST(0x1f1,4),CAST(INT_ZEXT(INT_ADD(SUBPIECE(PTRSUB(CONST(0x0,3),CONST(0xeeaa,3)),CONST(0x0,4)),INT_ZEXT(MULTIEQUAL(COPY(INT_ADD(LEAF(register:001a:1:byte),CONST(0x1,1))),COPY(INT_ADD(LEAF(register:001a:1:byte),CONST(0x1,1))),LEAF(register:001a:1:byte)))))))),CONST(0x10,2)))))
027666	FUN_027666	027632	STORE	CAST(INT_ZEXT(MULTIEQUAL(MULTIEQUAL(INT_ADD(LEAF(register:0018:2:ushort),CONST(0x1,2)),INT_ADD(LEAF(register:0018:2:ushort),CONST(0x1,2)),LEAF(register:0018:2:ushort)),INT_ADD(MULTIEQUAL(MULTIEQUAL(INT_ADD(LEAF(register:0018:2:ushort),CONST(0x1,2)),LEAF(register:0018:2:ushort)),LEAF(register:0018:2:ushort)),CONST(0x1,2)))))
027666	FUN_027666	02763c	LOAD	CAST(INT_ZEXT(INT_ADD(SUBPIECE(PTRSUB(CONST(0x0,3),CONST(0xef0b,3)),CONST(0x0,4)),INT_ZEXT(MULTIEQUAL(COPY(INT_ADD(LEAF(register:001a:1:byte),CONST(0x1,1))),COPY(INT_ADD(LEAF(register:001a:1:byte),CONST(0x1,1))),LEAF(register:001a:1:byte))))))
027666	FUN_027666	027656	LOAD	CAST(INT_ZEXT(INT_ADD(SUBPIECE(PTRSUB(CONST(0x0,3),CONST(0xef0b,3)),CONST(0x0,4)),INT_ZEXT(MULTIEQUAL(COPY(INT_ADD(LEAF(register:001a:1:byte),CONST(0x1,1))),COPY(INT_ADD(LEAF(register:001a:1:byte),CONST(0x1,1))),LEAF(register:001a:1:byte))))))
027666	FUN_027666	02765e	LOAD	CAST(INT_ZEXT(INT_ADD(SUBPIECE(PTRSUB(CONST(0x0,3),CONST(0xa5cc,3)),CONST(0x0,4)),INT_MULT(INT_ZEXT(LOAD(CONST(0x1f1,4),CAST(INT_ZEXT(INT_ADD(SUBPIECE(PTRSUB(CONST(0x0,3),CONST(0xef0b,3)),CONST(0x0,4)),INT_ZEXT(MULTIEQUAL(COPY(INT_ADD(LEAF(register:001a:1:byte),CONST(0x1,1))),COPY(INT_ADD(LEAF(register:001a:1:byte),CONST(0x1,1))),LEAF(register:001a:1:byte)))))))),CONST(0x10,2)))))
027666	FUN_027666	027662	STORE	CAST(INT_ZEXT(MULTIEQUAL(MULTIEQUAL(INT_ADD(LEAF(register:0018:2:ushort),CONST(0x1,2)),INT_ADD(LEAF(register:0018:2:ushort),CONST(0x1,2)),LEAF(register:0018:2:ushort)),INT_ADD(MULTIEQUAL(MULTIEQUAL(INT_ADD(LEAF(register:0018:2:ushort),CONST(0x1,2)),LEAF(register:0018:2:ushort)),LEAF(register:0018:2:ushort)),CONST(0x1,2)))))
027666	FUN_027666	027686	LOAD	CAST(INT_ZEXT(MULTIEQUAL(MULTIEQUAL(INT_ADD(SUBPIECE(PTRSUB(CONST(0x0,3),CONST(0xea1a,3)),CONST(0x0,4)),INT_MULT(INT_ZEXT(LOAD(CONST(0x1f1,4),CAST(INT_ZEXT(INT_ADD(SUBPIECE(PTRSUB(CONST(0x0,3),CONST(0xeeaa,3)),CONST(0x0,4)),INT_ZEXT(MULTIEQUAL(COPY(INT_ADD(LEAF(register:001a:1:byte),CONST(0x1,1))),COPY(INT_ADD(LEAF(register:001a:1:byte),CONST(0x1,1))),LEAF(register:001a:1:byte)))))))),CONST(0xc,2))),INT_ADD(SUBPIECE(PTRSUB(CONST(0x0,3),CONST(0xea1a,3)),CONST(0x0,4)),INT_MULT(INT_ZEXT(LOAD(CONST(0x1f1,4),CAST(INT_ZEXT(INT_ADD(SUBPIECE(PTRSUB(CONST(0x0,3),CONST(0xef0b,3)),CONST(0x0,4)),INT_ZEXT(LEAF(register:001a:1:byte))))))),CONST(0xc,2))),LEAF(register:001c:2:ushort)),INT_ADD(MULTIEQUAL(INT_ADD(LEAF(register:001c:2:ushort),CONST(0x1,2)),LEAF(register:001c:2:ushort)),CONST(0x1,2)))))
027666	FUN_027666	027686	STORE	CAST(INT_ZEXT(MULTIEQUAL(MULTIEQUAL(INT_ADD(LEAF(register:0018:2:ushort),CONST(0x1,2)),INT_ADD(LEAF(register:0018:2:ushort),CONST(0x1,2)),LEAF(register:0018:2:ushort)),INT_ADD(MULTIEQUAL(MULTIEQUAL(INT_ADD(LEAF(register:0018:2:ushort),CONST(0x1,2)),LEAF(register:0018:2:ushort)),LEAF(register:0018:2:ushort)),CONST(0x1,2)))))
027666	FUN_027666	02768c	LOAD	CAST(INT_ZEXT(MULTIEQUAL(INT_ADD(MULTIEQUAL(MULTIEQUAL(INT_ADD(SUBPIECE(PTRSUB(CONST(0x0,3),CONST(0xea1a,3)),CONST(0x0,4)),INT_MULT(INT_ZEXT(LOAD(CONST(0x1f1,4),CAST(INT_ZEXT(INT_ADD(SUBPIECE(PTRSUB(CONST(0x0,3),CONST(0xeeaa,3)),CONST(0x0,4)),INT_ZEXT(MULTIEQUAL(COPY(LEAF(unique:00022d00:1:byte)),COPY(LEAF(unique:00022d00:1:byte)),LEAF(register:001a:1:byte)))))))),CONST(0xc,2))),INT_ADD(SUBPIECE(PTRSUB(CONST(0x0,3),CONST(0xea1a,3)),CONST(0x0,4)),INT_MULT(INT_ZEXT(LOAD(CONST(0x1f1,4),CAST(INT_ZEXT(INT_ADD(SUBPIECE(PTRSUB(CONST(0x0,3),CONST(0xef0b,3)),CONST(0x0,4)),INT_ZEXT(LEAF(register:001a:1:byte))))))),CONST(0xc,2))),LEAF(register:001c:2:ushort)),INT_ADD(LEAF(register:001c:2:ushort),CONST(0x1,2))),CONST(0x1,2)),LEAF(register:001c:2:ushort))))
027666	FUN_027666	02768c	STORE	CAST(INT_ZEXT(MULTIEQUAL(MULTIEQUAL(INT_ADD(MULTIEQUAL(MULTIEQUAL(INT_ADD(LEAF(register:0018:2:ushort),CONST(0x1,2)),INT_ADD(LEAF(register:0018:2:ushort),CONST(0x1,2)),LEAF(register:0018:2:ushort)),INT_ADD(LEAF(register:0018:2:ushort),CONST(0x1,2))),CONST(0x1,2)),LEAF(register:0018:2:ushort)),LEAF(register:0018:2:ushort))))
0276a4	FUN_0276a4	02760c	LOAD	CAST(INT_ZEXT(INT_ADD(SUBPIECE(PTRSUB(CONST(0x0,3),CONST(0xeeaa,3)),CONST(0x0,4)),INT_ZEXT(MULTIEQUAL(INT_ADD(LEAF(register:001a:1:byte),CONST(0x1,1)),LEAF(register:001a:1:byte))))))
0276a4	FUN_0276a4	027626	LOAD	CAST(INT_ZEXT(INT_ADD(SUBPIECE(PTRSUB(CONST(0x0,3),CONST(0xeeaa,3)),CONST(0x0,4)),INT_ZEXT(MULTIEQUAL(INT_ADD(LEAF(register:001a:1:byte),CONST(0x1,1)),LEAF(register:001a:1:byte))))))
0276a4	FUN_0276a4	02762e	LOAD	CAST(INT_ZEXT(INT_ADD(SUBPIECE(PTRSUB(CONST(0x0,3),CONST(0xa5cc,3)),CONST(0x0,4)),INT_MULT(INT_ZEXT(LOAD(CONST(0x1f1,4),CAST(INT_ZEXT(INT_ADD(SUBPIECE(PTRSUB(CONST(0x0,3),CONST(0xeeaa,3)),CONST(0x0,4)),INT_ZEXT(MULTIEQUAL(INT_ADD(LEAF(register:001a:1:byte),CONST(0x1,1)),LEAF(register:001a:1:byte)))))))),CONST(0x10,2)))))
0276a4	FUN_0276a4	027632	STORE	CAST(INT_ZEXT(MULTIEQUAL(INT_ADD(MULTIEQUAL(COPY(LEAF(register:0018:2:ushort)),COPY(MULTIEQUAL(MULTIEQUAL(INT_ADD(LEAF(register:0018:2:ushort),CONST(0x2,2)),LEAF(register:0018:2:ushort)),LEAF(register:0018:2:ushort)))),CONST(0x1,2)),LEAF(register:0018:2:ushort))))
0276a4	FUN_0276a4	02763c	LOAD	CAST(INT_ZEXT(INT_ADD(SUBPIECE(PTRSUB(CONST(0x0,3),CONST(0xef0b,3)),CONST(0x0,4)),INT_ZEXT(MULTIEQUAL(INT_ADD(LEAF(register:001a:1:byte),CONST(0x1,1)),LEAF(register:001a:1:byte))))))
0276a4	FUN_0276a4	027656	LOAD	CAST(INT_ZEXT(INT_ADD(SUBPIECE(PTRSUB(CONST(0x0,3),CONST(0xef0b,3)),CONST(0x0,4)),INT_ZEXT(MULTIEQUAL(INT_ADD(LEAF(register:001a:1:byte),CONST(0x1,1)),LEAF(register:001a:1:byte))))))
0276a4	FUN_0276a4	02765e	LOAD	CAST(INT_ZEXT(INT_ADD(SUBPIECE(PTRSUB(CONST(0x0,3),CONST(0xa5cc,3)),CONST(0x0,4)),INT_MULT(INT_ZEXT(LOAD(CONST(0x1f1,4),CAST(INT_ZEXT(INT_ADD(SUBPIECE(PTRSUB(CONST(0x0,3),CONST(0xef0b,3)),CONST(0x0,4)),INT_ZEXT(MULTIEQUAL(INT_ADD(LEAF(register:001a:1:byte),CONST(0x1,1)),LEAF(register:001a:1:byte)))))))),CONST(0x10,2)))))
0276a4	FUN_0276a4	027662	STORE	CAST(INT_ZEXT(MULTIEQUAL(INT_ADD(MULTIEQUAL(COPY(LEAF(register:0018:2:ushort)),COPY(MULTIEQUAL(MULTIEQUAL(INT_ADD(LEAF(register:0018:2:ushort),CONST(0x2,2)),LEAF(register:0018:2:ushort)),LEAF(register:0018:2:ushort)))),CONST(0x1,2)),LEAF(register:0018:2:ushort))))
0276a4	FUN_0276a4	027686	LOAD	CAST(INT_ZEXT(MULTIEQUAL(INT_ADD(SUBPIECE(PTRSUB(CONST(0x0,3),CONST(0xea1a,3)),CONST(0x0,4)),INT_MULT(INT_ZEXT(MULTIEQUAL(LOAD(CONST(0x1f1,4),CAST(INT_ZEXT(INT_ADD(SUBPIECE(PTRSUB(CONST(0x0,3),CONST(0xeeaa,3)),CONST(0x0,4)),INT_ZEXT(MULTIEQUAL(INT_ADD(LEAF(register:001a:1:byte),CONST(0x1,1)),LEAF(register:001a:1:byte))))))),LOAD(CONST(0x1f1,4),CAST(INT_ZEXT(INT_ADD(SUBPIECE(PTRSUB(CONST(0x0,3),CONST(0xef0b,3)),CONST(0x0,4)),INT_ZEXT(LEAF(register:001a:1:byte)))))))),CONST(0xc,2))),INT_ADD(MULTIEQUAL(INT_ADD(LEAF(register:001c:2:ushort),CONST(0x1,2)),LEAF(register:001c:2:ushort)),CONST(0x1,2)))))
0276a4	FUN_0276a4	027686	STORE	CAST(INT_ZEXT(INT_ADD(MULTIEQUAL(COPY(MULTIEQUAL(LEAF(register:0018:2:ushort),LEAF(register:0018:2:ushort))),COPY(MULTIEQUAL(MULTIEQUAL(INT_ADD(LEAF(register:0018:2:ushort),CONST(0x2,2)),LEAF(register:0018:2:ushort)),LEAF(register:0018:2:ushort)))),CONST(0x1,2))))
0276a4	FUN_0276a4	02768c	LOAD	CAST(INT_ZEXT(MULTIEQUAL(INT_ADD(MULTIEQUAL(INT_ADD(SUBPIECE(PTRSUB(CONST(0x0,3),CONST(0xea1a,3)),CONST(0x0,4)),INT_MULT(INT_ZEXT(MULTIEQUAL(LOAD(CONST(0x1f1,4),CAST(INT_ZEXT(INT_ADD(SUBPIECE(PTRSUB(CONST(0x0,3),CONST(0xeeaa,3)),CONST(0x0,4)),INT_ZEXT(MULTIEQUAL(INT_ADD(LEAF(register:001a:1:byte),CONST(0x1,1)),LEAF(register:001a:1:byte))))))),LOAD(CONST(0x1f1,4),CAST(INT_ZEXT(INT_ADD(SUBPIECE(PTRSUB(CONST(0x0,3),CONST(0xef0b,3)),CONST(0x0,4)),INT_ZEXT(LEAF(register:001a:1:byte)))))))),CONST(0xc,2))),INT_ADD(LEAF(register:001c:2:ushort),CONST(0x1,2))),CONST(0x1,2)),LEAF(register:001c:2:ushort))))
0276a4	FUN_0276a4	02768c	STORE	CAST(INT_ZEXT(MULTIEQUAL(MULTIEQUAL(INT_ADD(MULTIEQUAL(COPY(MULTIEQUAL(INT_ADD(LEAF(register:0018:2:ushort),CONST(0x1,2)),LEAF(register:0018:2:ushort))),COPY(LEAF(register:0018:2:ushort))),CONST(0x2,2)),LEAF(register:0018:2:ushort)),LEAF(register:0018:2:ushort))))
02799c	FUN_02799c	023c9c	STORE	CAST(INT_ZEXT(INT_ADD(LEAF(register:0012:2:ushort),CONST(0xa,2))))
02799c	FUN_02799c	023ca0	LOAD	CAST(INT_ZEXT(INT_ADD(LEAF(register:0012:2:ushort),CONST(0xa,2))))
02799c	FUN_02799c	023cb2	LOAD	CAST(INT_ZEXT(INT_ADD(LEAF(register:0012:2:ushort),CONST(0xa,2))))
02799c	FUN_02799c	023cb8	STORE	CAST(INT_ZEXT(INT_ADD(LEAF(register:0012:2:ushort),CONST(0xa,2))))
02799c	FUN_02799c	023cd8	LOAD	CAST(INT_ZEXT(INT_ADD(SUBPIECE(PTRSUB(CONST(0x0,3),CONST(0xf656,3)),CONST(0x0,4)),INT_MULT(INT_RIGHT(INT_AND(LEAF(register:000c:2:ushort),CONST(0xff,2)),CONST(0x4,4)),CONST(0x2,2)))))
02799c	FUN_02799c	023cdc	STORE	CAST(INT_ZEXT(INT_ADD(SUBPIECE(PTRSUB(CONST(0x0,3),CONST(0xf656,3)),CONST(0x0,4)),INT_MULT(INT_RIGHT(INT_AND(LEAF(register:000c:2:ushort),CONST(0xff,2)),CONST(0x4,4)),CONST(0x2,2)))))
02799c	FUN_02799c	023d90	STORE	CAST(INT_ZEXT(INT_ADD(LEAF(register:0010:2:ushort),CONST(0x1,2))))
02799c	FUN_02799c	023de8	STORE	CAST(INT_ZEXT(INT_ADD(LEAF(register:0010:2:ushort),CONST(0x7,2))))
02799c	FUN_02799c	023df0	LOAD	CAST(INT_ZEXT(INT_ADD(LEAF(register:000e:2:short),CONST(0x1,2))))
02799c	FUN_02799c	023e04	STORE	CAST(INT_ZEXT(LEAF(register:0010:2:ushort)))
02799c	FUN_02799c	023e0a	STORE	CAST(INT_ZEXT(INT_ADD(LEAF(register:0010:2:ushort),CONST(0x9,2))))
02799c	FUN_02799c	023e12	STORE	CAST(INT_ZEXT(INT_ADD(LEAF(register:0010:2:ushort),CONST(0x8,2))))
02799c	FUN_02799c	023e3a	STORE	CAST(INT_ZEXT(INT_ADD(SUBPIECE(PTRSUB(CONST(0x0,3),CONST(0xeeaa,3)),CONST(0x0,4)),MULTIEQUAL(INT_ZEXT(INDIRECT(INDIRECT(MULTIEQUAL(INDIRECT(INDIRECT(LEAF(00ea18:1:byte),CONST(0x15d3,4)),CONST(0x16b7,4)),LEAF(00ea18:1:byte)),CONST(0x16ed,4)),CONST(0x1723,4))),LEAF(register:000a:2:ushort)))))
02799c	FUN_02799c	023e4c	STORE	CAST(INT_ZEXT(LEAF(register:0010:2:ushort)))
02799c	FUN_02799c	023e4e	LOAD	CAST(INT_ZEXT(INT_ADD(LEAF(register:000e:2:short),CONST(0x1,2))))
02799c	FUN_02799c	023e64	STORE	CAST(INT_ZEXT(INT_ADD(LEAF(register:0010:2:ushort),CONST(0x3,2))))
02799c	FUN_02799c	023e68	LOAD	CAST(INT_ZEXT(INT_ADD(MULTIEQUAL(LEAF(register:0010:2:ushort),MULTIEQUAL(LEAF(register:0010:2:ushort),MULTIEQUAL(COPY(INT_ADD(MULTIEQUAL(INT_ADD(MULTIEQUAL(SUBPIECE(PTRSUB(CONST(0x0,3),CONST(0xe523,3)),CONST(0x0,4)),MULTIEQUAL(LEAF(unique:00022d00:2:ushort),INT_ADD(LEAF(register:000e:2:ushort),CONST(0x2,2)),LEAF(register:000e:2:ushort))),CONST(0x1,2)),LEAF(register:000e:2:ushort)),CONST(0x1,2))),LEAF(register:0010:2:ushort),LEAF(register:0010:2:ushort))),LEAF(register:0010:2:ushort),LEAF(register:0010:2:ushort)),CONST(0x2,2))))
02799c	FUN_02799c	023e76	LOAD	CAST(INT_ZEXT(INT_ADD(MULTIEQUAL(LEAF(register:0010:2:ushort),MULTIEQUAL(LEAF(register:0010:2:ushort),MULTIEQUAL(COPY(INT_ADD(MULTIEQUAL(INT_ADD(MULTIEQUAL(SUBPIECE(PTRSUB(CONST(0x0,3),CONST(0xe523,3)),CONST(0x0,4)),MULTIEQUAL(LEAF(unique:00022d00:2:ushort),INT_ADD(LEAF(register:000e:2:ushort),CONST(0x2,2)),LEAF(register:000e:2:ushort))),CONST(0x1,2)),LEAF(register:000e:2:ushort)),CONST(0x1,2))),LEAF(register:0010:2:ushort),LEAF(register:0010:2:ushort))),LEAF(register:0010:2:ushort),LEAF(register:0010:2:ushort)),CONST(0x2,2))))
02799c	FUN_02799c	023e7a	STORE	CAST(INT_ZEXT(INT_ADD(MULTIEQUAL(LEAF(register:0010:2:ushort),MULTIEQUAL(LEAF(register:0010:2:ushort),MULTIEQUAL(COPY(INT_ADD(MULTIEQUAL(INT_ADD(MULTIEQUAL(SUBPIECE(PTRSUB(CONST(0x0,3),CONST(0xe523,3)),CONST(0x0,4)),MULTIEQUAL(LEAF(unique:00022d00:2:ushort),INT_ADD(LEAF(register:000e:2:ushort),CONST(0x2,2)),LEAF(register:000e:2:ushort))),CONST(0x1,2)),LEAF(register:000e:2:ushort)),CONST(0x1,2))),LEAF(register:0010:2:ushort),LEAF(register:0010:2:ushort))),LEAF(register:0010:2:ushort),LEAF(register:0010:2:ushort)),CONST(0x2,2))))
02799c	FUN_02799c	023e98	STORE	CAST(INT_ZEXT(INT_ADD(MULTIEQUAL(MULTIEQUAL(LEAF(register:0010:2:ushort),MULTIEQUAL(LEAF(register:0010:2:ushort),MULTIEQUAL(COPY(INT_ADD(MULTIEQUAL(INT_ADD(MULTIEQUAL(SUBPIECE(PTRSUB(CONST(0x0,3),CONST(0xe523,3)),CONST(0x0,4)),MULTIEQUAL(LEAF(unique:00022d00:2:ushort),INT_ADD(LEAF(register:000e:2:ushort),CONST(0x2,2)),LEAF(register:000e:2:ushort))),CONST(0x1,2)),LEAF(register:000e:2:ushort)),CONST(0x1,2))),LEAF(register:0010:2:ushort),LEAF(register:0010:2:ushort))),LEAF(register:0010:2:ushort),LEAF(register:0010:2:ushort)),LEAF(register:0010:2:ushort),LEAF(register:0010:2:ushort)),CONST(0x1,2))))
02799c	FUN_02799c	027a0a	LOAD	CAST(INT_ZEXT(MULTIEQUAL(SUBPIECE(PTRSUB(CONST(0x0,3),CONST(0xf1c9,3)),CONST(0x0,4)),INT_ADD(LEAF(register:000c:2:ushort),CONST(0x5,2)))))
02799c	FUN_02799c	027a3a	LOAD	CAST(INT_ZEXT(INT_ADD(MULTIEQUAL(SUBPIECE(PTRSUB(CONST(0x0,3),CONST(0xf1c9,3)),CONST(0x0,4)),INT_ADD(LEAF(register:000c:2:ushort),CONST(0x5,2))),CONST(0x3,2))))
02799c	FUN_02799c	027a42	LOAD	CAST(INT_ZEXT(INT_ADD(MULTIEQUAL(SUBPIECE(PTRSUB(CONST(0x0,3),CONST(0xf1c9,3)),CONST(0x0,4)),INT_ADD(LEAF(register:000c:2:ushort),CONST(0x5,2))),CONST(0x4,2))))
02799c	FUN_02799c	027a4e	LOAD	CAST(INT_ZEXT(MULTIEQUAL(SUBPIECE(PTRSUB(CONST(0x0,3),CONST(0xf1c9,3)),CONST(0x0,4)),INT_ADD(LEAF(register:000c:2:ushort),CONST(0x5,2)))))
02799c	FUN_02799c	027a52	LOAD	CAST(INT_ZEXT(INT_AND(PIECE(LOAD(CONST(0x1f1,4),CAST(INT_ZEXT(INT_ADD(MULTIEQUAL(SUBPIECE(PTRSUB(CONST(0x0,3),CONST(0xf1c9,3)),CONST(0x0,4)),INT_ADD(LEAF(register:000c:2:ushort),CONST(0x5,2))),CONST(0x3,2))))),LOAD(CONST(0x1f1,4),CAST(INT_ZEXT(INT_ADD(LEAF(register:000c:2:ushort),CONST(0x4,2)))))),CONST(0x3fff,2))))
02799c	FUN_02799c	027a52	STORE	CAST(INT_ZEXT(MULTIEQUAL(SUBPIECE(PTRSUB(CONST(0x0,3),CONST(0xe523,3)),CONST(0x0,4)),MULTIEQUAL(INT_ADD(MULTIEQUAL(INT_ADD(LEAF(register:000e:2:ushort),CONST(0x1,2)),LEAF(register:000e:2:ushort)),CONST(0x1,2)),INT_ADD(LEAF(register:000e:2:ushort),CONST(0x2,2)),LEAF(register:000e:2:ushort)))))
02799c	FUN_02799c	027a56	LOAD	CAST(INT_ZEXT(INT_ADD(INT_AND(PIECE(LOAD(CONST(0x1f1,4),CAST(INT_ZEXT(INT_ADD(MULTIEQUAL(SUBPIECE(PTRSUB(CONST(0x0,3),CONST(0xf1c9,3)),CONST(0x0,4)),INT_ADD(LEAF(register:000c:2:ushort),CONST(0x5,2))),CONST(0x3,2))))),LOAD(CONST(0x1f1,4),CAST(INT_ZEXT(INT_ADD(LEAF(register:000c:2:ushort),CONST(0x4,2)))))),CONST(0x3fff,2)),CONST(0x1,2))))
02799c	FUN_02799c	027a5a	STORE	CAST(INT_ZEXT(MULTIEQUAL(SUBPIECE(PTRSUB(CONST(0x0,3),CONST(0xe523,3)),CONST(0x0,4)),MULTIEQUAL(INT_ADD(MULTIEQUAL(INT_ADD(LEAF(register:000e:2:ushort),CONST(0x1,2)),LEAF(register:000e:2:ushort)),CONST(0x1,2)),INT_ADD(LEAF(register:000e:2:ushort),CONST(0x2,2)),LEAF(register:000e:2:ushort)))))
02799c	FUN_02799c	027a5e	LOAD	CAST(INT_ZEXT(INT_AND(PIECE(LOAD(CONST(0x1f1,4),CAST(INT_ZEXT(INT_ADD(MULTIEQUAL(SUBPIECE(PTRSUB(CONST(0x0,3),CONST(0xf1c9,3)),CONST(0x0,4)),INT_ADD(LEAF(register:000c:2:ushort),CONST(0x5,2))),CONST(0x3,2))))),LOAD(CONST(0x1f1,4),CAST(INT_ZEXT(INT_ADD(LEAF(register:000c:2:ushort),CONST(0x4,2)))))),CONST(0x3fff,2))))
02799c	FUN_02799c	027a5e	STORE	CAST(INT_ZEXT(INT_ADD(MULTIEQUAL(SUBPIECE(PTRSUB(CONST(0x0,3),CONST(0xe523,3)),CONST(0x0,4)),MULTIEQUAL(INT_ADD(MULTIEQUAL(LEAF(unique:00022d00:2:ushort),LEAF(register:000e:2:ushort)),CONST(0x1,2)),INT_ADD(LEAF(register:000e:2:ushort),CONST(0x2,2)),LEAF(register:000e:2:ushort))),CONST(0x1,2))))
02799c	FUN_02799c	027a6a	LOAD	CAST(INT_ZEXT(INT_ADD(MULTIEQUAL(SUBPIECE(PTRSUB(CONST(0x0,3),CONST(0xf1c9,3)),CONST(0x0,4)),INT_ADD(LEAF(register:000c:2:ushort),CONST(0x5,2))),CONST(0x4,2))))
02799c	FUN_02799c	027a78	STORE	CAST(INT_ZEXT(INT_ADD(MULTIEQUAL(SUBPIECE(PTRSUB(CONST(0x0,3),CONST(0xe523,3)),CONST(0x0,4)),MULTIEQUAL(INT_ADD(MULTIEQUAL(INT_ADD(LEAF(register:000e:2:ushort),CONST(0x1,2)),LEAF(register:000e:2:ushort)),CONST(0x1,2)),INT_ADD(LEAF(register:000e:2:ushort),CONST(0x2,2)),LEAF(register:000e:2:ushort))),CONST(0x1,2))))
02799c	FUN_02799c	027a80	STORE	CAST(INT_ZEXT(MULTIEQUAL(SUBPIECE(PTRSUB(CONST(0x0,3),CONST(0xe523,3)),CONST(0x0,4)),MULTIEQUAL(INT_ADD(MULTIEQUAL(INT_ADD(LEAF(register:000e:2:ushort),CONST(0x1,2)),LEAF(register:000e:2:ushort)),CONST(0x1,2)),INT_ADD(LEAF(register:000e:2:ushort),CONST(0x2,2)),LEAF(register:000e:2:ushort)))))
027acc	FUN_027acc	023e68	LOAD	CAST(INT_ZEXT(INT_ADD(LEAF(register:0010:2:short),CONST(0x2,2))))
027acc	FUN_027acc	023e76	LOAD	CAST(INT_ZEXT(INT_ADD(LEAF(register:0010:2:short),CONST(0x2,2))))
027acc	FUN_027acc	023e7a	STORE	CAST(INT_ZEXT(INT_ADD(LEAF(register:0010:2:short),CONST(0x2,2))))
027acc	FUN_027acc	023e98	STORE	CAST(INT_ZEXT(INT_ADD(LEAF(register:0010:2:short),CONST(0x1,2))))
027acc	FUN_027acc	027af0	LOAD	CAST(INT_ZEXT(MULTIEQUAL(SUBPIECE(PTRSUB(CONST(0x0,3),CONST(0xe425,3)),CONST(0x0,4)),INT_ADD(MULTIEQUAL(LEAF(register:000e:2:ushort),LEAF(unique:00022d00:2:ushort)),CONST(0x1,2)))))
027acc	FUN_027acc	027af6	LOAD	CAST(INT_ZEXT(INT_ADD(MULTIEQUAL(SUBPIECE(PTRSUB(CONST(0x0,3),CONST(0xe425,3)),CONST(0x0,4)),INT_ADD(MULTIEQUAL(LEAF(register:000e:2:ushort),LEAF(unique:00022d00:2:ushort)),CONST(0x1,2))),CONST(0x4,2))))
027acc	FUN_027acc	027b04	LOAD	CAST(INT_ZEXT(MULTIEQUAL(SUBPIECE(PTRSUB(CONST(0x0,3),CONST(0xe425,3)),CONST(0x0,4)),INT_ADD(MULTIEQUAL(LEAF(register:000e:2:ushort),LEAF(unique:00022d00:2:ushort)),CONST(0x1,2)))))
027acc	FUN_027acc	027b08	LOAD	CAST(INT_ZEXT(MULTIEQUAL(SUBPIECE(PTRSUB(CONST(0x0,3),CONST(0xe425,3)),CONST(0x0,4)),INT_ADD(MULTIEQUAL(LEAF(register:000e:2:ushort),LEAF(unique:00022d00:2:ushort)),CONST(0x1,2)))))
027acc	FUN_027acc	027b0e	LOAD	CAST(INT_ZEXT(INT_ADD(MULTIEQUAL(SUBPIECE(PTRSUB(CONST(0x0,3),CONST(0xe425,3)),CONST(0x0,4)),INT_ADD(MULTIEQUAL(LEAF(register:000e:2:ushort),LEAF(unique:00022d00:2:ushort)),CONST(0x1,2))),CONST(0x2,2))))
027acc	FUN_027acc	027b16	LOAD	CAST(INT_ZEXT(INT_ADD(MULTIEQUAL(SUBPIECE(PTRSUB(CONST(0x0,3),CONST(0xe425,3)),CONST(0x0,4)),INT_ADD(MULTIEQUAL(LEAF(register:000e:2:ushort),LEAF(unique:00022d00:2:ushort)),CONST(0x1,2))),CONST(0x1,2))))
027acc	FUN_027acc	027b1c	LOAD	CAST(INT_ZEXT(MULTIEQUAL(SUBPIECE(PTRSUB(CONST(0x0,3),CONST(0xe425,3)),CONST(0x0,4)),INT_ADD(MULTIEQUAL(LEAF(register:000e:2:ushort),LEAF(unique:00022d00:2:ushort)),CONST(0x1,2)))))
027acc	FUN_027acc	027b22	LOAD	CAST(INT_ZEXT(INT_ADD(MULTIEQUAL(SUBPIECE(PTRSUB(CONST(0x0,3),CONST(0xe425,3)),CONST(0x0,4)),INT_ADD(MULTIEQUAL(LEAF(register:000e:2:ushort),LEAF(unique:00022d00:2:ushort)),CONST(0x1,2))),CONST(0x4,2))))
027acc	FUN_027acc	027b3a	LOAD	CAST(INT_ZEXT(MULTIEQUAL(MULTIEQUAL(SUBPIECE(PTRSUB(CONST(0x0,3),CONST(0xe425,3)),CONST(0x0,4)),INT_ADD(LEAF(register:000e:2:ushort),CONST(0x1,2))),LEAF(unique:00022d00:2:ushort))))
027acc	FUN_027acc	027b3a	STORE	CAST(INT_ZEXT(MULTIEQUAL(MULTIEQUAL(SUBPIECE(PTRSUB(CONST(0x0,3),CONST(0xf1c9,3)),CONST(0x0,4)),INT_ADD(LEAF(register:000c:2:ushort),CONST(0x1,2))),LEAF(unique:00022d00:2:ushort))))
027b76	FUN_027b76	023e68	LOAD	CAST(INT_ZEXT(INT_ADD(LEAF(register:0010:2:short),CONST(0x2,2))))
027b76	FUN_027b76	023e76	LOAD	CAST(INT_ZEXT(INT_ADD(LEAF(register:0010:2:short),CONST(0x2,2))))
027b76	FUN_027b76	023e7a	STORE	CAST(INT_ZEXT(INT_ADD(LEAF(register:0010:2:short),CONST(0x2,2))))
027b76	FUN_027b76	023e98	STORE	CAST(INT_ZEXT(INT_ADD(LEAF(register:0010:2:short),CONST(0x1,2))))
027bb6	FUN_027bb6	023e68	LOAD	CAST(INT_ZEXT(INT_ADD(LEAF(register:0010:2:short),CONST(0x2,2))))
027bb6	FUN_027bb6	023e76	LOAD	CAST(INT_ZEXT(INT_ADD(LEAF(register:0010:2:short),CONST(0x2,2))))
027bb6	FUN_027bb6	023e7a	STORE	CAST(INT_ZEXT(INT_ADD(LEAF(register:0010:2:short),CONST(0x2,2))))
027bb6	FUN_027bb6	023e98	STORE	CAST(INT_ZEXT(INT_ADD(LEAF(register:0010:2:short),CONST(0x1,2))))
027e74	FUN_027e74	023f66	STORE	CAST(INT_ZEXT(INT_ADD(LEAF(register:0012:2:ushort),CONST(0x9,2))))
027e74	FUN_027e74	023f6e	STORE	CAST(INT_ZEXT(INT_ADD(LEAF(register:0012:2:ushort),CONST(0x8,2))))
027e74	FUN_027e74	023f78	STORE	CAST(INT_ZEXT(LEAF(register:0012:2:ushort)))
027e74	FUN_027e74	023f90	STORE	CAST(INT_ZEXT(INT_ADD(LEAF(register:0012:2:ushort),CONST(0x3,2))))
027e74	FUN_027e74	023f94	LOAD	CAST(INT_ZEXT(INT_ADD(LEAF(register:0012:2:ushort),CONST(0x2,2))))
027e74	FUN_027e74	023fa2	LOAD	CAST(INT_ZEXT(INT_ADD(LEAF(register:0012:2:ushort),CONST(0x2,2))))
027e74	FUN_027e74	023fa6	STORE	CAST(INT_ZEXT(INT_ADD(LEAF(register:0012:2:ushort),CONST(0x2,2))))
027f8a	FUN_027f8a	020474	LOAD	CAST(INT_ZEXT(MULTIEQUAL(INT_AND(LEAF(00ea00:2:ushort),CONST(0x3fff,2)),MULTIEQUAL(COPY(CONST(0x0,2)),INT_ADD(LEAF(register:000e:2:ushort),CONST(0x1,2))))))
027f8a	FUN_027f8a	02047a	STORE	CAST(INT_ZEXT(MULTIEQUAL(COPY(SUBPIECE(PTRSUB(CONST(0x0,3),CONST(0xe523,3)),CONST(0x0,4))),COPY(INT_ADD(LEAF(register:0012:2:ushort),CONST(0x1,2))))))
027f8a	FUN_027f8a	028006	STORE	CAST(INT_ZEXT(INT_ADD(LEAF(register:0012:2:short),CONST(0x2c,2))))
027f8a	FUN_027f8a	028016	LOAD	CAST(INT_ZEXT(INT_ADD(LEAF(register:0012:2:short),CONST(0x29,2))))
027f8a	FUN_027f8a	028020	STORE	CAST(INT_ZEXT(INT_ADD(LEAF(register:0012:2:short),CONST(0x2d,2))))
027f8a	FUN_027f8a	0280aa	STORE	CAST(INT_ZEXT(INT_ADD(LEAF(register:0012:2:short),CONST(0x28,2))))
027f8a	FUN_027f8a	0280b2	STORE	CAST(INT_ZEXT(INT_ADD(LEAF(register:0012:2:short),CONST(0x2e,2))))
027f8a	FUN_027f8a	0280ba	STORE	CAST(INT_ZEXT(INT_ADD(LEAF(register:0012:2:short),CONST(0x2c,2))))
027f8a	FUN_027f8a	0280ca	STORE	CAST(INT_ZEXT(INT_ADD(LEAF(register:0012:2:short),CONST(0x26,2))))
027f8a	FUN_027f8a	0280ce	STORE	CAST(INT_ZEXT(INT_ADD(LEAF(register:0012:2:short),CONST(0x2f,2))))
027f8a	FUN_027f8a	0280d2	STORE	CAST(INT_ZEXT(INT_ADD(LEAF(register:0012:2:short),CONST(0x2d,2))))
027f8a	FUN_027f8a	0280de	STORE	CAST(INT_ZEXT(INT_ADD(LEAF(register:0012:2:short),CONST(0x33,2))))
02802a	FUN_02802a	028030	LOAD	CAST(INT_ZEXT(INT_ADD(LEAF(register:0018:2:ushort),CONST(0x33,2))))
02802a	FUN_02802a	028038	LOAD	CAST(INT_ZEXT(INT_ADD(LEAF(register:0018:2:ushort),CONST(0x27,2))))
02802a	FUN_02802a	02803e	LOAD	CAST(INT_ZEXT(INT_ADD(LEAF(register:0018:2:ushort),CONST(0x29,2))))
02802a	FUN_02802a	0280aa	STORE	CAST(INT_ZEXT(INT_ADD(LEAF(register:0018:2:ushort),CONST(0x28,2))))
02802a	FUN_02802a	0280b2	STORE	CAST(INT_ZEXT(INT_ADD(LEAF(register:0018:2:ushort),CONST(0x2e,2))))
02802a	FUN_02802a	0280ba	STORE	CAST(INT_ZEXT(INT_ADD(LEAF(register:0018:2:ushort),CONST(0x2c,2))))
02802a	FUN_02802a	0280ca	STORE	CAST(INT_ZEXT(INT_ADD(LEAF(register:0018:2:ushort),CONST(0x26,2))))
02802a	FUN_02802a	0280ce	STORE	CAST(INT_ZEXT(INT_ADD(LEAF(register:0018:2:ushort),CONST(0x2f,2))))
02802a	FUN_02802a	0280d2	STORE	CAST(INT_ZEXT(INT_ADD(LEAF(register:0018:2:ushort),CONST(0x2d,2))))
02802a	FUN_02802a	0280de	STORE	CAST(INT_ZEXT(INT_ADD(LEAF(register:0018:2:ushort),CONST(0x33,2))))
02802a	FUN_02802a	0282ec	LOAD	CAST(INT_ZEXT(INT_ADD(LEAF(register:0010:2:ushort),CONST(0x14,2))))
02802a	FUN_02802a	0282f0	LOAD	CAST(INT_ZEXT(INT_ADD(LEAF(register:0010:2:ushort),CONST(0x18,2))))
02802a	FUN_02802a	02831a	STORE	CAST(INT_ZEXT(INT_ADD(LEAF(register:0010:2:ushort),CONST(0x18,2))))
02802a	FUN_02802a	02831e	STORE	CAST(INT_ZEXT(INT_ADD(LEAF(register:0010:2:ushort),CONST(0x10,2))))
02802a	FUN_02802a	028324	STORE	CAST(INT_ZEXT(INT_ADD(LEAF(register:0010:2:ushort),CONST(0x14,2))))
02802a	FUN_02802a	028328	LOAD	CAST(INT_ZEXT(INT_ADD(LEAF(register:0010:2:ushort),CONST(0x6,2))))
02802a	FUN_02802a	028332	STORE	CAST(INT_ZEXT(INT_ADD(LEAF(register:0010:2:ushort),CONST(0x6,2))))
02802a	FUN_02802a	028336	LOAD	CAST(INT_ZEXT(INT_ADD(LEAF(register:0010:2:ushort),CONST(0x8,2))))
02802a	FUN_02802a	028340	STORE	CAST(INT_ZEXT(INT_ADD(LEAF(register:0010:2:ushort),CONST(0x8,2))))
02802a	FUN_02802a	028344	LOAD	CAST(INT_ZEXT(INT_ADD(LEAF(register:0010:2:ushort),CONST(0x20,2))))
02802a	FUN_02802a	02834e	STORE	CAST(INT_ZEXT(INT_ADD(LEAF(register:0010:2:ushort),CONST(0x20,2))))
02802a	FUN_02802a	028352	LOAD	CAST(INT_ZEXT(INT_ADD(LEAF(register:0010:2:ushort),CONST(0x1e,2))))
02802a	FUN_02802a	02835c	STORE	CAST(INT_ZEXT(INT_ADD(LEAF(register:0010:2:ushort),CONST(0x1e,2))))
02802a	FUN_02802a	028364	LOAD	CAST(INT_ZEXT(INT_ADD(LEAF(register:0010:2:ushort),CONST(0xa,2))))
02802a	FUN_02802a	02c134	STORE	CAST(INT_ZEXT(PIECE(SUBPIECE(INT_RIGHT(CAST(LEAF(register:0008:2:undefined2)),CONST(0x8,4)),CONST(0x0,4)),LOAD(CONST(0x1f1,4),CAST(INT_ZEXT(INT_ADD(LEAF(register:0018:2:ushort),CONST(0x33,2))))))))
02802a	FUN_02802a	02c154	STORE	CAST(INT_ZEXT(LEAF(register:0010:2:ushort)))
02802a	FUN_02802a	02c158	STORE	CAST(INT_ZEXT(INT_ADD(LEAF(register:0010:2:ushort),CONST(0x1,2))))
02802a	FUN_02802a	02c170	LOAD	CAST(INT_ZEXT(LEAF(register:0010:2:ushort)))
02802a	FUN_02802a	02c182	STORE	CAST(INT_ZEXT(INT_ADD(SUBPIECE(PTRSUB(CONST(0x0,3),CONST(0xef0b,3)),CONST(0x0,4)),INT_ZEXT(INDIRECT(LEAF(00ea19:1:byte),CONST(0xa6,4))))))
02802a	FUN_02802a	02c18c	LOAD	CAST(INT_ZEXT(INT_ADD(LEAF(register:000e:2:ushort),CONST(0x8,2))))
02802a	FUN_02802a	02c190	LOAD	CAST(INT_ZEXT(LOAD(CONST(0x1f1,4),CAST(INT_ZEXT(INT_ADD(LEAF(register:000e:2:ushort),CONST(0x8,2)))))))
02802a	FUN_02802a	02c192	STORE	CAST(INT_ZEXT(INT_ADD(LEAF(register:0010:2:ushort),CONST(0x4,2))))
02802a	FUN_02802a	02c196	LOAD	CAST(INT_ZEXT(INT_ADD(LEAF(register:000e:2:ushort),CONST(0xa,2))))
02802a	FUN_02802a	02c19a	LOAD	CAST(INT_ZEXT(LOAD(CONST(0x1f1,4),CAST(INT_ZEXT(INT_ADD(LEAF(register:000e:2:ushort),CONST(0xa,2)))))))
02802a	FUN_02802a	02c19c	STORE	CAST(INT_ZEXT(INT_ADD(LEAF(register:0010:2:ushort),CONST(0x5,2))))
02802a	FUN_02802a	02c1a0	LOAD	CAST(INT_ZEXT(INT_ADD(LEAF(register:000e:2:ushort),CONST(0xc,2))))
02802a	FUN_02802a	02c1a4	LOAD	CAST(INT_ZEXT(LOAD(CONST(0x1f1,4),CAST(INT_ZEXT(INT_ADD(LEAF(register:000e:2:ushort),CONST(0xc,2)))))))
02802a	FUN_02802a	02c1a6	STORE	CAST(INT_ZEXT(INT_ADD(LEAF(register:0010:2:ushort),CONST(0x6,2))))
02802a	FUN_02802a	02c1aa	LOAD	CAST(INT_ZEXT(INT_ADD(LEAF(register:000e:2:ushort),CONST(0xe,2))))
02802a	FUN_02802a	02c1ae	LOAD	CAST(INT_ZEXT(LOAD(CONST(0x1f1,4),CAST(INT_ZEXT(INT_ADD(LEAF(register:000e:2:ushort),CONST(0xe,2)))))))
02802a	FUN_02802a	02c1b0	STORE	CAST(INT_ZEXT(INT_ADD(LEAF(register:0010:2:ushort),CONST(0x7,2))))
02802a	FUN_02802a	02c1b8	LOAD	CAST(INT_ZEXT(INT_ADD(LEAF(register:000e:2:ushort),CONST(0x1,2))))
02802a	FUN_02802a	02c1cc	STORE	CAST(INT_ZEXT(LEAF(register:0010:2:ushort)))
02802a	FUN_02802a	02c1d2	STORE	CAST(INT_ZEXT(INT_ADD(LEAF(register:0010:2:ushort),CONST(0x9,2))))
02802a	FUN_02802a	02c1da	STORE	CAST(INT_ZEXT(INT_ADD(LEAF(register:0010:2:ushort),CONST(0x8,2))))
02802a	FUN_02802a	02c202	STORE	CAST(INT_ZEXT(INT_ADD(SUBPIECE(PTRSUB(CONST(0x0,3),CONST(0xeeaa,3)),CONST(0x0,4)),INT_ZEXT(MULTIEQUAL(INDIRECT(INDIRECT(INDIRECT(INDIRECT(INDIRECT(INDIRECT(INDIRECT(INDIRECT(INDIRECT(LEAF(00ea18:1:byte),CONST(0xa6,4)),CONST(0x809,4)),CONST(0x89e,4)),CONST(0x8ef,4)),CONST(0x940,4)),CONST(0x991,4)),CONST(0xa75,4)),CONST(0xaab,4)),CONST(0xae1,4)),LEAF(00ea18:1:byte),LEAF(00ea18:1:byte),LEAF(00ea18:1:byte))))))
02802a	FUN_02802a	02c210	LOAD	CAST(INT_ZEXT(INT_ADD(LEAF(register:000e:2:ushort),CONST(0x1,2))))
02802a	FUN_02802a	02c224	STORE	CAST(INT_ZEXT(INT_ADD(LEAF(register:0010:2:ushort),CONST(0x3,2))))
02802a	FUN_02802a	02c228	LOAD	CAST(INT_ZEXT(INT_ADD(LEAF(register:0010:2:ushort),CONST(0x2,2))))
02802a	FUN_02802a	02c236	LOAD	CAST(INT_ZEXT(INT_ADD(LEAF(register:0010:2:ushort),CONST(0x2,2))))
02802a	FUN_02802a	02c23a	STORE	CAST(INT_ZEXT(INT_ADD(LEAF(register:0010:2:ushort),CONST(0x2,2))))
02802a	FUN_02802a	02c244	LOAD	CAST(INT_ZEXT(INT_ADD(LEAF(register:000e:2:ushort),CONST(0x1,2))))
02802a	FUN_02802a	02c260	STORE	CAST(INT_ZEXT(LEAF(register:0010:2:ushort)))
02802a	FUN_02802a	02c264	STORE	CAST(INT_ZEXT(INT_ADD(LEAF(register:0010:2:ushort),CONST(0x1,2))))
02802a	FUN_02802a	02c2ce	LOAD	CAST(INT_ZEXT(INT_ADD(SUBPIECE(PTRSUB(CONST(0x0,3),CONST(0xeeaa,3)),CONST(0x0,4)),INT_AND(MULTIEQUAL(MULTIEQUAL(LEAF(register:000c:2:ushort),LEAF(register:000c:2:ushort)),INT_ZEXT(CAST(INT_ADD(SUBPIECE(LEAF(register:000c:2:ushort),CONST(0x0,2)),CONST(0x1,1)))),INT_ZEXT(CAST(INT_ADD(LEAF(register:000c:1:byte),CONST(0x1,1))))),CONST(0xff,2)))))
02802a	FUN_02802a	02c2e2	LOAD	CAST(INT_ZEXT(INT_ADD(SUBPIECE(PTRSUB(CONST(0x0,3),CONST(0xea1a,3)),CONST(0x0,4)),INT_MULT(INT_ZEXT(LOAD(CONST(0x1f1,4),CAST(INT_ZEXT(INT_ADD(SUBPIECE(PTRSUB(CONST(0x0,3),CONST(0xeeaa,3)),CONST(0x0,4)),INT_AND(MULTIEQUAL(MULTIEQUAL(LEAF(register:000c:2:ushort),LEAF(register:000c:2:ushort)),INT_ZEXT(CAST(INT_ADD(SUBPIECE(LEAF(register:000c:2:ushort),CONST(0x0,2)),CONST(0x1,1)))),INT_ZEXT(CAST(INT_ADD(LEAF(register:000c:1:byte),CONST(0x1,1))))),CONST(0xff,2))))))),CONST(0xc,2)))))
02802a	FUN_02802a	02c2ea	LOAD	CAST(INT_ZEXT(CAST(INT_ADD(SUBPIECE(PTRSUB(CONST(0x0,3),CONST(0xea24,3)),CONST(0x0,4)),INT_MULT(INT_ZEXT(LOAD(CONST(0x1f1,4),CAST(INT_ZEXT(INT_ADD(SUBPIECE(PTRSUB(CONST(0x0,3),CONST(0xeeaa,3)),CONST(0x0,4)),INT_AND(MULTIEQUAL(MULTIEQUAL(LEAF(register:000c:2:ushort),LEAF(register:000c:2:ushort)),INT_ZEXT(CAST(INT_ADD(SUBPIECE(LEAF(register:000c:2:ushort),CONST(0x0,2)),CONST(0x1,1)))),INT_ZEXT(CAST(INT_ADD(LEAF(register:000c:1:byte),CONST(0x1,1))))),CONST(0xff,2))))))),CONST(0xc,2))))))
02802a	FUN_02802a	02c2f6	LOAD	CAST(INT_ZEXT(INT_ADD(SUBPIECE(PTRSUB(CONST(0x0,3),CONST(0xeeaa,3)),CONST(0x0,4)),INT_AND(MULTIEQUAL(MULTIEQUAL(LEAF(register:000c:2:ushort),LEAF(register:000c:2:ushort)),INT_ZEXT(CAST(INT_ADD(SUBPIECE(LEAF(register:000c:2:ushort),CONST(0x0,2)),CONST(0x1,1)))),INT_ZEXT(CAST(INT_ADD(LEAF(register:000c:1:byte),CONST(0x1,1))))),CONST(0xff,2)))))
02802a	FUN_02802a	02c2fe	LOAD	CAST(INT_ZEXT(INT_ADD(SUBPIECE(PTRSUB(CONST(0x0,3),CONST(0xa5cd,3)),CONST(0x0,4)),INT_MULT(INT_ZEXT(LOAD(CONST(0x1f1,4),CAST(INT_ZEXT(INT_ADD(SUBPIECE(PTRSUB(CONST(0x0,3),CONST(0xeeaa,3)),CONST(0x0,4)),INT_AND(MULTIEQUAL(MULTIEQUAL(LEAF(register:000c:2:ushort),LEAF(register:000c:2:ushort)),INT_ZEXT(CAST(INT_ADD(SUBPIECE(LEAF(register:000c:2:ushort),CONST(0x0,2)),CONST(0x1,1)))),INT_ZEXT(CAST(INT_ADD(LEAF(register:000c:1:byte),CONST(0x1,1))))),CONST(0xff,2))))))),CONST(0x10,2)))))
02802a	FUN_02802a	02c304	LOAD	CAST(INT_ZEXT(CAST(INT_ADD(SUBPIECE(PTRSUB(CONST(0x0,3),CONST(0xea24,3)),CONST(0x0,4)),INT_MULT(INT_ZEXT(LOAD(CONST(0x1f1,4),CAST(INT_ZEXT(INT_ADD(SUBPIECE(PTRSUB(CONST(0x0,3),CONST(0xeeaa,3)),CONST(0x0,4)),INT_AND(MULTIEQUAL(MULTIEQUAL(LEAF(register:000c:2:ushort),LEAF(register:000c:2:ushort)),INT_ZEXT(CAST(INT_ADD(SUBPIECE(LEAF(register:000c:2:ushort),CONST(0x0,2)),CONST(0x1,1)))),INT_ZEXT(CAST(INT_ADD(LEAF(register:000c:1:byte),CONST(0x1,1))))),CONST(0xff,2))))))),CONST(0xc,2))))))
02802a	FUN_02802a	02c312	LOAD	CAST(INT_ZEXT(INT_ADD(INT_MULT(INT_ZEXT(LOAD(CONST(0x1f1,4),CAST(INT_ZEXT(INT_ADD(SUBPIECE(PTRSUB(CONST(0x0,3),CONST(0xeeaa,3)),CONST(0x0,4)),INT_AND(MULTIEQUAL(MULTIEQUAL(LEAF(register:000c:2:ushort),LEAF(register:000c:2:ushort)),INT_ZEXT(CAST(INT_ADD(SUBPIECE(LEAF(register:000c:2:ushort),CONST(0x0,2)),CONST(0x1,1)))),INT_ZEXT(CAST(INT_ADD(LEAF(register:000c:1:byte),CONST(0x1,1))))),CONST(0xff,2))))))),CONST(0xc,2)),CONST(0xea1d,2))))
02802a	FUN_02802a	02c316	STORE	CAST(INT_ZEXT(INT_ADD(INT_MULT(INT_ZEXT(LOAD(CONST(0x1f1,4),CAST(INT_ZEXT(INT_ADD(SUBPIECE(PTRSUB(CONST(0x0,3),CONST(0xeeaa,3)),CONST(0x0,4)),INT_AND(MULTIEQUAL(MULTIEQUAL(LEAF(register:000c:2:ushort),LEAF(register:000c:2:ushort)),INT_ZEXT(CAST(INT_ADD(SUBPIECE(LEAF(register:000c:2:ushort),CONST(0x0,2)),CONST(0x1,1)))),INT_ZEXT(CAST(INT_ADD(LEAF(register:000c:1:byte),CONST(0x1,1))))),CONST(0xff,2))))))),CONST(0xc,2)),CONST(0xea1d,2))))
02802a	FUN_02802a	02c31c	LOAD	CAST(INT_ZEXT(CAST(INT_ADD(SUBPIECE(PTRSUB(CONST(0x0,3),CONST(0xea24,3)),CONST(0x0,4)),INT_MULT(INT_ZEXT(LOAD(CONST(0x1f1,4),CAST(INT_ZEXT(INT_ADD(SUBPIECE(PTRSUB(CONST(0x0,3),CONST(0xeeaa,3)),CONST(0x0,4)),INT_AND(MULTIEQUAL(MULTIEQUAL(LEAF(register:000c:2:ushort),LEAF(register:000c:2:ushort)),INT_ZEXT(CAST(INT_ADD(SUBPIECE(LEAF(register:000c:2:ushort),CONST(0x0,2)),CONST(0x1,1)))),INT_ZEXT(CAST(INT_ADD(LEAF(register:000c:1:byte),CONST(0x1,1))))),CONST(0xff,2))))))),CONST(0xc,2))))))
02802a	FUN_02802a	02c328	LOAD	CAST(INT_ZEXT(INT_ADD(SUBPIECE(PTRSUB(CONST(0x0,3),CONST(0xeeaa,3)),CONST(0x0,4)),INT_AND(MULTIEQUAL(MULTIEQUAL(LEAF(register:000c:2:ushort),LEAF(register:000c:2:ushort)),INT_ZEXT(CAST(INT_ADD(SUBPIECE(LEAF(register:000c:2:ushort),CONST(0x0,2)),CONST(0x1,1)))),INT_ZEXT(CAST(INT_ADD(LEAF(register:000c:1:byte),CONST(0x1,1))))),CONST(0xff,2)))))
02802a	FUN_02802a	02c33c	STORE	CAST(INT_ZEXT(INT_ADD(INT_ADD(SUBPIECE(PTRSUB(CONST(0x0,3),CONST(0xea1a,3)),CONST(0x0,4)),INT_MULT(INT_ZEXT(LOAD(CONST(0x1f1,4),CAST(INT_ZEXT(INT_ADD(SUBPIECE(PTRSUB(CONST(0x0,3),CONST(0xeeaa,3)),CONST(0x0,4)),INT_AND(MULTIEQUAL(MULTIEQUAL(LEAF(register:000c:2:ushort),LEAF(register:000c:2:ushort)),INT_ZEXT(CAST(INT_ADD(SUBPIECE(LEAF(register:000c:2:ushort),CONST(0x0,2)),CONST(0x1,1)))),INT_ZEXT(CAST(INT_ADD(LEAF(register:000c:1:byte),CONST(0x1,1))))),CONST(0xff,2))))))),CONST(0xc,2))),INT_ZEXT(MULTIEQUAL(COPY(CONST(0x0,1)),INT_ADD(LEAF(register:000e:1:byte),CONST(0x1,1)))))))
02802a	FUN_02802a	02c34e	LOAD	CAST(INT_ZEXT(INT_ADD(SUBPIECE(PTRSUB(CONST(0x0,3),CONST(0xef0b,3)),CONST(0x0,4)),INT_ZEXT(MULTIEQUAL(INT_ADD(LEAF(unique:100000fa:1:byte),CONST(0x1,1)),COPY(CONST(0x0,1)))))))
02802a	FUN_02802a	02c390	LOAD	CAST(INT_ZEXT(INT_ADD(INT_MULT(INT_ZEXT(LOAD(CONST(0x1f1,4),CAST(INT_ZEXT(INT_ADD(SUBPIECE(PTRSUB(CONST(0x0,3),CONST(0xeeaa,3)),CONST(0x0,4)),INT_AND(MULTIEQUAL(MULTIEQUAL(LEAF(register:000c:2:ushort),LEAF(register:000c:2:ushort)),INT_ZEXT(CAST(INT_ADD(SUBPIECE(LEAF(register:000c:2:ushort),CONST(0x0,2)),CONST(0x1,1)))),INT_ZEXT(CAST(INT_ADD(LEAF(register:000c:1:byte),CONST(0x1,1))))),CONST(0xff,2))))))),CONST(0xc,2)),CONST(0xea1d,2))))
02802a	FUN_02802a	02c398	STORE	CAST(INT_ZEXT(INT_ADD(INT_MULT(INT_ZEXT(LOAD(CONST(0x1f1,4),CAST(INT_ZEXT(INT_ADD(SUBPIECE(PTRSUB(CONST(0x0,3),CONST(0xeeaa,3)),CONST(0x0,4)),INT_AND(MULTIEQUAL(MULTIEQUAL(LEAF(register:000c:2:ushort),LEAF(register:000c:2:ushort)),INT_ZEXT(CAST(INT_ADD(SUBPIECE(LEAF(register:000c:2:ushort),CONST(0x0,2)),CONST(0x1,1)))),INT_ZEXT(CAST(INT_ADD(LEAF(register:000c:1:byte),CONST(0x1,1))))),CONST(0xff,2))))))),CONST(0xc,2)),CONST(0xea1d,2))))
02802a	FUN_02802a	02c53c	STORE	CAST(INT_ZEXT(INT_ADD(INT_ZEXT(INDIRECT(MULTIEQUAL(INDIRECT(INDIRECT(INDIRECT(INDIRECT(INDIRECT(INDIRECT(INDIRECT(INDIRECT(INDIRECT(INDIRECT(LEAF(00fac2:1:byte),CONST(0xce0,4)),CONST(0xd14,4)),CONST(0xd57,4)),CONST(0xd69,4)),CONST(0xdac,4)),CONST(0xdbe,4)),CONST(0xe01,4)),CONST(0xe13,4)),CONST(0xe56,4)),CONST(0xe68,4)),INDIRECT(INDIRECT(LEAF(00fac2:1:byte),CONST(0xa6,4)),CONST(0xb6e,4))),CONST(0xed3,4))),CONST(0xe865,2))))
0280b0	FUN_0280b0	0280b2	STORE	CAST(INT_ZEXT(INT_ADD(LEAF(register:0012:2:short),CONST(0x2e,2))))
0280b0	FUN_0280b0	0280ba	STORE	CAST(INT_ZEXT(INT_ADD(LEAF(register:0012:2:short),CONST(0x2c,2))))
0280b0	FUN_0280b0	0280ca	STORE	CAST(INT_ZEXT(INT_ADD(LEAF(register:0012:2:short),CONST(0x26,2))))
0280b0	FUN_0280b0	0280ce	STORE	CAST(INT_ZEXT(INT_ADD(LEAF(register:0012:2:short),CONST(0x2f,2))))
0280b0	FUN_0280b0	0280d2	STORE	CAST(INT_ZEXT(INT_ADD(LEAF(register:0012:2:short),CONST(0x2d,2))))
0280b0	FUN_0280b0	0280de	STORE	CAST(INT_ZEXT(INT_ADD(LEAF(register:0012:2:short),CONST(0x33,2))))
02826c	FUN_02826c	0282ec	LOAD	CAST(INT_ZEXT(INT_ADD(LEAF(register:0010:2:short),CONST(0x14,2))))
02826c	FUN_02826c	0282f0	LOAD	CAST(INT_ZEXT(INT_ADD(LEAF(register:0010:2:short),CONST(0x18,2))))
02826c	FUN_02826c	02831a	STORE	CAST(INT_ZEXT(INT_ADD(LEAF(register:0010:2:short),CONST(0x18,2))))
02826c	FUN_02826c	02831e	STORE	CAST(INT_ZEXT(INT_ADD(LEAF(register:0010:2:short),CONST(0x10,2))))
02826c	FUN_02826c	028324	STORE	CAST(INT_ZEXT(INT_ADD(LEAF(register:0010:2:short),CONST(0x14,2))))
02826c	FUN_02826c	028328	LOAD	CAST(INT_ZEXT(INT_ADD(LEAF(register:0010:2:short),CONST(0x6,2))))
02826c	FUN_02826c	028332	STORE	CAST(INT_ZEXT(INT_ADD(LEAF(register:0010:2:short),CONST(0x6,2))))
02826c	FUN_02826c	028336	LOAD	CAST(INT_ZEXT(INT_ADD(LEAF(register:0010:2:short),CONST(0x8,2))))
02826c	FUN_02826c	028340	STORE	CAST(INT_ZEXT(INT_ADD(LEAF(register:0010:2:short),CONST(0x8,2))))
02826c	FUN_02826c	028344	LOAD	CAST(INT_ZEXT(INT_ADD(LEAF(register:0010:2:short),CONST(0x20,2))))
02826c	FUN_02826c	02834e	STORE	CAST(INT_ZEXT(INT_ADD(LEAF(register:0010:2:short),CONST(0x20,2))))
02826c	FUN_02826c	028352	LOAD	CAST(INT_ZEXT(INT_ADD(LEAF(register:0010:2:short),CONST(0x1e,2))))
02826c	FUN_02826c	02835c	STORE	CAST(INT_ZEXT(INT_ADD(LEAF(register:0010:2:short),CONST(0x1e,2))))
02826c	FUN_02826c	028364	LOAD	CAST(INT_ZEXT(INT_ADD(LEAF(register:0010:2:short),CONST(0xa,2))))
02826c	FUN_02826c	02c2ce	LOAD	CAST(INT_ZEXT(INT_ADD(SUBPIECE(PTRSUB(CONST(0x0,3),CONST(0xeeaa,3)),CONST(0x0,4)),INT_ZEXT(MULTIEQUAL(MULTIEQUAL(LEAF(register:000c:1:byte),LEAF(register:000c:1:byte)),INT_ADD(LEAF(register:000c:1:byte),CONST(0x1,1)),INT_ADD(LEAF(register:000c:1:byte),CONST(0x1,1)))))))
02826c	FUN_02826c	02c2e2	LOAD	CAST(INT_ZEXT(INT_ADD(SUBPIECE(PTRSUB(CONST(0x0,3),CONST(0xea1a,3)),CONST(0x0,4)),INT_MULT(INT_ZEXT(LOAD(CONST(0x1f1,4),CAST(INT_ZEXT(INT_ADD(SUBPIECE(PTRSUB(CONST(0x0,3),CONST(0xeeaa,3)),CONST(0x0,4)),INT_ZEXT(MULTIEQUAL(MULTIEQUAL(LEAF(register:000c:1:byte),LEAF(register:000c:1:byte)),INT_ADD(LEAF(register:000c:1:byte),CONST(0x1,1)),INT_ADD(LEAF(register:000c:1:byte),CONST(0x1,1))))))))),CONST(0xc,2)))))
02826c	FUN_02826c	02c2ea	LOAD	CAST(INT_ZEXT(CAST(INT_ADD(SUBPIECE(PTRSUB(CONST(0x0,3),CONST(0xea24,3)),CONST(0x0,4)),INT_MULT(INT_ZEXT(LOAD(CONST(0x1f1,4),CAST(INT_ZEXT(INT_ADD(SUBPIECE(PTRSUB(CONST(0x0,3),CONST(0xeeaa,3)),CONST(0x0,4)),INT_ZEXT(MULTIEQUAL(MULTIEQUAL(LEAF(register:000c:1:byte),LEAF(register:000c:1:byte)),INT_ADD(LEAF(register:000c:1:byte),CONST(0x1,1)),INT_ADD(LEAF(register:000c:1:byte),CONST(0x1,1))))))))),CONST(0xc,2))))))
02826c	FUN_02826c	02c2f6	LOAD	CAST(INT_ZEXT(INT_ADD(SUBPIECE(PTRSUB(CONST(0x0,3),CONST(0xeeaa,3)),CONST(0x0,4)),INT_ZEXT(MULTIEQUAL(MULTIEQUAL(LEAF(register:000c:1:byte),LEAF(register:000c:1:byte)),INT_ADD(LEAF(register:000c:1:byte),CONST(0x1,1)),INT_ADD(LEAF(register:000c:1:byte),CONST(0x1,1)))))))
02826c	FUN_02826c	02c2fe	LOAD	CAST(INT_ZEXT(INT_ADD(SUBPIECE(PTRSUB(CONST(0x0,3),CONST(0xa5cd,3)),CONST(0x0,4)),INT_MULT(INT_ZEXT(LOAD(CONST(0x1f1,4),CAST(INT_ZEXT(INT_ADD(SUBPIECE(PTRSUB(CONST(0x0,3),CONST(0xeeaa,3)),CONST(0x0,4)),INT_ZEXT(MULTIEQUAL(MULTIEQUAL(LEAF(register:000c:1:byte),LEAF(register:000c:1:byte)),INT_ADD(LEAF(register:000c:1:byte),CONST(0x1,1)),INT_ADD(LEAF(register:000c:1:byte),CONST(0x1,1))))))))),CONST(0x10,2)))))
02826c	FUN_02826c	02c304	LOAD	CAST(INT_ZEXT(CAST(INT_ADD(SUBPIECE(PTRSUB(CONST(0x0,3),CONST(0xea24,3)),CONST(0x0,4)),INT_MULT(INT_ZEXT(LOAD(CONST(0x1f1,4),CAST(INT_ZEXT(INT_ADD(SUBPIECE(PTRSUB(CONST(0x0,3),CONST(0xeeaa,3)),CONST(0x0,4)),INT_ZEXT(MULTIEQUAL(MULTIEQUAL(LEAF(register:000c:1:byte),LEAF(register:000c:1:byte)),INT_ADD(LEAF(register:000c:1:byte),CONST(0x1,1)),INT_ADD(LEAF(register:000c:1:byte),CONST(0x1,1))))))))),CONST(0xc,2))))))
02826c	FUN_02826c	02c312	LOAD	CAST(INT_ZEXT(INT_ADD(INT_MULT(INT_ZEXT(LOAD(CONST(0x1f1,4),CAST(INT_ZEXT(INT_ADD(SUBPIECE(PTRSUB(CONST(0x0,3),CONST(0xeeaa,3)),CONST(0x0,4)),INT_ZEXT(MULTIEQUAL(MULTIEQUAL(LEAF(register:000c:1:byte),LEAF(register:000c:1:byte)),INT_ADD(LEAF(register:000c:1:byte),CONST(0x1,1)),INT_ADD(LEAF(register:000c:1:byte),CONST(0x1,1))))))))),CONST(0xc,2)),CONST(0xea1d,2))))
02826c	FUN_02826c	02c316	STORE	CAST(INT_ZEXT(INT_ADD(INT_MULT(INT_ZEXT(LOAD(CONST(0x1f1,4),CAST(INT_ZEXT(INT_ADD(SUBPIECE(PTRSUB(CONST(0x0,3),CONST(0xeeaa,3)),CONST(0x0,4)),INT_ZEXT(MULTIEQUAL(MULTIEQUAL(LEAF(register:000c:1:byte),LEAF(register:000c:1:byte)),INT_ADD(LEAF(register:000c:1:byte),CONST(0x1,1)),INT_ADD(LEAF(register:000c:1:byte),CONST(0x1,1))))))))),CONST(0xc,2)),CONST(0xea1d,2))))
02826c	FUN_02826c	02c31c	LOAD	CAST(INT_ZEXT(CAST(INT_ADD(SUBPIECE(PTRSUB(CONST(0x0,3),CONST(0xea24,3)),CONST(0x0,4)),INT_MULT(INT_ZEXT(LOAD(CONST(0x1f1,4),CAST(INT_ZEXT(INT_ADD(SUBPIECE(PTRSUB(CONST(0x0,3),CONST(0xeeaa,3)),CONST(0x0,4)),INT_ZEXT(MULTIEQUAL(MULTIEQUAL(LEAF(register:000c:1:byte),LEAF(register:000c:1:byte)),INT_ADD(LEAF(register:000c:1:byte),CONST(0x1,1)),INT_ADD(LEAF(register:000c:1:byte),CONST(0x1,1))))))))),CONST(0xc,2))))))
02826c	FUN_02826c	02c328	LOAD	CAST(INT_ZEXT(INT_ADD(SUBPIECE(PTRSUB(CONST(0x0,3),CONST(0xeeaa,3)),CONST(0x0,4)),INT_ZEXT(MULTIEQUAL(MULTIEQUAL(LEAF(register:000c:1:byte),LEAF(register:000c:1:byte)),INT_ADD(LEAF(register:000c:1:byte),CONST(0x1,1)),INT_ADD(LEAF(register:000c:1:byte),CONST(0x1,1)))))))
02826c	FUN_02826c	02c33c	STORE	CAST(INT_ZEXT(INT_ADD(INT_ADD(SUBPIECE(PTRSUB(CONST(0x0,3),CONST(0xea1a,3)),CONST(0x0,4)),INT_MULT(INT_ZEXT(LOAD(CONST(0x1f1,4),CAST(INT_ZEXT(INT_ADD(SUBPIECE(PTRSUB(CONST(0x0,3),CONST(0xeeaa,3)),CONST(0x0,4)),INT_ZEXT(MULTIEQUAL(MULTIEQUAL(LEAF(register:000c:1:byte),LEAF(register:000c:1:byte)),INT_ADD(LEAF(register:000c:1:byte),CONST(0x1,1)),INT_ADD(LEAF(register:000c:1:byte),CONST(0x1,1))))))))),CONST(0xc,2))),INT_ZEXT(MULTIEQUAL(COPY(CONST(0x0,1)),INT_ADD(LEAF(register:000e:1:byte),CONST(0x1,1)))))))
02826c	FUN_02826c	02c34e	LOAD	CAST(INT_ZEXT(INT_ADD(SUBPIECE(PTRSUB(CONST(0x0,3),CONST(0xef0b,3)),CONST(0x0,4)),INT_ZEXT(MULTIEQUAL(INT_ADD(LEAF(unique:10000079:1:byte),CONST(0x1,1)),COPY(CONST(0x0,1)))))))
02826c	FUN_02826c	02c390	LOAD	CAST(INT_ZEXT(INT_ADD(INT_MULT(INT_ZEXT(LOAD(CONST(0x1f1,4),CAST(INT_ZEXT(INT_ADD(SUBPIECE(PTRSUB(CONST(0x0,3),CONST(0xeeaa,3)),CONST(0x0,4)),INT_ZEXT(MULTIEQUAL(MULTIEQUAL(LEAF(register:000c:1:byte),LEAF(register:000c:1:byte)),INT_ADD(LEAF(register:000c:1:byte),CONST(0x1,1)),INT_ADD(LEAF(register:000c:1:byte),CONST(0x1,1))))))))),CONST(0xc,2)),CONST(0xea1d,2))))
02826c	FUN_02826c	02c398	STORE	CAST(INT_ZEXT(INT_ADD(INT_MULT(INT_ZEXT(LOAD(CONST(0x1f1,4),CAST(INT_ZEXT(INT_ADD(SUBPIECE(PTRSUB(CONST(0x0,3),CONST(0xeeaa,3)),CONST(0x0,4)),INT_ZEXT(MULTIEQUAL(MULTIEQUAL(LEAF(register:000c:1:byte),LEAF(register:000c:1:byte)),INT_ADD(LEAF(register:000c:1:byte),CONST(0x1,1)),INT_ADD(LEAF(register:000c:1:byte),CONST(0x1,1))))))))),CONST(0xc,2)),CONST(0xea1d,2))))
02826c	FUN_02826c	02c53c	STORE	CAST(INT_ZEXT(INT_ADD(INT_ZEXT(INDIRECT(MULTIEQUAL(INDIRECT(INDIRECT(INDIRECT(INDIRECT(INDIRECT(INDIRECT(INDIRECT(INDIRECT(INDIRECT(INDIRECT(LEAF(00fac2:1:byte),CONST(0x1b3,4)),CONST(0x1e7,4)),CONST(0x22a,4)),CONST(0x23c,4)),CONST(0x27f,4)),CONST(0x291,4)),CONST(0x2d4,4)),CONST(0x2e6,4)),CONST(0x329,4)),CONST(0x33b,4)),INDIRECT(LEAF(00fac2:1:byte),CONST(0x41,4))),CONST(0x3a6,4))),CONST(0xe865,2))))
028278	FUN_028278	0282ec	LOAD	CAST(INT_ZEXT(INT_ADD(LEAF(register:0010:2:short),CONST(0x14,2))))
028278	FUN_028278	0282f0	LOAD	CAST(INT_ZEXT(INT_ADD(LEAF(register:0010:2:short),CONST(0x18,2))))
028278	FUN_028278	02831a	STORE	CAST(INT_ZEXT(INT_ADD(LEAF(register:0010:2:short),CONST(0x18,2))))
028278	FUN_028278	02831e	STORE	CAST(INT_ZEXT(INT_ADD(LEAF(register:0010:2:short),CONST(0x10,2))))
028278	FUN_028278	028324	STORE	CAST(INT_ZEXT(INT_ADD(LEAF(register:0010:2:short),CONST(0x14,2))))
028278	FUN_028278	028328	LOAD	CAST(INT_ZEXT(INT_ADD(LEAF(register:0010:2:short),CONST(0x6,2))))
028278	FUN_028278	028332	STORE	CAST(INT_ZEXT(INT_ADD(LEAF(register:0010:2:short),CONST(0x6,2))))
028278	FUN_028278	028336	LOAD	CAST(INT_ZEXT(INT_ADD(LEAF(register:0010:2:short),CONST(0x8,2))))
028278	FUN_028278	028340	STORE	CAST(INT_ZEXT(INT_ADD(LEAF(register:0010:2:short),CONST(0x8,2))))
028278	FUN_028278	028344	LOAD	CAST(INT_ZEXT(INT_ADD(LEAF(register:0010:2:short),CONST(0x20,2))))
028278	FUN_028278	02834e	STORE	CAST(INT_ZEXT(INT_ADD(LEAF(register:0010:2:short),CONST(0x20,2))))
028278	FUN_028278	028352	LOAD	CAST(INT_ZEXT(INT_ADD(LEAF(register:0010:2:short),CONST(0x1e,2))))
028278	FUN_028278	02835c	STORE	CAST(INT_ZEXT(INT_ADD(LEAF(register:0010:2:short),CONST(0x1e,2))))
028278	FUN_028278	028364	LOAD	CAST(INT_ZEXT(INT_ADD(LEAF(register:0010:2:short),CONST(0xa,2))))
028278	FUN_028278	02c2ce	LOAD	CAST(INT_ZEXT(INT_ADD(SUBPIECE(PTRSUB(CONST(0x0,3),CONST(0xeeaa,3)),CONST(0x0,4)),INT_ZEXT(MULTIEQUAL(MULTIEQUAL(LEAF(register:000c:1:byte),LEAF(register:000c:1:byte)),INT_ADD(LEAF(register:000c:1:byte),CONST(0x1,1)),INT_ADD(LEAF(register:000c:1:byte),CONST(0x1,1)))))))
028278	FUN_028278	02c2e2	LOAD	CAST(INT_ZEXT(INT_ADD(SUBPIECE(PTRSUB(CONST(0x0,3),CONST(0xea1a,3)),CONST(0x0,4)),INT_MULT(INT_ZEXT(LOAD(CONST(0x1f1,4),CAST(INT_ZEXT(INT_ADD(SUBPIECE(PTRSUB(CONST(0x0,3),CONST(0xeeaa,3)),CONST(0x0,4)),INT_ZEXT(MULTIEQUAL(MULTIEQUAL(LEAF(register:000c:1:byte),LEAF(register:000c:1:byte)),INT_ADD(LEAF(register:000c:1:byte),CONST(0x1,1)),INT_ADD(LEAF(register:000c:1:byte),CONST(0x1,1))))))))),CONST(0xc,2)))))
028278	FUN_028278	02c2ea	LOAD	CAST(INT_ZEXT(CAST(INT_ADD(SUBPIECE(PTRSUB(CONST(0x0,3),CONST(0xea24,3)),CONST(0x0,4)),INT_MULT(INT_ZEXT(LOAD(CONST(0x1f1,4),CAST(INT_ZEXT(INT_ADD(SUBPIECE(PTRSUB(CONST(0x0,3),CONST(0xeeaa,3)),CONST(0x0,4)),INT_ZEXT(MULTIEQUAL(MULTIEQUAL(LEAF(register:000c:1:byte),LEAF(register:000c:1:byte)),INT_ADD(LEAF(register:000c:1:byte),CONST(0x1,1)),INT_ADD(LEAF(register:000c:1:byte),CONST(0x1,1))))))))),CONST(0xc,2))))))
028278	FUN_028278	02c2f6	LOAD	CAST(INT_ZEXT(INT_ADD(SUBPIECE(PTRSUB(CONST(0x0,3),CONST(0xeeaa,3)),CONST(0x0,4)),INT_ZEXT(MULTIEQUAL(MULTIEQUAL(LEAF(register:000c:1:byte),LEAF(register:000c:1:byte)),INT_ADD(LEAF(register:000c:1:byte),CONST(0x1,1)),INT_ADD(LEAF(register:000c:1:byte),CONST(0x1,1)))))))
028278	FUN_028278	02c2fe	LOAD	CAST(INT_ZEXT(INT_ADD(SUBPIECE(PTRSUB(CONST(0x0,3),CONST(0xa5cd,3)),CONST(0x0,4)),INT_MULT(INT_ZEXT(LOAD(CONST(0x1f1,4),CAST(INT_ZEXT(INT_ADD(SUBPIECE(PTRSUB(CONST(0x0,3),CONST(0xeeaa,3)),CONST(0x0,4)),INT_ZEXT(MULTIEQUAL(MULTIEQUAL(LEAF(register:000c:1:byte),LEAF(register:000c:1:byte)),INT_ADD(LEAF(register:000c:1:byte),CONST(0x1,1)),INT_ADD(LEAF(register:000c:1:byte),CONST(0x1,1))))))))),CONST(0x10,2)))))
028278	FUN_028278	02c304	LOAD	CAST(INT_ZEXT(CAST(INT_ADD(SUBPIECE(PTRSUB(CONST(0x0,3),CONST(0xea24,3)),CONST(0x0,4)),INT_MULT(INT_ZEXT(LOAD(CONST(0x1f1,4),CAST(INT_ZEXT(INT_ADD(SUBPIECE(PTRSUB(CONST(0x0,3),CONST(0xeeaa,3)),CONST(0x0,4)),INT_ZEXT(MULTIEQUAL(MULTIEQUAL(LEAF(register:000c:1:byte),LEAF(register:000c:1:byte)),INT_ADD(LEAF(register:000c:1:byte),CONST(0x1,1)),INT_ADD(LEAF(register:000c:1:byte),CONST(0x1,1))))))))),CONST(0xc,2))))))
028278	FUN_028278	02c312	LOAD	CAST(INT_ZEXT(INT_ADD(INT_MULT(INT_ZEXT(LOAD(CONST(0x1f1,4),CAST(INT_ZEXT(INT_ADD(SUBPIECE(PTRSUB(CONST(0x0,3),CONST(0xeeaa,3)),CONST(0x0,4)),INT_ZEXT(MULTIEQUAL(MULTIEQUAL(LEAF(register:000c:1:byte),LEAF(register:000c:1:byte)),INT_ADD(LEAF(register:000c:1:byte),CONST(0x1,1)),INT_ADD(LEAF(register:000c:1:byte),CONST(0x1,1))))))))),CONST(0xc,2)),CONST(0xea1d,2))))
028278	FUN_028278	02c316	STORE	CAST(INT_ZEXT(INT_ADD(INT_MULT(INT_ZEXT(LOAD(CONST(0x1f1,4),CAST(INT_ZEXT(INT_ADD(SUBPIECE(PTRSUB(CONST(0x0,3),CONST(0xeeaa,3)),CONST(0x0,4)),INT_ZEXT(MULTIEQUAL(MULTIEQUAL(LEAF(register:000c:1:byte),LEAF(register:000c:1:byte)),INT_ADD(LEAF(register:000c:1:byte),CONST(0x1,1)),INT_ADD(LEAF(register:000c:1:byte),CONST(0x1,1))))))))),CONST(0xc,2)),CONST(0xea1d,2))))
028278	FUN_028278	02c31c	LOAD	CAST(INT_ZEXT(CAST(INT_ADD(SUBPIECE(PTRSUB(CONST(0x0,3),CONST(0xea24,3)),CONST(0x0,4)),INT_MULT(INT_ZEXT(LOAD(CONST(0x1f1,4),CAST(INT_ZEXT(INT_ADD(SUBPIECE(PTRSUB(CONST(0x0,3),CONST(0xeeaa,3)),CONST(0x0,4)),INT_ZEXT(MULTIEQUAL(MULTIEQUAL(LEAF(register:000c:1:byte),LEAF(register:000c:1:byte)),INT_ADD(LEAF(register:000c:1:byte),CONST(0x1,1)),INT_ADD(LEAF(register:000c:1:byte),CONST(0x1,1))))))))),CONST(0xc,2))))))
028278	FUN_028278	02c328	LOAD	CAST(INT_ZEXT(INT_ADD(SUBPIECE(PTRSUB(CONST(0x0,3),CONST(0xeeaa,3)),CONST(0x0,4)),INT_ZEXT(MULTIEQUAL(MULTIEQUAL(LEAF(register:000c:1:byte),LEAF(register:000c:1:byte)),INT_ADD(LEAF(register:000c:1:byte),CONST(0x1,1)),INT_ADD(LEAF(register:000c:1:byte),CONST(0x1,1)))))))
028278	FUN_028278	02c33c	STORE	CAST(INT_ZEXT(INT_ADD(INT_ADD(SUBPIECE(PTRSUB(CONST(0x0,3),CONST(0xea1a,3)),CONST(0x0,4)),INT_MULT(INT_ZEXT(LOAD(CONST(0x1f1,4),CAST(INT_ZEXT(INT_ADD(SUBPIECE(PTRSUB(CONST(0x0,3),CONST(0xeeaa,3)),CONST(0x0,4)),INT_ZEXT(MULTIEQUAL(MULTIEQUAL(LEAF(register:000c:1:byte),LEAF(register:000c:1:byte)),INT_ADD(LEAF(register:000c:1:byte),CONST(0x1,1)),INT_ADD(LEAF(register:000c:1:byte),CONST(0x1,1))))))))),CONST(0xc,2))),INT_ZEXT(MULTIEQUAL(COPY(CONST(0x0,1)),INT_ADD(LEAF(register:000e:1:byte),CONST(0x1,1)))))))
028278	FUN_028278	02c34e	LOAD	CAST(INT_ZEXT(INT_ADD(SUBPIECE(PTRSUB(CONST(0x0,3),CONST(0xef0b,3)),CONST(0x0,4)),INT_ZEXT(MULTIEQUAL(INT_ADD(LEAF(unique:10000079:1:byte),CONST(0x1,1)),COPY(CONST(0x0,1)))))))
028278	FUN_028278	02c390	LOAD	CAST(INT_ZEXT(INT_ADD(INT_MULT(INT_ZEXT(LOAD(CONST(0x1f1,4),CAST(INT_ZEXT(INT_ADD(SUBPIECE(PTRSUB(CONST(0x0,3),CONST(0xeeaa,3)),CONST(0x0,4)),INT_ZEXT(MULTIEQUAL(MULTIEQUAL(LEAF(register:000c:1:byte),LEAF(register:000c:1:byte)),INT_ADD(LEAF(register:000c:1:byte),CONST(0x1,1)),INT_ADD(LEAF(register:000c:1:byte),CONST(0x1,1))))))))),CONST(0xc,2)),CONST(0xea1d,2))))
028278	FUN_028278	02c398	STORE	CAST(INT_ZEXT(INT_ADD(INT_MULT(INT_ZEXT(LOAD(CONST(0x1f1,4),CAST(INT_ZEXT(INT_ADD(SUBPIECE(PTRSUB(CONST(0x0,3),CONST(0xeeaa,3)),CONST(0x0,4)),INT_ZEXT(MULTIEQUAL(MULTIEQUAL(LEAF(register:000c:1:byte),LEAF(register:000c:1:byte)),INT_ADD(LEAF(register:000c:1:byte),CONST(0x1,1)),INT_ADD(LEAF(register:000c:1:byte),CONST(0x1,1))))))))),CONST(0xc,2)),CONST(0xea1d,2))))
028278	FUN_028278	02c53c	STORE	CAST(INT_ZEXT(INT_ADD(INT_ZEXT(INDIRECT(MULTIEQUAL(INDIRECT(INDIRECT(INDIRECT(INDIRECT(INDIRECT(INDIRECT(INDIRECT(INDIRECT(INDIRECT(INDIRECT(LEAF(00fac2:1:byte),CONST(0x1e6,4)),CONST(0x21a,4)),CONST(0x25d,4)),CONST(0x26f,4)),CONST(0x2b2,4)),CONST(0x2c4,4)),CONST(0x307,4)),CONST(0x319,4)),CONST(0x35c,4)),CONST(0x36e,4)),INDIRECT(LEAF(00fac2:1:byte),CONST(0x74,4))),CONST(0x3d9,4))),CONST(0xe865,2))))
0283b4	FUN_0283b4	02c53c	STORE	CAST(INT_ZEXT(INT_ADD(INT_ZEXT(MULTIEQUAL(LEAF(00fac2:1:byte),INDIRECT(LEAF(00fac2:1:byte),CONST(0x3be,4)))),CONST(0xe865,2))))
02891e	FUN_02891e	02891e	STORE	CAST(INT_ZEXT(INT_ADD(LEAF(register:0010:2:short),CONST(0xc,2))))
02891e	FUN_02891e	028948	STORE	CAST(INT_ZEXT(INT_ADD(LEAF(register:0010:2:short),CONST(0xe,2))))
02896e	FUN_02896e	02899c	STORE	CAST(INT_ZEXT(INT_ADD(LEAF(register:0010:2:short),CONST(0x12,2))))
02896e	FUN_02896e	0289a8	LOAD	CAST(INT_ZEXT(INT_ADD(LEAF(register:0010:2:short),CONST(0x12,2))))
02896e	FUN_02896e	0289b8	STORE	CAST(INT_ZEXT(INT_ADD(LEAF(register:0010:2:short),CONST(0x12,2))))
02896e	FUN_02896e	0289d0	STORE	CAST(INT_ZEXT(INT_ADD(LEAF(register:0010:2:short),CONST(0x12,2))))
02896e	FUN_02896e	0289dc	LOAD	CAST(INT_ZEXT(INT_ADD(LEAF(register:0010:2:short),CONST(0x12,2))))
02896e	FUN_02896e	0289ec	STORE	CAST(INT_ZEXT(INT_ADD(LEAF(register:0010:2:short),CONST(0x12,2))))
02896e	FUN_02896e	0289f0	LOAD	CAST(INT_ZEXT(INT_ADD(LEAF(register:0010:2:short),CONST(0x12,2))))
02896e	FUN_02896e	0289f6	STORE	CAST(INT_ZEXT(INT_ADD(LEAF(register:0010:2:short),CONST(0x12,2))))
02896e	FUN_02896e	028a04	LOAD	CAST(INT_ZEXT(INT_ADD(LEAF(register:0010:2:short),CONST(0x12,2))))
02896e	FUN_02896e	028a1c	STORE	CAST(INT_ZEXT(INT_ADD(LEAF(register:0010:2:short),CONST(0x12,2))))
028988	FUN_028988	02899c	STORE	CAST(INT_ZEXT(INT_ADD(LEAF(register:0010:2:short),CONST(0x12,2))))
028988	FUN_028988	0289a8	LOAD	CAST(INT_ZEXT(INT_ADD(LEAF(register:0010:2:short),CONST(0x12,2))))
028988	FUN_028988	0289b8	STORE	CAST(INT_ZEXT(INT_ADD(LEAF(register:0010:2:short),CONST(0x12,2))))
028988	FUN_028988	0289d0	STORE	CAST(INT_ZEXT(INT_ADD(LEAF(register:0010:2:short),CONST(0x12,2))))
028988	FUN_028988	0289dc	LOAD	CAST(INT_ZEXT(INT_ADD(LEAF(register:0010:2:short),CONST(0x12,2))))
028988	FUN_028988	0289ec	STORE	CAST(INT_ZEXT(INT_ADD(LEAF(register:0010:2:short),CONST(0x12,2))))
028988	FUN_028988	0289f0	LOAD	CAST(INT_ZEXT(INT_ADD(LEAF(register:0010:2:short),CONST(0x12,2))))
028988	FUN_028988	0289f6	STORE	CAST(INT_ZEXT(INT_ADD(LEAF(register:0010:2:short),CONST(0x12,2))))
028988	FUN_028988	028a04	LOAD	CAST(INT_ZEXT(INT_ADD(LEAF(register:0010:2:short),CONST(0x12,2))))
028988	FUN_028988	028a1c	STORE	CAST(INT_ZEXT(INT_ADD(LEAF(register:0010:2:short),CONST(0x12,2))))
02898e	FUN_02898e	02899c	STORE	CAST(INT_ZEXT(INT_ADD(LEAF(register:0010:2:short),CONST(0x12,2))))
02898e	FUN_02898e	0289a8	LOAD	CAST(INT_ZEXT(INT_ADD(LEAF(register:0010:2:short),CONST(0x12,2))))
02898e	FUN_02898e	0289b8	STORE	CAST(INT_ZEXT(INT_ADD(LEAF(register:0010:2:short),CONST(0x12,2))))
02898e	FUN_02898e	0289d0	STORE	CAST(INT_ZEXT(INT_ADD(LEAF(register:0010:2:short),CONST(0x12,2))))
02898e	FUN_02898e	0289dc	LOAD	CAST(INT_ZEXT(INT_ADD(LEAF(register:0010:2:short),CONST(0x12,2))))
02898e	FUN_02898e	0289ec	STORE	CAST(INT_ZEXT(INT_ADD(LEAF(register:0010:2:short),CONST(0x12,2))))
02898e	FUN_02898e	0289f0	LOAD	CAST(INT_ZEXT(INT_ADD(LEAF(register:0010:2:short),CONST(0x12,2))))
02898e	FUN_02898e	0289f6	STORE	CAST(INT_ZEXT(INT_ADD(LEAF(register:0010:2:short),CONST(0x12,2))))
02898e	FUN_02898e	028a04	LOAD	CAST(INT_ZEXT(INT_ADD(LEAF(register:0010:2:short),CONST(0x12,2))))
02898e	FUN_02898e	028a1c	STORE	CAST(INT_ZEXT(INT_ADD(LEAF(register:0010:2:short),CONST(0x12,2))))
0289cc	FUN_0289cc	0289d0	STORE	CAST(INT_ZEXT(INT_ADD(LEAF(register:0010:2:short),CONST(0x12,2))))
0289cc	FUN_0289cc	0289dc	LOAD	CAST(INT_ZEXT(INT_ADD(LEAF(register:0010:2:short),CONST(0x12,2))))
0289cc	FUN_0289cc	0289ec	STORE	CAST(INT_ZEXT(INT_ADD(LEAF(register:0010:2:short),CONST(0x12,2))))
0289cc	FUN_0289cc	0289f0	LOAD	CAST(INT_ZEXT(INT_ADD(LEAF(register:0010:2:short),CONST(0x12,2))))
0289cc	FUN_0289cc	0289f6	STORE	CAST(INT_ZEXT(INT_ADD(LEAF(register:0010:2:short),CONST(0x12,2))))
0289cc	FUN_0289cc	028a04	LOAD	CAST(INT_ZEXT(INT_ADD(LEAF(register:0010:2:short),CONST(0x12,2))))
0289cc	FUN_0289cc	028a1c	STORE	CAST(INT_ZEXT(INT_ADD(LEAF(register:0010:2:short),CONST(0x12,2))))
028b0c	FUN_028b0c	028b0e	LOAD	CAST(INT_ZEXT(INT_ADD(LEAF(register:0018:2:short),CONST(0x6,2))))
028b0c	FUN_028b0c	028b14	LOAD	CAST(INT_ZEXT(INT_ADD(LEAF(register:0018:2:short),CONST(0x8,2))))
028b0c	FUN_028b0c	028b1c	STORE	CAST(INT_ZEXT(INT_ADD(LEAF(register:0018:2:short),CONST(0x20,2))))
028b0c	FUN_028b0c	028b20	LOAD	CAST(INT_ZEXT(INT_ADD(LEAF(register:0018:2:short),CONST(0x6,2))))
028b0c	FUN_028b0c	028b24	STORE	CAST(INT_ZEXT(INT_ADD(LEAF(register:0018:2:short),CONST(0x8,2))))
028b0c	FUN_028b0c	028b36	LOAD	CAST(INT_ZEXT(INT_ADD(LEAF(register:0018:2:short),CONST(0x21,2))))
028b0c	FUN_028b0c	028b3c	LOAD	CAST(INT_ZEXT(INT_ADD(LEAF(register:0018:2:short),CONST(0x1f,2))))
028b0c	FUN_028b0c	028b52	LOAD	CAST(INT_ZEXT(INT_ADD(LEAF(register:0018:2:short),CONST(0x20,2))))
028b0c	FUN_028b0c	028b56	STORE	CAST(INT_ZEXT(INT_ADD(LEAF(register:0018:2:short),CONST(0x1e,2))))
028b0c	FUN_028b0c	028b5e	STORE	CAST(INT_ZEXT(INT_ADD(LEAF(register:0018:2:short),CONST(0x22,2))))
028b0c	FUN_028b0c	028b66	STORE	CAST(INT_ZEXT(INT_ADD(LEAF(register:0018:2:short),CONST(0x24,2))))
028be8	FUN_028be8	028bf0	STORE	CAST(INT_ZEXT(LEAF(register:0012:2:ushort)))
028c4a	FUN_028c4a	028c4c	STORE	CAST(INT_ZEXT(LEAF(register:0008:2:ushort)))
028c4a	FUN_028c4a	028c52	LOAD	CAST(INT_ZEXT(LEAF(register:0012:2:ushort)))
028c4a	FUN_028c4a	028c5e	LOAD	CAST(INT_ZEXT(LEAF(register:0012:2:ushort)))
028c4a	FUN_028c4a	028c62	STORE	CAST(INT_ZEXT(LEAF(register:0012:2:ushort)))
028c4a	FUN_028c4a	028c98	STORE	CAST(INT_ZEXT(INT_ADD(LEAF(register:0012:2:ushort),CONST(0x28,2))))
028c4a	FUN_028c4a	028ca0	STORE	CAST(INT_ZEXT(INT_ADD(LEAF(register:0012:2:ushort),CONST(0x26,2))))
028c4a	FUN_028c4a	028ca4	STORE	CAST(INT_ZEXT(INT_ADD(LEAF(register:0012:2:ushort),CONST(0x2e,2))))
028c4a	FUN_028c4a	028ca8	STORE	CAST(INT_ZEXT(INT_ADD(LEAF(register:0012:2:ushort),CONST(0x2f,2))))
028c4a	FUN_028c4a	028cac	STORE	CAST(INT_ZEXT(INT_ADD(LEAF(register:0012:2:ushort),CONST(0x2d,2))))
028c4a	FUN_028c4a	028cb0	STORE	CAST(INT_ZEXT(INT_ADD(LEAF(register:0012:2:ushort),CONST(0x2c,2))))
028c4a	FUN_028c4a	028cb8	STORE	CAST(INT_ZEXT(INT_ADD(LEAF(register:0012:2:ushort),CONST(0x33,2))))
028d6c	FUN_028d6c	028dac	LOAD	CAST(INT_ZEXT(INT_ADD(LEAF(register:0012:2:short),CONST(0x3f,2))))
028d6c	FUN_028d6c	028db2	STORE	CAST(INT_ZEXT(INT_ADD(LEAF(register:0012:2:short),CONST(0x3f,2))))
028d6c	FUN_028d6c	028df4	LOAD	CAST(INT_ZEXT(INT_ADD(LEAF(register:0012:2:short),CONST(0x3f,2))))
028d6c	FUN_028d6c	028dfa	STORE	CAST(INT_ZEXT(INT_ADD(LEAF(register:0012:2:short),CONST(0x3f,2))))
028e3a	FUN_028e3a	028f08	LOAD	CAST(INT_ZEXT(INT_ADD(LEAF(register:0018:2:short),CONST(0x6,2))))
028e3a	FUN_028e3a	028f10	LOAD	CAST(INT_ZEXT(INT_ADD(LEAF(register:0018:2:short),CONST(0x18,2))))
028e3a	FUN_028e3a	028f34	LOAD	CAST(INT_ZEXT(INT_ADD(LEAF(register:0018:2:short),CONST(0x14,2))))
028e3a	FUN_028e3a	028f82	LOAD	CAST(INT_ZEXT(INT_ADD(LEAF(register:0018:2:short),CONST(0x98,2))))
028e3a	FUN_028e3a	028f86	STORE	CAST(INT_ZEXT(INT_ADD(LEAF(register:0018:2:short),CONST(0x98,2))))
028e3a	FUN_028e3a	028f96	LOAD	CAST(INT_ZEXT(INT_ADD(LEAF(register:0018:2:short),CONST(0x9a,2))))
028e3a	FUN_028e3a	028f9a	STORE	CAST(INT_ZEXT(INT_ADD(LEAF(register:0018:2:short),CONST(0x9a,2))))
028e3a	FUN_028e3a	028fae	LOAD	CAST(INT_ZEXT(INT_ADD(LEAF(register:0018:2:short),CONST(0x98,2))))
028e3a	FUN_028e3a	028fb8	LOAD	CAST(INT_ZEXT(INT_ADD(LEAF(register:0018:2:short),CONST(0x9a,2))))
028e3a	FUN_028e3a	02d026	LOAD	CAST(INT_ZEXT(INT_ADD(MULTIEQUAL(LEAF(register:0012:2:ushort),INT_ADD(MULTIEQUAL(CALL(LEAF(03609a:8:?),CALL(LEAF(03609a:8:?),INT_ADD(LOAD(CONST(0x1f1,4),CAST(INT_ZEXT(INT_ADD(LEAF(register:0018:2:short),CONST(0x6,2))))),CONST(0x8000,2)),INT_ADD(LOAD(CONST(0x1f1,4),CAST(INT_ZEXT(INT_ADD(LEAF(register:0018:2:short),CONST(0x18,2))))),CONST(0x8000,2))),LOAD(CONST(0x1f1,4),CAST(INT_ZEXT(INT_ADD(LEAF(register:0018:2:short),CONST(0x14,2)))))),LEAF(register:0008:2:short),LEAF(register:0008:2:short)),CONST(0x8000,2))),CONST(0x3d,2))))
028e3a	FUN_028e3a	02d080	LOAD	CAST(INT_ZEXT(INT_ADD(MULTIEQUAL(LEAF(register:0012:2:ushort),INT_ADD(MULTIEQUAL(CALL(LEAF(03609a:8:?),CALL(LEAF(03609a:8:?),INT_ADD(LOAD(CONST(0x1f1,4),CAST(INT_ZEXT(INT_ADD(LEAF(register:0018:2:short),CONST(0x6,2))))),CONST(0x8000,2)),INT_ADD(LOAD(CONST(0x1f1,4),CAST(INT_ZEXT(INT_ADD(LEAF(register:0018:2:short),CONST(0x18,2))))),CONST(0x8000,2))),LOAD(CONST(0x1f1,4),CAST(INT_ZEXT(INT_ADD(LEAF(register:0018:2:short),CONST(0x14,2)))))),LEAF(register:0008:2:short),LEAF(register:0008:2:short)),CONST(0x8000,2))),CONST(0x3c,2))))
028e3a	FUN_028e3a	02d09c	LOAD	CAST(INT_ZEXT(INT_ADD(MULTIEQUAL(LEAF(register:0012:2:ushort),INT_ADD(MULTIEQUAL(CALL(LEAF(03609a:8:?),CALL(LEAF(03609a:8:?),INT_ADD(LOAD(CONST(0x1f1,4),CAST(INT_ZEXT(INT_ADD(LEAF(register:0018:2:short),CONST(0x6,2))))),CONST(0x8000,2)),INT_ADD(LOAD(CONST(0x1f1,4),CAST(INT_ZEXT(INT_ADD(LEAF(register:0018:2:short),CONST(0x18,2))))),CONST(0x8000,2))),LOAD(CONST(0x1f1,4),CAST(INT_ZEXT(INT_ADD(LEAF(register:0018:2:short),CONST(0x14,2)))))),LEAF(register:0008:2:short),LEAF(register:0008:2:short)),CONST(0x8000,2))),CONST(0x58,2))))
028e3a	FUN_028e3a	02d0a0	STORE	CAST(INT_ZEXT(INT_ADD(MULTIEQUAL(LEAF(register:0012:2:ushort),INT_ADD(MULTIEQUAL(CALL(LEAF(03609a:8:?),CALL(LEAF(03609a:8:?),INT_ADD(LOAD(CONST(0x1f1,4),CAST(INT_ZEXT(INT_ADD(LEAF(register:0018:2:short),CONST(0x6,2))))),CONST(0x8000,2)),INT_ADD(LOAD(CONST(0x1f1,4),CAST(INT_ZEXT(INT_ADD(LEAF(register:0018:2:short),CONST(0x18,2))))),CONST(0x8000,2))),LOAD(CONST(0x1f1,4),CAST(INT_ZEXT(INT_ADD(LEAF(register:0018:2:short),CONST(0x14,2)))))),LEAF(register:0008:2:short),LEAF(register:0008:2:short)),CONST(0x8000,2))),CONST(0x58,2))))
028e3a	FUN_028e3a	02d0a6	STORE	CAST(INT_ZEXT(INT_ADD(MULTIEQUAL(LEAF(register:0012:2:ushort),INT_ADD(MULTIEQUAL(CALL(LEAF(03609a:8:?),CALL(LEAF(03609a:8:?),INT_ADD(LOAD(CONST(0x1f1,4),CAST(INT_ZEXT(INT_ADD(LEAF(register:0018:2:short),CONST(0x6,2))))),CONST(0x8000,2)),INT_ADD(LOAD(CONST(0x1f1,4),CAST(INT_ZEXT(INT_ADD(LEAF(register:0018:2:short),CONST(0x18,2))))),CONST(0x8000,2))),LOAD(CONST(0x1f1,4),CAST(INT_ZEXT(INT_ADD(LEAF(register:0018:2:short),CONST(0x14,2)))))),LEAF(register:0008:2:short),LEAF(register:0008:2:short)),CONST(0x8000,2))),CONST(0x58,2))))
028e3a	FUN_028e3a	02d0ac	STORE	CAST(INT_ZEXT(INT_ADD(MULTIEQUAL(LEAF(register:0012:2:ushort),INT_ADD(MULTIEQUAL(CALL(LEAF(03609a:8:?),CALL(LEAF(03609a:8:?),INT_ADD(LOAD(CONST(0x1f1,4),CAST(INT_ZEXT(INT_ADD(LEAF(register:0018:2:short),CONST(0x6,2))))),CONST(0x8000,2)),INT_ADD(LOAD(CONST(0x1f1,4),CAST(INT_ZEXT(INT_ADD(LEAF(register:0018:2:short),CONST(0x18,2))))),CONST(0x8000,2))),LOAD(CONST(0x1f1,4),CAST(INT_ZEXT(INT_ADD(LEAF(register:0018:2:short),CONST(0x14,2)))))),LEAF(register:0008:2:short),LEAF(register:0008:2:short)),CONST(0x8000,2))),CONST(0x3b,2))))
028e3a	FUN_028e3a	02d0b4	STORE	CAST(INT_ZEXT(INT_ADD(MULTIEQUAL(LEAF(register:0012:2:ushort),INT_ADD(MULTIEQUAL(CALL(LEAF(03609a:8:?),CALL(LEAF(03609a:8:?),INT_ADD(LOAD(CONST(0x1f1,4),CAST(INT_ZEXT(INT_ADD(LEAF(register:0018:2:short),CONST(0x6,2))))),CONST(0x8000,2)),INT_ADD(LOAD(CONST(0x1f1,4),CAST(INT_ZEXT(INT_ADD(LEAF(register:0018:2:short),CONST(0x18,2))))),CONST(0x8000,2))),LOAD(CONST(0x1f1,4),CAST(INT_ZEXT(INT_ADD(LEAF(register:0018:2:short),CONST(0x14,2)))))),LEAF(register:0008:2:short),LEAF(register:0008:2:short)),CONST(0x8000,2))),CONST(0x58,2))))
028e3a	FUN_028e3a	02d0ba	STORE	CAST(INT_ZEXT(INT_ADD(MULTIEQUAL(LEAF(register:0012:2:ushort),INT_ADD(MULTIEQUAL(CALL(LEAF(03609a:8:?),CALL(LEAF(03609a:8:?),INT_ADD(LOAD(CONST(0x1f1,4),CAST(INT_ZEXT(INT_ADD(LEAF(register:0018:2:short),CONST(0x6,2))))),CONST(0x8000,2)),INT_ADD(LOAD(CONST(0x1f1,4),CAST(INT_ZEXT(INT_ADD(LEAF(register:0018:2:short),CONST(0x18,2))))),CONST(0x8000,2))),LOAD(CONST(0x1f1,4),CAST(INT_ZEXT(INT_ADD(LEAF(register:0018:2:short),CONST(0x14,2)))))),LEAF(register:0008:2:short),LEAF(register:0008:2:short)),CONST(0x8000,2))),CONST(0x3b,2))))
028e3a	FUN_028e3a	02d0be	STORE	CAST(INT_ZEXT(INT_ADD(MULTIEQUAL(LEAF(register:0012:2:ushort),INT_ADD(MULTIEQUAL(CALL(LEAF(03609a:8:?),CALL(LEAF(03609a:8:?),INT_ADD(LOAD(CONST(0x1f1,4),CAST(INT_ZEXT(INT_ADD(LEAF(register:0018:2:short),CONST(0x6,2))))),CONST(0x8000,2)),INT_ADD(LOAD(CONST(0x1f1,4),CAST(INT_ZEXT(INT_ADD(LEAF(register:0018:2:short),CONST(0x18,2))))),CONST(0x8000,2))),LOAD(CONST(0x1f1,4),CAST(INT_ZEXT(INT_ADD(LEAF(register:0018:2:short),CONST(0x14,2)))))),LEAF(register:0008:2:short),LEAF(register:0008:2:short)),CONST(0x8000,2))),CONST(0x3c,2))))
028e3a	FUN_028e3a	02d19e	LOAD	CAST(INT_ZEXT(INT_ADD(MULTIEQUAL(LEAF(register:0012:2:ushort),INT_ADD(MULTIEQUAL(CALL(LEAF(03609a:8:?),CALL(LEAF(03609a:8:?),INT_ADD(LOAD(CONST(0x1f1,4),CAST(INT_ZEXT(INT_ADD(LEAF(register:0018:2:short),CONST(0x6,2))))),CONST(0x8000,2)),INT_ADD(LOAD(CONST(0x1f1,4),CAST(INT_ZEXT(INT_ADD(LEAF(register:0018:2:short),CONST(0x18,2))))),CONST(0x8000,2))),LOAD(CONST(0x1f1,4),CAST(INT_ZEXT(INT_ADD(LEAF(register:0018:2:short),CONST(0x14,2)))))),LEAF(register:0008:2:short),LEAF(register:0008:2:short)),CONST(0x8000,2))),CONST(0x94,2))))
028e3a	FUN_028e3a	02d1aa	LOAD	CAST(INT_ZEXT(INT_ADD(MULTIEQUAL(LEAF(register:0012:2:ushort),INT_ADD(MULTIEQUAL(CALL(LEAF(03609a:8:?),CALL(LEAF(03609a:8:?),INT_ADD(LOAD(CONST(0x1f1,4),CAST(INT_ZEXT(INT_ADD(LEAF(register:0018:2:short),CONST(0x6,2))))),CONST(0x8000,2)),INT_ADD(LOAD(CONST(0x1f1,4),CAST(INT_ZEXT(INT_ADD(LEAF(register:0018:2:short),CONST(0x18,2))))),CONST(0x8000,2))),LOAD(CONST(0x1f1,4),CAST(INT_ZEXT(INT_ADD(LEAF(register:0018:2:short),CONST(0x14,2)))))),LEAF(register:0008:2:short),LEAF(register:0008:2:short)),CONST(0x8000,2))),CONST(0x92,2))))
028e3a	FUN_028e3a	02d1b8	LOAD	CAST(INT_ZEXT(INT_ADD(MULTIEQUAL(LEAF(register:0012:2:ushort),INT_ADD(MULTIEQUAL(CALL(LEAF(03609a:8:?),CALL(LEAF(03609a:8:?),INT_ADD(LOAD(CONST(0x1f1,4),CAST(INT_ZEXT(INT_ADD(LEAF(register:0018:2:short),CONST(0x6,2))))),CONST(0x8000,2)),INT_ADD(LOAD(CONST(0x1f1,4),CAST(INT_ZEXT(INT_ADD(LEAF(register:0018:2:short),CONST(0x18,2))))),CONST(0x8000,2))),LOAD(CONST(0x1f1,4),CAST(INT_ZEXT(INT_ADD(LEAF(register:0018:2:short),CONST(0x14,2)))))),LEAF(register:0008:2:short),LEAF(register:0008:2:short)),CONST(0x8000,2))),CONST(0x8e,2))))
028e3a	FUN_028e3a	02d1be	LOAD	CAST(INT_ZEXT(INT_ADD(MULTIEQUAL(LEAF(register:0012:2:ushort),INT_ADD(MULTIEQUAL(CALL(LEAF(03609a:8:?),CALL(LEAF(03609a:8:?),INT_ADD(LOAD(CONST(0x1f1,4),CAST(INT_ZEXT(INT_ADD(LEAF(register:0018:2:short),CONST(0x6,2))))),CONST(0x8000,2)),INT_ADD(LOAD(CONST(0x1f1,4),CAST(INT_ZEXT(INT_ADD(LEAF(register:0018:2:short),CONST(0x18,2))))),CONST(0x8000,2))),LOAD(CONST(0x1f1,4),CAST(INT_ZEXT(INT_ADD(LEAF(register:0018:2:short),CONST(0x14,2)))))),LEAF(register:0008:2:short),LEAF(register:0008:2:short)),CONST(0x8000,2))),CONST(0x8a,2))))
028e3a	FUN_028e3a	02d1c6	LOAD	CAST(INT_ZEXT(INT_ADD(MULTIEQUAL(LEAF(register:0012:2:ushort),INT_ADD(MULTIEQUAL(CALL(LEAF(03609a:8:?),CALL(LEAF(03609a:8:?),INT_ADD(LOAD(CONST(0x1f1,4),CAST(INT_ZEXT(INT_ADD(LEAF(register:0018:2:short),CONST(0x6,2))))),CONST(0x8000,2)),INT_ADD(LOAD(CONST(0x1f1,4),CAST(INT_ZEXT(INT_ADD(LEAF(register:0018:2:short),CONST(0x18,2))))),CONST(0x8000,2))),LOAD(CONST(0x1f1,4),CAST(INT_ZEXT(INT_ADD(LEAF(register:0018:2:short),CONST(0x14,2)))))),LEAF(register:0008:2:short),LEAF(register:0008:2:short)),CONST(0x8000,2))),CONST(0x90,2))))
028e3a	FUN_028e3a	02d1cc	LOAD	CAST(INT_ZEXT(INT_ADD(MULTIEQUAL(LEAF(register:0012:2:ushort),INT_ADD(MULTIEQUAL(CALL(LEAF(03609a:8:?),CALL(LEAF(03609a:8:?),INT_ADD(LOAD(CONST(0x1f1,4),CAST(INT_ZEXT(INT_ADD(LEAF(register:0018:2:short),CONST(0x6,2))))),CONST(0x8000,2)),INT_ADD(LOAD(CONST(0x1f1,4),CAST(INT_ZEXT(INT_ADD(LEAF(register:0018:2:short),CONST(0x18,2))))),CONST(0x8000,2))),LOAD(CONST(0x1f1,4),CAST(INT_ZEXT(INT_ADD(LEAF(register:0018:2:short),CONST(0x14,2)))))),LEAF(register:0008:2:short),LEAF(register:0008:2:short)),CONST(0x8000,2))),CONST(0x8c,2))))
028e3a	FUN_028e3a	02d1e4	LOAD	CAST(INT_ZEXT(INT_ADD(MULTIEQUAL(LEAF(register:0012:2:ushort),INT_ADD(MULTIEQUAL(CALL(LEAF(03609a:8:?),CALL(LEAF(03609a:8:?),INT_ADD(LOAD(CONST(0x1f1,4),CAST(INT_ZEXT(INT_ADD(LEAF(register:0018:2:short),CONST(0x6,2))))),CONST(0x8000,2)),INT_ADD(LOAD(CONST(0x1f1,4),CAST(INT_ZEXT(INT_ADD(LEAF(register:0018:2:short),CONST(0x18,2))))),CONST(0x8000,2))),LOAD(CONST(0x1f1,4),CAST(INT_ZEXT(INT_ADD(LEAF(register:0018:2:short),CONST(0x14,2)))))),LEAF(register:0008:2:short),LEAF(register:0008:2:short)),CONST(0x8000,2))),CONST(0x90,2))))
028e3a	FUN_028e3a	02d1ea	LOAD	CAST(INT_ZEXT(INT_ADD(MULTIEQUAL(LEAF(register:0012:2:ushort),INT_ADD(MULTIEQUAL(CALL(LEAF(03609a:8:?),CALL(LEAF(03609a:8:?),INT_ADD(LOAD(CONST(0x1f1,4),CAST(INT_ZEXT(INT_ADD(LEAF(register:0018:2:short),CONST(0x6,2))))),CONST(0x8000,2)),INT_ADD(LOAD(CONST(0x1f1,4),CAST(INT_ZEXT(INT_ADD(LEAF(register:0018:2:short),CONST(0x18,2))))),CONST(0x8000,2))),LOAD(CONST(0x1f1,4),CAST(INT_ZEXT(INT_ADD(LEAF(register:0018:2:short),CONST(0x14,2)))))),LEAF(register:0008:2:short),LEAF(register:0008:2:short)),CONST(0x8000,2))),CONST(0x8c,2))))
029068	FUN_029068	029176	LOAD	CAST(INT_ZEXT(INT_ADD(LEAF(register:0018:2:ushort),CONST(0x34,2))))
029068	FUN_029068	02917a	STORE	CAST(INT_ZEXT(INT_ADD(LEAF(register:0018:2:ushort),CONST(0x34,2))))
029068	FUN_029068	029180	LOAD	CAST(INT_ZEXT(INT_ADD(LEAF(register:0018:2:ushort),CONST(0x34,2))))
029068	FUN_029068	02918e	LOAD	CAST(INT_ZEXT(INT_ADD(LEAF(register:0018:2:ushort),CONST(0x34,2))))
029068	FUN_029068	0291a0	LOAD	CAST(INT_ZEXT(INT_ADD(LEAF(00ef7e:2:ushort),CONST(0x35,2))))
029068	FUN_029068	0291b2	STORE	CAST(INT_ZEXT(INT_ADD(LEAF(00ef7e:2:ushort),CONST(0x35,2))))
029068	FUN_029068	0291ba	LOAD	CAST(INT_ZEXT(INT_ADD(INDIRECT(LEAF(00ef7e:2:ushort),CONST(0xa80,4)),CONST(0x20,2))))
029068	FUN_029068	0291d2	LOAD	CAST(INT_ZEXT(INT_ADD(INDIRECT(LEAF(00ef7e:2:ushort),CONST(0xa80,4)),CONST(0x20,2))))
029068	FUN_029068	0291e0	STORE	CAST(INT_ZEXT(INT_ADD(LEAF(register:0018:2:ushort),CONST(0x34,2))))
029068	FUN_029068	029270	LOAD	CAST(INT_ZEXT(INT_ADD(LEAF(register:0018:2:ushort),CONST(0x1e,2))))
029068	FUN_029068	0292c4	LOAD	CAST(INT_ZEXT(INT_ADD(LEAF(register:0018:2:ushort),CONST(0x6,2))))
029068	FUN_029068	0292ce	STORE	CAST(INT_ZEXT(INT_ADD(LEAF(register:0018:2:ushort),CONST(0x6,2))))
029068	FUN_029068	0292d2	LOAD	CAST(INT_ZEXT(INT_ADD(LEAF(register:0018:2:ushort),CONST(0x8,2))))
029068	FUN_029068	0292dc	STORE	CAST(INT_ZEXT(INT_ADD(LEAF(register:0018:2:ushort),CONST(0x8,2))))
029068	FUN_029068	0292e0	LOAD	CAST(INT_ZEXT(INT_ADD(LEAF(register:0018:2:ushort),CONST(0x20,2))))
029068	FUN_029068	0292ea	STORE	CAST(INT_ZEXT(INT_ADD(LEAF(register:0018:2:ushort),CONST(0x20,2))))
029068	FUN_029068	0292ee	LOAD	CAST(INT_ZEXT(INT_ADD(LEAF(register:0018:2:ushort),CONST(0x1e,2))))
029068	FUN_029068	0292f8	STORE	CAST(INT_ZEXT(INT_ADD(LEAF(register:0018:2:ushort),CONST(0x1e,2))))
029068	FUN_029068	02d268	LOAD	CAST(INT_ZEXT(INT_ADD(LEAF(register:0012:2:short),CONST(0x8a,2))))
029068	FUN_029068	02d284	STORE	CAST(INT_ZEXT(INT_ADD(LEAF(register:0012:2:short),CONST(0xac,2))))
029068	FUN_029068	02d28c	STORE	CAST(INT_ZEXT(INT_ADD(LEAF(register:0012:2:short),CONST(0xac,2))))
029068	FUN_029068	02d290	LOAD	CAST(INT_ZEXT(INT_ADD(LEAF(register:0012:2:short),CONST(0x8c,2))))
029068	FUN_029068	02d2b0	STORE	CAST(INT_ZEXT(INT_ADD(LEAF(register:0012:2:short),CONST(0xad,2))))
029068	FUN_029068	02d2b8	STORE	CAST(INT_ZEXT(INT_ADD(LEAF(register:0012:2:short),CONST(0xad,2))))
029068	FUN_029068	02d2bc	LOAD	CAST(INT_ZEXT(INT_ADD(LEAF(register:0012:2:short),CONST(0x8e,2))))
029068	FUN_029068	02d2dc	STORE	CAST(INT_ZEXT(INT_ADD(LEAF(register:0012:2:short),CONST(0xae,2))))
029068	FUN_029068	02d2e4	STORE	CAST(INT_ZEXT(INT_ADD(LEAF(register:0012:2:short),CONST(0xae,2))))
029068	FUN_029068	02d2e8	LOAD	CAST(INT_ZEXT(INT_ADD(LEAF(register:0012:2:short),CONST(0x90,2))))
029068	FUN_029068	02d308	STORE	CAST(INT_ZEXT(INT_ADD(LEAF(register:0012:2:short),CONST(0xaf,2))))
029068	FUN_029068	02d310	STORE	CAST(INT_ZEXT(INT_ADD(LEAF(register:0012:2:short),CONST(0xaf,2))))
029068	FUN_029068	02d314	LOAD	CAST(INT_ZEXT(INT_ADD(LEAF(register:0012:2:short),CONST(0x3d,2))))
029068	FUN_029068	02d318	STORE	CAST(INT_ZEXT(INT_ADD(LEAF(register:0012:2:short),CONST(0xb0,2))))
029068	FUN_029068	02d31c	LOAD	CAST(INT_ZEXT(INT_ADD(LEAF(register:0012:2:short),CONST(0x3e,2))))
029068	FUN_029068	02d320	STORE	CAST(INT_ZEXT(INT_ADD(LEAF(register:0012:2:short),CONST(0xb1,2))))
029068	FUN_029068	02d328	STORE	CAST(INT_ZEXT(INT_ADD(LEAF(register:0012:2:short),CONST(0xac,2))))
029068	FUN_029068	02d32c	STORE	CAST(INT_ZEXT(INT_ADD(LEAF(register:0012:2:short),CONST(0xad,2))))
029068	FUN_029068	02d330	STORE	CAST(INT_ZEXT(INT_ADD(LEAF(register:0012:2:short),CONST(0xae,2))))
029068	FUN_029068	02d334	STORE	CAST(INT_ZEXT(INT_ADD(LEAF(register:0012:2:short),CONST(0xaf,2))))
029068	FUN_029068	02d338	STORE	CAST(INT_ZEXT(INT_ADD(LEAF(register:0012:2:short),CONST(0xb0,2))))
029068	FUN_029068	02d33c	STORE	CAST(INT_ZEXT(INT_ADD(LEAF(register:0012:2:short),CONST(0xb1,2))))
029262	FUN_029262	029268	STORE	CAST(INT_ZEXT(INT_ADD(LEAF(register:0010:2:short),CONST(0x34,2))))
02927e	FUN_02927e	029284	STORE	CAST(INT_ZEXT(INT_ADD(LEAF(register:0010:2:short),CONST(0x34,2))))
02927e	FUN_02927e	029288	LOAD	CAST(INT_ZEXT(INT_ADD(LEAF(register:0010:2:short),CONST(0x14,2))))
02927e	FUN_02927e	02928c	LOAD	CAST(INT_ZEXT(INT_ADD(LEAF(register:0010:2:short),CONST(0x18,2))))
02927e	FUN_02927e	0292b6	STORE	CAST(INT_ZEXT(INT_ADD(LEAF(register:0010:2:short),CONST(0x18,2))))
02927e	FUN_02927e	0292ba	STORE	CAST(INT_ZEXT(INT_ADD(LEAF(register:0010:2:short),CONST(0x10,2))))
02927e	FUN_02927e	0292c0	STORE	CAST(INT_ZEXT(INT_ADD(LEAF(register:0010:2:short),CONST(0x14,2))))
02927e	FUN_02927e	0292c4	LOAD	CAST(INT_ZEXT(INT_ADD(LEAF(register:0010:2:short),CONST(0x6,2))))
02927e	FUN_02927e	0292ce	STORE	CAST(INT_ZEXT(INT_ADD(LEAF(register:0010:2:short),CONST(0x6,2))))
02927e	FUN_02927e	0292d2	LOAD	CAST(INT_ZEXT(INT_ADD(LEAF(register:0010:2:short),CONST(0x8,2))))
02927e	FUN_02927e	0292dc	STORE	CAST(INT_ZEXT(INT_ADD(LEAF(register:0010:2:short),CONST(0x8,2))))
02927e	FUN_02927e	0292e0	LOAD	CAST(INT_ZEXT(INT_ADD(LEAF(register:0010:2:short),CONST(0x20,2))))
02927e	FUN_02927e	0292ea	STORE	CAST(INT_ZEXT(INT_ADD(LEAF(register:0010:2:short),CONST(0x20,2))))
02927e	FUN_02927e	0292ee	LOAD	CAST(INT_ZEXT(INT_ADD(LEAF(register:0010:2:short),CONST(0x1e,2))))
02927e	FUN_02927e	0292f8	STORE	CAST(INT_ZEXT(INT_ADD(LEAF(register:0010:2:short),CONST(0x1e,2))))
029304	FUN_029304	029334	LOAD	CAST(INT_ZEXT(INT_ADD(LEAF(register:0018:2:short),CONST(0x18,2))))
029304	FUN_029304	029362	LOAD	CAST(INT_ZEXT(INT_ADD(LEAF(register:0018:2:short),CONST(0x18,2))))
02936c	FUN_02936c	029382	STORE	CAST(INT_ZEXT(INT_ADD(LEAF(register:000c:2:short),CONST(0x18,2))))
029382	FUN_029382	029382	STORE	CAST(INT_ZEXT(INT_ADD(LEAF(register:000c:2:short),CONST(0x18,2))))
029bde	FUN_029bde	02ddca	LOAD	CAST(INT_ZEXT(SUBPIECE(INT_RIGHT(CAST(CALL(LEAF(036066:8:?),MULTIEQUAL(COPY(COPY(LEAF(register:000c:2:ushort))),COPY(INT_SUB(LEAF(00e914:2:ushort),INT_LEFT(INT_2COMP(LEAF(00e916:2:short)),LEAF(register:0008:2:short))))),INT_MULT(INT_ADD(INT_ZEXT(LEAF(00e91c:1:byte)),CONST(0x80,2)),CONST(0x100,2)))),CONST(0x10,4)),CONST(0x0,4))))
029bde	FUN_029bde	02ddce	STORE	CAST(INT_ZEXT(SUBPIECE(INT_RIGHT(CAST(CALL(LEAF(036066:8:?),MULTIEQUAL(COPY(COPY(LEAF(register:000c:2:ushort))),COPY(INT_SUB(LEAF(00e914:2:ushort),INT_LEFT(INT_2COMP(LEAF(00e916:2:short)),LEAF(register:0008:2:short))))),INT_MULT(INT_ADD(INT_ZEXT(LEAF(00e91c:1:byte)),CONST(0x80,2)),CONST(0x100,2)))),CONST(0x10,4)),CONST(0x0,4))))
029bde	FUN_029bde	02ddd4	LOAD	CAST(INT_ZEXT(INT_ADD(LEAF(register:0012:2:short),CONST(0x76,2))))
029bde	FUN_029bde	02ddd8	STORE	CAST(INT_ZEXT(INT_ADD(LEAF(register:0012:2:short),CONST(0x78,2))))
029bde	FUN_029bde	02dde2	LOAD	CAST(INT_ZEXT(INT_ADD(LEAF(register:0012:2:short),CONST(0x74,2))))
029bde	FUN_029bde	02ddec	LOAD	CAST(INT_ZEXT(INT_ADD(LEAF(register:0012:2:short),CONST(0x74,2))))
02bcb6	FUN_02bcb6	02bd12	LOAD	CAST(INT_ZEXT(INT_ADD(SUBPIECE(PTRSUB(CONST(0x0,3),CONST(0xfc28,3)),CONST(0x0,4)),INT_MULT(INT_ZEXT(MULTIEQUAL(COPY(COPY(CONST(0x0,1))),COPY(INT_ADD(LEAF(00da62:1:byte),CONST(0x1,1))),COPY(LEAF(00fc9f:1:byte)))),CONST(0x2,2)))))
02bcb6	FUN_02bcb6	02bd1e	STORE	CAST(INT_ZEXT(INT_ADD(SUBPIECE(PTRSUB(CONST(0x0,3),CONST(0xda1e,3)),CONST(0x0,4)),INT_MULT(INT_ZEXT(MULTIEQUAL(COPY(COPY(CONST(0x0,1))),COPY(INT_ADD(LEAF(00da62:1:byte),CONST(0x1,1))),COPY(LEAF(00fc9f:1:byte)))),CONST(0x2,2)))))
02bcb6	FUN_02bcb6	02bd28	LOAD	CAST(INT_ZEXT(INT_ADD(SUBPIECE(PTRSUB(CONST(0x0,3),CONST(0xfc28,3)),CONST(0x0,4)),INT_MULT(INT_ZEXT(MULTIEQUAL(COPY(COPY(CONST(0x0,1))),COPY(INT_ADD(LEAF(00da62:1:byte),CONST(0x1,1))),COPY(LEAF(00fc9f:1:byte)))),CONST(0x2,2)))))
02bcb6	FUN_02bcb6	02bd34	STORE	CAST(INT_ZEXT(INT_ADD(SUBPIECE(PTRSUB(CONST(0x0,3),CONST(0xda1e,3)),CONST(0x0,4)),INT_MULT(INT_ZEXT(MULTIEQUAL(COPY(COPY(CONST(0x0,1))),COPY(INT_ADD(LEAF(00da62:1:byte),CONST(0x1,1))),COPY(LEAF(00fc9f:1:byte)))),CONST(0x2,2)))))
02bcb6	FUN_02bcb6	02bd50	LOAD	CAST(INT_ZEXT(INT_ADD(SUBPIECE(PTRSUB(CONST(0x0,3),CONST(0xfc7c,3)),CONST(0x0,4)),INT_ZEXT(MULTIEQUAL(COPY(COPY(CONST(0x0,1))),COPY(INT_ADD(LEAF(00da62:1:byte),CONST(0x1,1))),COPY(LEAF(00fc9f:1:byte)))))))
02bcb6	FUN_02bcb6	02bd5c	STORE	CAST(INT_ZEXT(INT_ADD(INT_ZEXT(MULTIEQUAL(COPY(COPY(CONST(0x0,1))),COPY(INT_ADD(LEAF(00da62:1:byte),CONST(0x1,1))),COPY(LEAF(00fc9f:1:byte)))),CONST(0xda4a,2))))
02bcb6	FUN_02bcb6	02bd64	LOAD	CAST(INT_ZEXT(INT_ADD(INT_MULT(INT_ZEXT(MULTIEQUAL(COPY(COPY(CONST(0x0,1))),COPY(INT_ADD(LEAF(00da62:1:byte),CONST(0x1,1))),COPY(LEAF(00fc9f:1:byte)))),CONST(0x2,2)),CONST(0xe9a9,2))))
02bcb6	FUN_02bcb6	02bd6a	STORE	CAST(INT_ZEXT(INT_ADD(INT_ZEXT(MULTIEQUAL(COPY(COPY(CONST(0x0,1))),COPY(INT_ADD(LEAF(00da62:1:byte),CONST(0x1,1))),COPY(LEAF(00fc9f:1:byte)))),CONST(0xda64,2))))
02bcb6	FUN_02bcb6	02bd70	LOAD	CAST(INT_ZEXT(INT_ADD(SUBPIECE(PTRSUB(CONST(0x0,3),CONST(0xfc76,3)),CONST(0x0,4)),INT_ZEXT(MULTIEQUAL(COPY(COPY(CONST(0x0,1))),COPY(INT_ADD(LEAF(00da62:1:byte),CONST(0x1,1))),COPY(LEAF(00fc9f:1:byte)))))))
02bcb6	FUN_02bcb6	02bd76	STORE	CAST(INT_ZEXT(INT_ADD(INT_ZEXT(MULTIEQUAL(COPY(COPY(CONST(0x0,1))),COPY(INT_ADD(LEAF(00da62:1:byte),CONST(0x1,1))),COPY(LEAF(00fc9f:1:byte)))),CONST(0xda6a,2))))
02bcb6	FUN_02bcb6	02bd88	LOAD	CAST(INT_ZEXT(INT_ADD(INT_MULT(INT_ZEXT(MULTIEQUAL(COPY(COPY(CONST(0x0,1))),COPY(INT_ADD(LEAF(00da62:1:byte),CONST(0x1,1))),COPY(LEAF(00fc9f:1:byte)))),CONST(0x2,2)),CONST(0xe9c1,2))))
02bcb6	FUN_02bcb6	02bd8e	STORE	CAST(INT_ZEXT(INT_ADD(INT_ZEXT(MULTIEQUAL(COPY(COPY(CONST(0x0,1))),COPY(INT_ADD(LEAF(00da62:1:byte),CONST(0x1,1))),COPY(LEAF(00fc9f:1:byte)))),CONST(0xda5c,2))))
02bcb6	FUN_02bcb6	02bd9e	LOAD	CAST(INT_ZEXT(INT_ADD(SUBPIECE(PTRSUB(CONST(0x0,3),CONST(0xf4e6,3)),CONST(0x0,4)),INT_MULT(INT_ZEXT(MULTIEQUAL(COPY(COPY(CONST(0x0,1))),COPY(INT_ADD(LEAF(00da62:1:byte),CONST(0x1,1))),COPY(LEAF(00fc9f:1:byte)))),CONST(0x2,2)))))
02bcb6	FUN_02bcb6	02bdba	LOAD	CAST(INT_ZEXT(INT_SUB(INT_MULT(INT_ZEXT(MULTIEQUAL(COPY(COPY(CONST(0x0,1))),COPY(INT_ADD(LEAF(00da62:1:byte),CONST(0x1,1))),COPY(LEAF(00fc9f:1:byte)))),CONST(0x2,2)),CONST(0xacc,2))))
02bcb6	FUN_02bcb6	02bdc2	STORE	CAST(INT_ZEXT(INT_ADD(INT_ZEXT(MULTIEQUAL(COPY(COPY(CONST(0x0,1))),COPY(INT_ADD(LEAF(00da62:1:byte),CONST(0x1,1))),COPY(LEAF(00fc9f:1:byte)))),CONST(0xdb06,2))))
02bcb6	FUN_02bcb6	02bdca	LOAD	CAST(INT_ZEXT(INT_ADD(SUBPIECE(PTRSUB(CONST(0x0,3),CONST(0xf4f2,3)),CONST(0x0,4)),INT_MULT(INT_ZEXT(MULTIEQUAL(COPY(COPY(CONST(0x0,1))),COPY(INT_ADD(LEAF(00da62:1:byte),CONST(0x1,1))),COPY(LEAF(00fc9f:1:byte)))),CONST(0x2,2)))))
02bcb6	FUN_02bcb6	02bdd6	LOAD	CAST(INT_ZEXT(INT_SUB(INT_MULT(INT_ZEXT(MULTIEQUAL(COPY(COPY(CONST(0x0,1))),COPY(INT_ADD(LEAF(00da62:1:byte),CONST(0x1,1))),COPY(LEAF(00fc9f:1:byte)))),CONST(0x2,2)),CONST(0xaf6,2))))
02bcb6	FUN_02bcb6	02bde2	LOAD	CAST(INT_ZEXT(INT_SUB(INT_MULT(INT_ZEXT(MULTIEQUAL(COPY(COPY(CONST(0x0,1))),COPY(INT_ADD(LEAF(00da62:1:byte),CONST(0x1,1))),COPY(LEAF(00fc9f:1:byte)))),CONST(0x2,2)),CONST(0xaea,2))))
02bcb6	FUN_02bcb6	02be0a	LOAD	CAST(INT_ZEXT(INDIRECT(INDIRECT(INDIRECT(INDIRECT(INDIRECT(INDIRECT(MULTIEQUAL(INDIRECT(LEAF(00dc00:2:ushort),CONST(0x28c,4)),INDIRECT(LEAF(00dc00:2:ushort),CONST(0x1272,4))),CONST(0x39e,4)),CONST(0x3d0,4)),CONST(0x466,4)),CONST(0x4dc,4)),CONST(0x5ed,4)),CONST(0x7c1,4))))
02bcb6	FUN_02bcb6	02be12	LOAD	CAST(INT_ZEXT(INT_ADD(INDIRECT(INDIRECT(INDIRECT(INDIRECT(INDIRECT(INDIRECT(MULTIEQUAL(INDIRECT(LEAF(00dc00:2:ushort),CONST(0x28c,4)),INDIRECT(LEAF(00dc00:2:ushort),CONST(0x1272,4))),CONST(0x39e,4)),CONST(0x3d0,4)),CONST(0x466,4)),CONST(0x4dc,4)),CONST(0x5ed,4)),CONST(0x7c1,4)),CONST(0x1,2))))
02bcb6	FUN_02bcb6	02be1e	LOAD	CAST(INT_ZEXT(INT_ADD(INDIRECT(INDIRECT(INDIRECT(INDIRECT(INDIRECT(INDIRECT(MULTIEQUAL(INDIRECT(LEAF(00dc00:2:ushort),CONST(0x28c,4)),INDIRECT(LEAF(00dc00:2:ushort),CONST(0x1272,4))),CONST(0x39e,4)),CONST(0x3d0,4)),CONST(0x466,4)),CONST(0x4dc,4)),CONST(0x5ed,4)),CONST(0x7c1,4)),CONST(0x2,2))))
02bcb6	FUN_02bcb6	02be28	LOAD	CAST(INT_ZEXT(INDIRECT(INDIRECT(INDIRECT(INDIRECT(INDIRECT(INDIRECT(MULTIEQUAL(INDIRECT(LEAF(00dc02:2:ushort),CONST(0x28c,4)),INDIRECT(LEAF(00dc02:2:ushort),CONST(0x1272,4))),CONST(0x39e,4)),CONST(0x3d0,4)),CONST(0x466,4)),CONST(0x4dc,4)),CONST(0x5ed,4)),CONST(0x7c1,4))))
02bcb6	FUN_02bcb6	02be30	LOAD	CAST(INT_ZEXT(INT_ADD(INDIRECT(INDIRECT(INDIRECT(INDIRECT(INDIRECT(INDIRECT(MULTIEQUAL(INDIRECT(LEAF(00dc02:2:ushort),CONST(0x28c,4)),INDIRECT(LEAF(00dc02:2:ushort),CONST(0x1272,4))),CONST(0x39e,4)),CONST(0x3d0,4)),CONST(0x466,4)),CONST(0x4dc,4)),CONST(0x5ed,4)),CONST(0x7c1,4)),CONST(0x1,2))))
02bcb6	FUN_02bcb6	02be3c	LOAD	CAST(INT_ZEXT(INT_ADD(INDIRECT(INDIRECT(INDIRECT(INDIRECT(INDIRECT(INDIRECT(MULTIEQUAL(INDIRECT(LEAF(00dc02:2:ushort),CONST(0x28c,4)),INDIRECT(LEAF(00dc02:2:ushort),CONST(0x1272,4))),CONST(0x39e,4)),CONST(0x3d0,4)),CONST(0x466,4)),CONST(0x4dc,4)),CONST(0x5ed,4)),CONST(0x7c1,4)),CONST(0x2,2))))
02bcb6	FUN_02bcb6	02be46	LOAD	CAST(INT_ZEXT(INDIRECT(INDIRECT(INDIRECT(INDIRECT(INDIRECT(INDIRECT(MULTIEQUAL(INDIRECT(LEAF(00dc04:2:ushort),CONST(0x28c,4)),INDIRECT(LEAF(00dc04:2:ushort),CONST(0x1272,4))),CONST(0x39e,4)),CONST(0x3d0,4)),CONST(0x466,4)),CONST(0x4dc,4)),CONST(0x5ed,4)),CONST(0x7c1,4))))
02bcb6	FUN_02bcb6	02be4e	LOAD	CAST(INT_ZEXT(INT_ADD(INDIRECT(INDIRECT(INDIRECT(INDIRECT(INDIRECT(INDIRECT(MULTIEQUAL(INDIRECT(LEAF(00dc04:2:ushort),CONST(0x28c,4)),INDIRECT(LEAF(00dc04:2:ushort),CONST(0x1272,4))),CONST(0x39e,4)),CONST(0x3d0,4)),CONST(0x466,4)),CONST(0x4dc,4)),CONST(0x5ed,4)),CONST(0x7c1,4)),CONST(0x1,2))))
02bcb6	FUN_02bcb6	02be5a	LOAD	CAST(INT_ZEXT(INT_ADD(INDIRECT(INDIRECT(INDIRECT(INDIRECT(INDIRECT(INDIRECT(MULTIEQUAL(INDIRECT(LEAF(00dc04:2:ushort),CONST(0x28c,4)),INDIRECT(LEAF(00dc04:2:ushort),CONST(0x1272,4))),CONST(0x39e,4)),CONST(0x3d0,4)),CONST(0x466,4)),CONST(0x4dc,4)),CONST(0x5ed,4)),CONST(0x7c1,4)),CONST(0x2,2))))
02bcb6	FUN_02bcb6	02be64	LOAD	CAST(INT_ZEXT(INDIRECT(INDIRECT(INDIRECT(INDIRECT(INDIRECT(INDIRECT(MULTIEQUAL(INDIRECT(LEAF(00dc06:2:ushort),CONST(0x28c,4)),INDIRECT(LEAF(00dc06:2:ushort),CONST(0x1272,4))),CONST(0x39e,4)),CONST(0x3d0,4)),CONST(0x466,4)),CONST(0x4dc,4)),CONST(0x5ed,4)),CONST(0x7c1,4))))
02bcb6	FUN_02bcb6	02be6c	LOAD	CAST(INT_ZEXT(INT_ADD(INDIRECT(INDIRECT(INDIRECT(INDIRECT(INDIRECT(INDIRECT(MULTIEQUAL(INDIRECT(LEAF(00dc06:2:ushort),CONST(0x28c,4)),INDIRECT(LEAF(00dc06:2:ushort),CONST(0x1272,4))),CONST(0x39e,4)),CONST(0x3d0,4)),CONST(0x466,4)),CONST(0x4dc,4)),CONST(0x5ed,4)),CONST(0x7c1,4)),CONST(0x1,2))))
02bcb6	FUN_02bcb6	02be78	LOAD	CAST(INT_ZEXT(INT_ADD(INDIRECT(INDIRECT(INDIRECT(INDIRECT(INDIRECT(INDIRECT(MULTIEQUAL(INDIRECT(LEAF(00dc06:2:ushort),CONST(0x28c,4)),INDIRECT(LEAF(00dc06:2:ushort),CONST(0x1272,4))),CONST(0x39e,4)),CONST(0x3d0,4)),CONST(0x466,4)),CONST(0x4dc,4)),CONST(0x5ed,4)),CONST(0x7c1,4)),CONST(0x2,2))))
02bcb6	FUN_02bcb6	02be82	LOAD	CAST(INT_ZEXT(INDIRECT(INDIRECT(INDIRECT(INDIRECT(INDIRECT(INDIRECT(MULTIEQUAL(INDIRECT(LEAF(00dc08:2:ushort),CONST(0x28c,4)),INDIRECT(LEAF(00dc08:2:ushort),CONST(0x1272,4))),CONST(0x39e,4)),CONST(0x3d0,4)),CONST(0x466,4)),CONST(0x4dc,4)),CONST(0x5ed,4)),CONST(0x7c1,4))))
02bcb6	FUN_02bcb6	02be8a	LOAD	CAST(INT_ZEXT(INT_ADD(INDIRECT(INDIRECT(INDIRECT(INDIRECT(INDIRECT(INDIRECT(MULTIEQUAL(INDIRECT(LEAF(00dc08:2:ushort),CONST(0x28c,4)),INDIRECT(LEAF(00dc08:2:ushort),CONST(0x1272,4))),CONST(0x39e,4)),CONST(0x3d0,4)),CONST(0x466,4)),CONST(0x4dc,4)),CONST(0x5ed,4)),CONST(0x7c1,4)),CONST(0x1,2))))
02bcb6	FUN_02bcb6	02be96	LOAD	CAST(INT_ZEXT(INT_ADD(INDIRECT(INDIRECT(INDIRECT(INDIRECT(INDIRECT(INDIRECT(MULTIEQUAL(INDIRECT(LEAF(00dc08:2:ushort),CONST(0x28c,4)),INDIRECT(LEAF(00dc08:2:ushort),CONST(0x1272,4))),CONST(0x39e,4)),CONST(0x3d0,4)),CONST(0x466,4)),CONST(0x4dc,4)),CONST(0x5ed,4)),CONST(0x7c1,4)),CONST(0x2,2))))
02bcb6	FUN_02bcb6	02bea0	LOAD	CAST(INT_ZEXT(INDIRECT(INDIRECT(INDIRECT(INDIRECT(INDIRECT(INDIRECT(MULTIEQUAL(INDIRECT(LEAF(00dc0a:2:ushort),CONST(0x28c,4)),INDIRECT(LEAF(00dc0a:2:ushort),CONST(0x1272,4))),CONST(0x39e,4)),CONST(0x3d0,4)),CONST(0x466,4)),CONST(0x4dc,4)),CONST(0x5ed,4)),CONST(0x7c1,4))))
02bcb6	FUN_02bcb6	02bea8	LOAD	CAST(INT_ZEXT(INT_ADD(INDIRECT(INDIRECT(INDIRECT(INDIRECT(INDIRECT(INDIRECT(MULTIEQUAL(INDIRECT(LEAF(00dc0a:2:ushort),CONST(0x28c,4)),INDIRECT(LEAF(00dc0a:2:ushort),CONST(0x1272,4))),CONST(0x39e,4)),CONST(0x3d0,4)),CONST(0x466,4)),CONST(0x4dc,4)),CONST(0x5ed,4)),CONST(0x7c1,4)),CONST(0x1,2))))
02bcb6	FUN_02bcb6	02beb4	LOAD	CAST(INT_ZEXT(INT_ADD(INDIRECT(INDIRECT(INDIRECT(INDIRECT(INDIRECT(INDIRECT(MULTIEQUAL(INDIRECT(LEAF(00dc0a:2:ushort),CONST(0x28c,4)),INDIRECT(LEAF(00dc0a:2:ushort),CONST(0x1272,4))),CONST(0x39e,4)),CONST(0x3d0,4)),CONST(0x466,4)),CONST(0x4dc,4)),CONST(0x5ed,4)),CONST(0x7c1,4)),CONST(0x2,2))))
02c02a	FUN_02c02a	02c030	LOAD	CAST(INT_ZEXT(LEAF(00a894:2:ushort)))
02c02a	FUN_02c02a	02c038	LOAD	CAST(INT_ZEXT(LEAF(00a896:2:ushort)))
02c138	FUN_02c138	0282ec	LOAD	CAST(INT_ZEXT(INT_ADD(LEAF(register:0010:2:ushort),CONST(0x14,2))))
02c138	FUN_02c138	0282f0	LOAD	CAST(INT_ZEXT(INT_ADD(LEAF(register:0010:2:ushort),CONST(0x18,2))))
02c138	FUN_02c138	02831a	STORE	CAST(INT_ZEXT(INT_ADD(LEAF(register:0010:2:ushort),CONST(0x18,2))))
02c138	FUN_02c138	02831e	STORE	CAST(INT_ZEXT(INT_ADD(LEAF(register:0010:2:ushort),CONST(0x10,2))))
02c138	FUN_02c138	028324	STORE	CAST(INT_ZEXT(INT_ADD(LEAF(register:0010:2:ushort),CONST(0x14,2))))
02c138	FUN_02c138	028328	LOAD	CAST(INT_ZEXT(INT_ADD(LEAF(register:0010:2:ushort),CONST(0x6,2))))
02c138	FUN_02c138	028332	STORE	CAST(INT_ZEXT(INT_ADD(LEAF(register:0010:2:ushort),CONST(0x6,2))))
02c138	FUN_02c138	028336	LOAD	CAST(INT_ZEXT(INT_ADD(LEAF(register:0010:2:ushort),CONST(0x8,2))))
02c138	FUN_02c138	028340	STORE	CAST(INT_ZEXT(INT_ADD(LEAF(register:0010:2:ushort),CONST(0x8,2))))
02c138	FUN_02c138	028344	LOAD	CAST(INT_ZEXT(INT_ADD(LEAF(register:0010:2:ushort),CONST(0x20,2))))
02c138	FUN_02c138	02834e	STORE	CAST(INT_ZEXT(INT_ADD(LEAF(register:0010:2:ushort),CONST(0x20,2))))
02c138	FUN_02c138	028352	LOAD	CAST(INT_ZEXT(INT_ADD(LEAF(register:0010:2:ushort),CONST(0x1e,2))))
02c138	FUN_02c138	02835c	STORE	CAST(INT_ZEXT(INT_ADD(LEAF(register:0010:2:ushort),CONST(0x1e,2))))
02c138	FUN_02c138	028364	LOAD	CAST(INT_ZEXT(INT_ADD(LEAF(register:0010:2:ushort),CONST(0xa,2))))
02c138	FUN_02c138	02c154	STORE	CAST(INT_ZEXT(LEAF(register:0010:2:ushort)))
02c138	FUN_02c138	02c158	STORE	CAST(INT_ZEXT(INT_ADD(LEAF(register:0010:2:ushort),CONST(0x1,2))))
02c138	FUN_02c138	02c170	LOAD	CAST(INT_ZEXT(LEAF(register:0010:2:ushort)))
02c138	FUN_02c138	02c182	STORE	CAST(INT_ZEXT(INT_ADD(SUBPIECE(PTRSUB(CONST(0x0,3),CONST(0xef0b,3)),CONST(0x0,4)),INT_ZEXT(LEAF(00ea19:1:byte)))))
02c138	FUN_02c138	02c18c	LOAD	CAST(INT_ZEXT(INT_ADD(LEAF(register:000e:2:ushort),CONST(0x8,2))))
02c138	FUN_02c138	02c190	LOAD	CAST(INT_ZEXT(LOAD(CONST(0x1f1,4),CAST(INT_ZEXT(INT_ADD(LEAF(register:000e:2:ushort),CONST(0x8,2)))))))
02c138	FUN_02c138	02c192	STORE	CAST(INT_ZEXT(INT_ADD(LEAF(register:0010:2:ushort),CONST(0x4,2))))
02c138	FUN_02c138	02c196	LOAD	CAST(INT_ZEXT(INT_ADD(LEAF(register:000e:2:ushort),CONST(0xa,2))))
02c138	FUN_02c138	02c19a	LOAD	CAST(INT_ZEXT(LOAD(CONST(0x1f1,4),CAST(INT_ZEXT(INT_ADD(LEAF(register:000e:2:ushort),CONST(0xa,2)))))))
02c138	FUN_02c138	02c19c	STORE	CAST(INT_ZEXT(INT_ADD(LEAF(register:0010:2:ushort),CONST(0x5,2))))
02c138	FUN_02c138	02c1a0	LOAD	CAST(INT_ZEXT(INT_ADD(LEAF(register:000e:2:ushort),CONST(0xc,2))))
02c138	FUN_02c138	02c1a4	LOAD	CAST(INT_ZEXT(LOAD(CONST(0x1f1,4),CAST(INT_ZEXT(INT_ADD(LEAF(register:000e:2:ushort),CONST(0xc,2)))))))
02c138	FUN_02c138	02c1a6	STORE	CAST(INT_ZEXT(INT_ADD(LEAF(register:0010:2:ushort),CONST(0x6,2))))
02c138	FUN_02c138	02c1aa	LOAD	CAST(INT_ZEXT(INT_ADD(LEAF(register:000e:2:ushort),CONST(0xe,2))))
02c138	FUN_02c138	02c1ae	LOAD	CAST(INT_ZEXT(LOAD(CONST(0x1f1,4),CAST(INT_ZEXT(INT_ADD(LEAF(register:000e:2:ushort),CONST(0xe,2)))))))
02c138	FUN_02c138	02c1b0	STORE	CAST(INT_ZEXT(INT_ADD(LEAF(register:0010:2:ushort),CONST(0x7,2))))
02c138	FUN_02c138	02c1b8	LOAD	CAST(INT_ZEXT(INT_ADD(LEAF(register:000e:2:ushort),CONST(0x1,2))))
02c138	FUN_02c138	02c1cc	STORE	CAST(INT_ZEXT(LEAF(register:0010:2:ushort)))
02c138	FUN_02c138	02c1d2	STORE	CAST(INT_ZEXT(INT_ADD(LEAF(register:0010:2:ushort),CONST(0x9,2))))
02c138	FUN_02c138	02c1da	STORE	CAST(INT_ZEXT(INT_ADD(LEAF(register:0010:2:ushort),CONST(0x8,2))))
02c138	FUN_02c138	02c202	STORE	CAST(INT_ZEXT(INT_ADD(SUBPIECE(PTRSUB(CONST(0x0,3),CONST(0xeeaa,3)),CONST(0x0,4)),INT_ZEXT(MULTIEQUAL(INDIRECT(INDIRECT(INDIRECT(INDIRECT(INDIRECT(INDIRECT(INDIRECT(INDIRECT(LEAF(00ea18:1:byte),CONST(0x760,4)),CONST(0x7f5,4)),CONST(0x846,4)),CONST(0x897,4)),CONST(0x8e8,4)),CONST(0x9cc,4)),CONST(0xa02,4)),CONST(0xa38,4)),LEAF(00ea18:1:byte),LEAF(00ea18:1:byte),LEAF(00ea18:1:byte))))))
02c138	FUN_02c138	02c210	LOAD	CAST(INT_ZEXT(INT_ADD(LEAF(register:000e:2:ushort),CONST(0x1,2))))
02c138	FUN_02c138	02c224	STORE	CAST(INT_ZEXT(INT_ADD(LEAF(register:0010:2:ushort),CONST(0x3,2))))
02c138	FUN_02c138	02c228	LOAD	CAST(INT_ZEXT(INT_ADD(LEAF(register:0010:2:ushort),CONST(0x2,2))))
02c138	FUN_02c138	02c236	LOAD	CAST(INT_ZEXT(INT_ADD(LEAF(register:0010:2:ushort),CONST(0x2,2))))
02c138	FUN_02c138	02c23a	STORE	CAST(INT_ZEXT(INT_ADD(LEAF(register:0010:2:ushort),CONST(0x2,2))))
02c138	FUN_02c138	02c244	LOAD	CAST(INT_ZEXT(INT_ADD(LEAF(register:000e:2:ushort),CONST(0x1,2))))
02c138	FUN_02c138	02c260	STORE	CAST(INT_ZEXT(LEAF(register:0010:2:ushort)))
02c138	FUN_02c138	02c264	STORE	CAST(INT_ZEXT(INT_ADD(LEAF(register:0010:2:ushort),CONST(0x1,2))))
02c138	FUN_02c138	02c2ce	LOAD	CAST(INT_ZEXT(INT_ADD(SUBPIECE(PTRSUB(CONST(0x0,3),CONST(0xeeaa,3)),CONST(0x0,4)),INT_ZEXT(MULTIEQUAL(MULTIEQUAL(LEAF(register:000c:1:byte),LEAF(register:000c:1:byte)),INT_ADD(LEAF(register:000c:1:byte),CONST(0x1,1)),INT_ADD(LEAF(register:000c:1:byte),CONST(0x1,1)))))))
02c138	FUN_02c138	02c2e2	LOAD	CAST(INT_ZEXT(INT_ADD(SUBPIECE(PTRSUB(CONST(0x0,3),CONST(0xea1a,3)),CONST(0x0,4)),INT_MULT(INT_ZEXT(LOAD(CONST(0x1f1,4),CAST(INT_ZEXT(INT_ADD(SUBPIECE(PTRSUB(CONST(0x0,3),CONST(0xeeaa,3)),CONST(0x0,4)),INT_ZEXT(MULTIEQUAL(MULTIEQUAL(LEAF(register:000c:1:byte),LEAF(register:000c:1:byte)),INT_ADD(LEAF(register:000c:1:byte),CONST(0x1,1)),INT_ADD(LEAF(register:000c:1:byte),CONST(0x1,1))))))))),CONST(0xc,2)))))
02c138	FUN_02c138	02c2ea	LOAD	CAST(INT_ZEXT(CAST(INT_ADD(SUBPIECE(PTRSUB(CONST(0x0,3),CONST(0xea24,3)),CONST(0x0,4)),INT_MULT(INT_ZEXT(LOAD(CONST(0x1f1,4),CAST(INT_ZEXT(INT_ADD(SUBPIECE(PTRSUB(CONST(0x0,3),CONST(0xeeaa,3)),CONST(0x0,4)),INT_ZEXT(MULTIEQUAL(MULTIEQUAL(LEAF(register:000c:1:byte),LEAF(register:000c:1:byte)),INT_ADD(LEAF(register:000c:1:byte),CONST(0x1,1)),INT_ADD(LEAF(register:000c:1:byte),CONST(0x1,1))))))))),CONST(0xc,2))))))
02c138	FUN_02c138	02c2f6	LOAD	CAST(INT_ZEXT(INT_ADD(SUBPIECE(PTRSUB(CONST(0x0,3),CONST(0xeeaa,3)),CONST(0x0,4)),INT_ZEXT(MULTIEQUAL(MULTIEQUAL(LEAF(register:000c:1:byte),LEAF(register:000c:1:byte)),INT_ADD(LEAF(register:000c:1:byte),CONST(0x1,1)),INT_ADD(LEAF(register:000c:1:byte),CONST(0x1,1)))))))
02c138	FUN_02c138	02c2fe	LOAD	CAST(INT_ZEXT(INT_ADD(SUBPIECE(PTRSUB(CONST(0x0,3),CONST(0xa5cd,3)),CONST(0x0,4)),INT_MULT(INT_ZEXT(LOAD(CONST(0x1f1,4),CAST(INT_ZEXT(INT_ADD(SUBPIECE(PTRSUB(CONST(0x0,3),CONST(0xeeaa,3)),CONST(0x0,4)),INT_ZEXT(MULTIEQUAL(MULTIEQUAL(LEAF(register:000c:1:byte),LEAF(register:000c:1:byte)),INT_ADD(LEAF(register:000c:1:byte),CONST(0x1,1)),INT_ADD(LEAF(register:000c:1:byte),CONST(0x1,1))))))))),CONST(0x10,2)))))
02c138	FUN_02c138	02c304	LOAD	CAST(INT_ZEXT(CAST(INT_ADD(SUBPIECE(PTRSUB(CONST(0x0,3),CONST(0xea24,3)),CONST(0x0,4)),INT_MULT(INT_ZEXT(LOAD(CONST(0x1f1,4),CAST(INT_ZEXT(INT_ADD(SUBPIECE(PTRSUB(CONST(0x0,3),CONST(0xeeaa,3)),CONST(0x0,4)),INT_ZEXT(MULTIEQUAL(MULTIEQUAL(LEAF(register:000c:1:byte),LEAF(register:000c:1:byte)),INT_ADD(LEAF(register:000c:1:byte),CONST(0x1,1)),INT_ADD(LEAF(register:000c:1:byte),CONST(0x1,1))))))))),CONST(0xc,2))))))
02c138	FUN_02c138	02c312	LOAD	CAST(INT_ZEXT(INT_ADD(INT_MULT(INT_ZEXT(LOAD(CONST(0x1f1,4),CAST(INT_ZEXT(INT_ADD(SUBPIECE(PTRSUB(CONST(0x0,3),CONST(0xeeaa,3)),CONST(0x0,4)),INT_ZEXT(MULTIEQUAL(MULTIEQUAL(LEAF(register:000c:1:byte),LEAF(register:000c:1:byte)),INT_ADD(LEAF(register:000c:1:byte),CONST(0x1,1)),INT_ADD(LEAF(register:000c:1:byte),CONST(0x1,1))))))))),CONST(0xc,2)),CONST(0xea1d,2))))
02c138	FUN_02c138	02c316	STORE	CAST(INT_ZEXT(INT_ADD(INT_MULT(INT_ZEXT(LOAD(CONST(0x1f1,4),CAST(INT_ZEXT(INT_ADD(SUBPIECE(PTRSUB(CONST(0x0,3),CONST(0xeeaa,3)),CONST(0x0,4)),INT_ZEXT(MULTIEQUAL(MULTIEQUAL(LEAF(register:000c:1:byte),LEAF(register:000c:1:byte)),INT_ADD(LEAF(register:000c:1:byte),CONST(0x1,1)),INT_ADD(LEAF(register:000c:1:byte),CONST(0x1,1))))))))),CONST(0xc,2)),CONST(0xea1d,2))))
02c138	FUN_02c138	02c31c	LOAD	CAST(INT_ZEXT(CAST(INT_ADD(SUBPIECE(PTRSUB(CONST(0x0,3),CONST(0xea24,3)),CONST(0x0,4)),INT_MULT(INT_ZEXT(LOAD(CONST(0x1f1,4),CAST(INT_ZEXT(INT_ADD(SUBPIECE(PTRSUB(CONST(0x0,3),CONST(0xeeaa,3)),CONST(0x0,4)),INT_ZEXT(MULTIEQUAL(MULTIEQUAL(LEAF(register:000c:1:byte),LEAF(register:000c:1:byte)),INT_ADD(LEAF(register:000c:1:byte),CONST(0x1,1)),INT_ADD(LEAF(register:000c:1:byte),CONST(0x1,1))))))))),CONST(0xc,2))))))
02c138	FUN_02c138	02c328	LOAD	CAST(INT_ZEXT(INT_ADD(SUBPIECE(PTRSUB(CONST(0x0,3),CONST(0xeeaa,3)),CONST(0x0,4)),INT_ZEXT(MULTIEQUAL(MULTIEQUAL(LEAF(register:000c:1:byte),LEAF(register:000c:1:byte)),INT_ADD(LEAF(register:000c:1:byte),CONST(0x1,1)),INT_ADD(LEAF(register:000c:1:byte),CONST(0x1,1)))))))
02c138	FUN_02c138	02c33c	STORE	CAST(INT_ZEXT(INT_ADD(INT_ADD(SUBPIECE(PTRSUB(CONST(0x0,3),CONST(0xea1a,3)),CONST(0x0,4)),INT_MULT(INT_ZEXT(LOAD(CONST(0x1f1,4),CAST(INT_ZEXT(INT_ADD(SUBPIECE(PTRSUB(CONST(0x0,3),CONST(0xeeaa,3)),CONST(0x0,4)),INT_ZEXT(MULTIEQUAL(MULTIEQUAL(LEAF(register:000c:1:byte),LEAF(register:000c:1:byte)),INT_ADD(LEAF(register:000c:1:byte),CONST(0x1,1)),INT_ADD(LEAF(register:000c:1:byte),CONST(0x1,1))))))))),CONST(0xc,2))),INT_ZEXT(MULTIEQUAL(COPY(CONST(0x0,1)),INT_ADD(LEAF(register:000e:1:byte),CONST(0x1,1)))))))
02c138	FUN_02c138	02c34e	LOAD	CAST(INT_ZEXT(INT_ADD(SUBPIECE(PTRSUB(CONST(0x0,3),CONST(0xef0b,3)),CONST(0x0,4)),INT_ZEXT(MULTIEQUAL(INT_ADD(LEAF(unique:100000d1:1:byte),CONST(0x1,1)),COPY(CONST(0x0,1)))))))
02c138	FUN_02c138	02c390	LOAD	CAST(INT_ZEXT(INT_ADD(INT_MULT(INT_ZEXT(LOAD(CONST(0x1f1,4),CAST(INT_ZEXT(INT_ADD(SUBPIECE(PTRSUB(CONST(0x0,3),CONST(0xeeaa,3)),CONST(0x0,4)),INT_ZEXT(MULTIEQUAL(MULTIEQUAL(LEAF(register:000c:1:byte),LEAF(register:000c:1:byte)),INT_ADD(LEAF(register:000c:1:byte),CONST(0x1,1)),INT_ADD(LEAF(register:000c:1:byte),CONST(0x1,1))))))))),CONST(0xc,2)),CONST(0xea1d,2))))
02c138	FUN_02c138	02c398	STORE	CAST(INT_ZEXT(INT_ADD(INT_MULT(INT_ZEXT(LOAD(CONST(0x1f1,4),CAST(INT_ZEXT(INT_ADD(SUBPIECE(PTRSUB(CONST(0x0,3),CONST(0xeeaa,3)),CONST(0x0,4)),INT_ZEXT(MULTIEQUAL(MULTIEQUAL(LEAF(register:000c:1:byte),LEAF(register:000c:1:byte)),INT_ADD(LEAF(register:000c:1:byte),CONST(0x1,1)),INT_ADD(LEAF(register:000c:1:byte),CONST(0x1,1))))))))),CONST(0xc,2)),CONST(0xea1d,2))))
02c138	FUN_02c138	02c53c	STORE	CAST(INT_ZEXT(INT_ADD(INT_ZEXT(INDIRECT(MULTIEQUAL(INDIRECT(INDIRECT(INDIRECT(INDIRECT(INDIRECT(INDIRECT(INDIRECT(INDIRECT(INDIRECT(INDIRECT(LEAF(00fac2:1:byte),CONST(0xc37,4)),CONST(0xc6b,4)),CONST(0xcae,4)),CONST(0xcc0,4)),CONST(0xd03,4)),CONST(0xd15,4)),CONST(0xd58,4)),CONST(0xd6a,4)),CONST(0xdad,4)),CONST(0xdbf,4)),INDIRECT(LEAF(00fac2:1:byte),CONST(0xac5,4))),CONST(0xe2a,4))),CONST(0xe865,2))))
02c230	FUN_02c230	02c236	LOAD	CAST(INT_ZEXT(INT_ADD(LEAF(register:0010:2:ushort),CONST(0x2,2))))
02c230	FUN_02c230	02c23a	STORE	CAST(INT_ZEXT(INT_ADD(LEAF(register:0010:2:ushort),CONST(0x2,2))))
02c230	FUN_02c230	02c260	STORE	CAST(INT_ZEXT(LEAF(register:0010:2:ushort)))
02c230	FUN_02c230	02c264	STORE	CAST(INT_ZEXT(INT_ADD(LEAF(register:0010:2:ushort),CONST(0x1,2))))
02c516	FUN_02c516	02c53c	STORE	CAST(INT_ZEXT(INT_ADD(INT_ZEXT(LEAF(00fac2:1:byte)),CONST(0xe865,2))))
02c866	FUN_02c866	02c8d0	STORE	CAST(INT_ZEXT(INT_ADD(INT_ZEXT(INDIRECT(INDIRECT(INDIRECT(INDIRECT(INDIRECT(LEAF(00fac2:1:byte),CONST(0x39,4)),CONST(0x16c,4)),CONST(0x1f9,4)),CONST(0x1ff,4)),CONST(0x205,4))),CONST(0xe865,2))))
02c86c	FUN_02c86c	02c8d0	STORE	CAST(INT_ZEXT(INT_ADD(INT_ZEXT(INDIRECT(INDIRECT(INDIRECT(INDIRECT(INDIRECT(LEAF(00fac2:1:byte),CONST(0x5,4)),CONST(0x138,4)),CONST(0x1c5,4)),CONST(0x1cb,4)),CONST(0x1d1,4))),CONST(0xe865,2))))
02c8b8	FUN_02c8b8	02c8d0	STORE	CAST(INT_ZEXT(INT_ADD(INT_ZEXT(INDIRECT(INDIRECT(INDIRECT(LEAF(00fac2:1:byte),CONST(0x1e,4)),CONST(0x24,4)),CONST(0x2a,4))),CONST(0xe865,2))))
02cfee	FUN_02cfee	029180	LOAD	CAST(INT_ZEXT(INT_ADD(LEAF(register:0010:2:short),CONST(0x34,2))))
02cfee	FUN_02cfee	02918e	LOAD	CAST(INT_ZEXT(INT_ADD(LEAF(register:0010:2:short),CONST(0x34,2))))
02cfee	FUN_02cfee	0291e0	STORE	CAST(INT_ZEXT(INT_ADD(LEAF(register:0010:2:short),CONST(0x34,2))))
02cfee	FUN_02cfee	029270	LOAD	CAST(INT_ZEXT(INT_ADD(LEAF(register:0010:2:short),CONST(0x1e,2))))
02cfee	FUN_02cfee	0292c4	LOAD	CAST(INT_ZEXT(INT_ADD(LEAF(register:0010:2:short),CONST(0x6,2))))
02cfee	FUN_02cfee	0292ce	STORE	CAST(INT_ZEXT(INT_ADD(LEAF(register:0010:2:short),CONST(0x6,2))))
02cfee	FUN_02cfee	0292d2	LOAD	CAST(INT_ZEXT(INT_ADD(LEAF(register:0010:2:short),CONST(0x8,2))))
02cfee	FUN_02cfee	0292dc	STORE	CAST(INT_ZEXT(INT_ADD(LEAF(register:0010:2:short),CONST(0x8,2))))
02cfee	FUN_02cfee	0292e0	LOAD	CAST(INT_ZEXT(INT_ADD(LEAF(register:0010:2:short),CONST(0x20,2))))
02cfee	FUN_02cfee	0292ea	STORE	CAST(INT_ZEXT(INT_ADD(LEAF(register:0010:2:short),CONST(0x20,2))))
02cfee	FUN_02cfee	0292ee	LOAD	CAST(INT_ZEXT(INT_ADD(LEAF(register:0010:2:short),CONST(0x1e,2))))
02cfee	FUN_02cfee	0292f8	STORE	CAST(INT_ZEXT(INT_ADD(LEAF(register:0010:2:short),CONST(0x1e,2))))
02cfee	FUN_02cfee	02cffc	LOAD	CAST(INT_ZEXT(INT_ADD(LEAF(00dbda:2:short),CONST(0x3b,2))))
02cfee	FUN_02cfee	02d00c	LOAD	CAST(INT_ZEXT(INT_ADD(LEAF(00dbda:2:short),CONST(0x3e,2))))
02cfee	FUN_02cfee	02d016	STORE	CAST(INT_ZEXT(INT_ADD(LEAF(00dbda:2:short),CONST(0x58,2))))
02cfee	FUN_02cfee	02d01c	LOAD	CAST(INT_ZEXT(INT_ADD(LEAF(00dbda:2:short),CONST(0x94,2))))
02cfee	FUN_02cfee	02d026	LOAD	CAST(INT_ZEXT(INT_ADD(LEAF(00dbda:2:short),CONST(0x3d,2))))
02cfee	FUN_02cfee	02d080	LOAD	CAST(INT_ZEXT(INT_ADD(LEAF(00dbda:2:short),CONST(0x3c,2))))
02cfee	FUN_02cfee	02d09c	LOAD	CAST(INT_ZEXT(INT_ADD(COPY(LEAF(00dbda:2:short)),CONST(0x58,2))))
02cfee	FUN_02cfee	02d0a0	STORE	CAST(INT_ZEXT(INT_ADD(COPY(LEAF(00dbda:2:short)),CONST(0x58,2))))
02cfee	FUN_02cfee	02d0a6	STORE	CAST(INT_ZEXT(INT_ADD(COPY(LEAF(00dbda:2:short)),CONST(0x58,2))))
02cfee	FUN_02cfee	02d0ac	STORE	CAST(INT_ZEXT(INT_ADD(COPY(LEAF(00dbda:2:short)),CONST(0x3b,2))))
02cfee	FUN_02cfee	02d0b4	STORE	CAST(INT_ZEXT(INT_ADD(LEAF(00dbda:2:short),CONST(0x58,2))))
02cfee	FUN_02cfee	02d0ba	STORE	CAST(INT_ZEXT(INT_ADD(COPY(LEAF(00dbda:2:short)),CONST(0x3b,2))))
02cfee	FUN_02cfee	02d0be	STORE	CAST(INT_ZEXT(INT_ADD(COPY(LEAF(00dbda:2:short)),CONST(0x3c,2))))
02cfee	FUN_02cfee	02d0c4	LOAD	CAST(INT_ZEXT(INT_ADD(LEAF(00dbda:2:short),CONST(0x3d,2))))
02cfee	FUN_02cfee	02d0ce	STORE	CAST(INT_ZEXT(INT_ADD(LEAF(00dbda:2:short),CONST(0x58,2))))
02cfee	FUN_02cfee	02d0d4	LOAD	CAST(INT_ZEXT(INT_ADD(LEAF(00dbda:2:short),CONST(0x92,2))))
02cfee	FUN_02cfee	02d0de	LOAD	CAST(INT_ZEXT(INT_ADD(LEAF(00dbda:2:short),CONST(0x3e,2))))
02cfee	FUN_02cfee	02d138	LOAD	CAST(INT_ZEXT(INT_ADD(LEAF(00dbda:2:short),CONST(0x3c,2))))
02cfee	FUN_02cfee	02d154	LOAD	CAST(INT_ZEXT(INT_ADD(COPY(LEAF(00dbda:2:short)),CONST(0x58,2))))
02cfee	FUN_02cfee	02d158	STORE	CAST(INT_ZEXT(INT_ADD(COPY(LEAF(00dbda:2:short)),CONST(0x58,2))))
02cfee	FUN_02cfee	02d15e	STORE	CAST(INT_ZEXT(INT_ADD(COPY(LEAF(00dbda:2:short)),CONST(0x58,2))))
02cfee	FUN_02cfee	02d164	STORE	CAST(INT_ZEXT(INT_ADD(COPY(LEAF(00dbda:2:short)),CONST(0x3b,2))))
02cfee	FUN_02cfee	02d16c	STORE	CAST(INT_ZEXT(INT_ADD(LEAF(00dbda:2:short),CONST(0x58,2))))
02cfee	FUN_02cfee	02d172	STORE	CAST(INT_ZEXT(INT_ADD(COPY(LEAF(00dbda:2:short)),CONST(0x3b,2))))
02cfee	FUN_02cfee	02d176	STORE	CAST(INT_ZEXT(INT_ADD(COPY(LEAF(00dbda:2:short)),CONST(0x3c,2))))
02cfee	FUN_02cfee	02d19e	LOAD	CAST(INT_ZEXT(INT_ADD(COPY(LEAF(00dbda:2:short)),CONST(0x94,2))))
02cfee	FUN_02cfee	02d1aa	LOAD	CAST(INT_ZEXT(INT_ADD(COPY(LEAF(00dbda:2:short)),CONST(0x92,2))))
02cfee	FUN_02cfee	02d1b8	LOAD	CAST(INT_ZEXT(INT_ADD(COPY(LEAF(00dbda:2:short)),CONST(0x8e,2))))
02cfee	FUN_02cfee	02d1be	LOAD	CAST(INT_ZEXT(INT_ADD(COPY(LEAF(00dbda:2:short)),CONST(0x8a,2))))
02cfee	FUN_02cfee	02d1c6	LOAD	CAST(INT_ZEXT(INT_ADD(COPY(LEAF(00dbda:2:short)),CONST(0x90,2))))
02cfee	FUN_02cfee	02d1cc	LOAD	CAST(INT_ZEXT(INT_ADD(COPY(LEAF(00dbda:2:short)),CONST(0x8c,2))))
02cfee	FUN_02cfee	02d1e4	LOAD	CAST(INT_ZEXT(INT_ADD(COPY(LEAF(00dbda:2:short)),CONST(0x90,2))))
02cfee	FUN_02cfee	02d1ea	LOAD	CAST(INT_ZEXT(INT_ADD(COPY(LEAF(00dbda:2:short)),CONST(0x8c,2))))
02cfee	FUN_02cfee	02d308	STORE	CAST(INT_ZEXT(INT_ADD(LEAF(00dbda:2:short),CONST(0xaf,2))))
02cfee	FUN_02cfee	02d310	STORE	CAST(INT_ZEXT(INT_ADD(LEAF(00dbda:2:short),CONST(0xaf,2))))
02cfee	FUN_02cfee	02d314	LOAD	CAST(INT_ZEXT(INT_ADD(COPY(LEAF(00dbda:2:short)),CONST(0x3d,2))))
02cfee	FUN_02cfee	02d318	STORE	CAST(INT_ZEXT(INT_ADD(COPY(LEAF(00dbda:2:short)),CONST(0xb0,2))))
02cfee	FUN_02cfee	02d31c	LOAD	CAST(INT_ZEXT(INT_ADD(COPY(LEAF(00dbda:2:short)),CONST(0x3e,2))))
02cfee	FUN_02cfee	02d320	STORE	CAST(INT_ZEXT(INT_ADD(COPY(LEAF(00dbda:2:short)),CONST(0xb1,2))))
02d02a	FUN_02d02a	02d080	LOAD	CAST(INT_ZEXT(INT_ADD(LEAF(register:0012:2:short),CONST(0x3c,2))))
02d02a	FUN_02d02a	02d09c	LOAD	CAST(INT_ZEXT(INT_ADD(LEAF(register:0012:2:short),CONST(0x58,2))))
02d02a	FUN_02d02a	02d0a0	STORE	CAST(INT_ZEXT(INT_ADD(LEAF(register:0012:2:short),CONST(0x58,2))))
02d02a	FUN_02d02a	02d0a6	STORE	CAST(INT_ZEXT(INT_ADD(LEAF(register:0012:2:short),CONST(0x58,2))))
02d02a	FUN_02d02a	02d0ac	STORE	CAST(INT_ZEXT(INT_ADD(LEAF(register:0012:2:short),CONST(0x3b,2))))
02d02a	FUN_02d02a	02d0be	STORE	CAST(INT_ZEXT(INT_ADD(LEAF(register:0012:2:short),CONST(0x3c,2))))
02d02a	FUN_02d02a	02d19e	LOAD	CAST(INT_ZEXT(INT_ADD(LEAF(register:0012:2:short),CONST(0x94,2))))
02d02a	FUN_02d02a	02d1aa	LOAD	CAST(INT_ZEXT(INT_ADD(LEAF(register:0012:2:short),CONST(0x92,2))))
02d02a	FUN_02d02a	02d1b8	LOAD	CAST(INT_ZEXT(INT_ADD(LEAF(register:0012:2:short),CONST(0x8e,2))))
02d02a	FUN_02d02a	02d1be	LOAD	CAST(INT_ZEXT(INT_ADD(LEAF(register:0012:2:short),CONST(0x8a,2))))
02d02a	FUN_02d02a	02d1c6	LOAD	CAST(INT_ZEXT(INT_ADD(LEAF(register:0012:2:short),CONST(0x90,2))))
02d02a	FUN_02d02a	02d1cc	LOAD	CAST(INT_ZEXT(INT_ADD(LEAF(register:0012:2:short),CONST(0x8c,2))))
02d02a	FUN_02d02a	02d1e4	LOAD	CAST(INT_ZEXT(INT_ADD(LEAF(register:0012:2:short),CONST(0x90,2))))
02d02a	FUN_02d02a	02d1ea	LOAD	CAST(INT_ZEXT(INT_ADD(LEAF(register:0012:2:short),CONST(0x8c,2))))
02d064	FUN_02d064	02d064	STORE	CAST(INT_ZEXT(INT_ADD(LEAF(register:0012:2:short),CONST(0x8c,2))))
02d064	FUN_02d064	02d06a	STORE	CAST(INT_ZEXT(INT_ADD(LEAF(register:0012:2:short),CONST(0x58,2))))
02d064	FUN_02d064	02d070	STORE	CAST(INT_ZEXT(INT_ADD(LEAF(register:0012:2:short),CONST(0x3b,2))))
02d064	FUN_02d064	02d074	LOAD	CAST(INT_ZEXT(INT_ADD(LEAF(register:0012:2:short),CONST(0x94,2))))
02d064	FUN_02d064	02d07a	STORE	CAST(INT_ZEXT(INT_ADD(LEAF(register:0012:2:short),CONST(0x94,2))))
02d064	FUN_02d064	02d0be	STORE	CAST(INT_ZEXT(INT_ADD(LEAF(register:0012:2:short),CONST(0x3c,2))))
02d064	FUN_02d064	02d19e	LOAD	CAST(INT_ZEXT(INT_ADD(LEAF(register:0012:2:short),CONST(0x94,2))))
02d064	FUN_02d064	02d1aa	LOAD	CAST(INT_ZEXT(INT_ADD(LEAF(register:0012:2:short),CONST(0x92,2))))
02d064	FUN_02d064	02d1b8	LOAD	CAST(INT_ZEXT(INT_ADD(LEAF(register:0012:2:short),CONST(0x8e,2))))
02d064	FUN_02d064	02d1be	LOAD	CAST(INT_ZEXT(INT_ADD(LEAF(register:0012:2:short),CONST(0x8a,2))))
02d064	FUN_02d064	02d1c6	LOAD	CAST(INT_ZEXT(INT_ADD(LEAF(register:0012:2:short),CONST(0x90,2))))
02d064	FUN_02d064	02d1cc	LOAD	CAST(INT_ZEXT(INT_ADD(LEAF(register:0012:2:short),CONST(0x8c,2))))
02d064	FUN_02d064	02d1e4	LOAD	CAST(INT_ZEXT(INT_ADD(LEAF(register:0012:2:short),CONST(0x90,2))))
02d064	FUN_02d064	02d1ea	LOAD	CAST(INT_ZEXT(INT_ADD(LEAF(register:0012:2:short),CONST(0x8c,2))))
02d068	FUN_02d068	02d06a	STORE	CAST(INT_ZEXT(INT_ADD(LEAF(register:0012:2:short),CONST(0x58,2))))
02d068	FUN_02d068	02d070	STORE	CAST(INT_ZEXT(INT_ADD(LEAF(register:0012:2:short),CONST(0x3b,2))))
02d068	FUN_02d068	02d074	LOAD	CAST(INT_ZEXT(INT_ADD(LEAF(register:0012:2:short),CONST(0x94,2))))
02d068	FUN_02d068	02d07a	STORE	CAST(INT_ZEXT(INT_ADD(LEAF(register:0012:2:short),CONST(0x94,2))))
02d068	FUN_02d068	02d0be	STORE	CAST(INT_ZEXT(INT_ADD(LEAF(register:0012:2:short),CONST(0x3c,2))))
02d068	FUN_02d068	02d19e	LOAD	CAST(INT_ZEXT(INT_ADD(LEAF(register:0012:2:short),CONST(0x94,2))))
02d068	FUN_02d068	02d1aa	LOAD	CAST(INT_ZEXT(INT_ADD(LEAF(register:0012:2:short),CONST(0x92,2))))
02d068	FUN_02d068	02d1b8	LOAD	CAST(INT_ZEXT(INT_ADD(LEAF(register:0012:2:short),CONST(0x8e,2))))
02d068	FUN_02d068	02d1be	LOAD	CAST(INT_ZEXT(INT_ADD(LEAF(register:0012:2:short),CONST(0x8a,2))))
02d068	FUN_02d068	02d1c6	LOAD	CAST(INT_ZEXT(INT_ADD(LEAF(register:0012:2:short),CONST(0x90,2))))
02d068	FUN_02d068	02d1cc	LOAD	CAST(INT_ZEXT(INT_ADD(LEAF(register:0012:2:short),CONST(0x8c,2))))
02d068	FUN_02d068	02d1e4	LOAD	CAST(INT_ZEXT(INT_ADD(LEAF(register:0012:2:short),CONST(0x90,2))))
02d068	FUN_02d068	02d1ea	LOAD	CAST(INT_ZEXT(INT_ADD(LEAF(register:0012:2:short),CONST(0x8c,2))))
02d11c	FUN_02d11c	02d11c	STORE	CAST(INT_ZEXT(INT_ADD(LEAF(register:0012:2:short),CONST(0x8a,2))))
02d11c	FUN_02d11c	02d122	STORE	CAST(INT_ZEXT(INT_ADD(LEAF(register:0012:2:short),CONST(0x58,2))))
02d11c	FUN_02d11c	02d128	STORE	CAST(INT_ZEXT(INT_ADD(LEAF(register:0012:2:short),CONST(0x3b,2))))
02d11c	FUN_02d11c	02d12c	LOAD	CAST(INT_ZEXT(INT_ADD(LEAF(register:0012:2:short),CONST(0x92,2))))
02d11c	FUN_02d11c	02d132	STORE	CAST(INT_ZEXT(INT_ADD(LEAF(register:0012:2:short),CONST(0x92,2))))
02d11c	FUN_02d11c	02d176	STORE	CAST(INT_ZEXT(INT_ADD(LEAF(register:0012:2:short),CONST(0x3c,2))))
02d11c	FUN_02d11c	02d19e	LOAD	CAST(INT_ZEXT(INT_ADD(LEAF(register:0012:2:short),CONST(0x94,2))))
02d11c	FUN_02d11c	02d1aa	LOAD	CAST(INT_ZEXT(INT_ADD(LEAF(register:0012:2:short),CONST(0x92,2))))
02d11c	FUN_02d11c	02d1b8	LOAD	CAST(INT_ZEXT(INT_ADD(LEAF(register:0012:2:short),CONST(0x8e,2))))
02d11c	FUN_02d11c	02d1be	LOAD	CAST(INT_ZEXT(INT_ADD(LEAF(register:0012:2:short),CONST(0x8a,2))))
02d11c	FUN_02d11c	02d1c6	LOAD	CAST(INT_ZEXT(INT_ADD(LEAF(register:0012:2:short),CONST(0x90,2))))
02d11c	FUN_02d11c	02d1cc	LOAD	CAST(INT_ZEXT(INT_ADD(LEAF(register:0012:2:short),CONST(0x8c,2))))
02d11c	FUN_02d11c	02d1e4	LOAD	CAST(INT_ZEXT(INT_ADD(LEAF(register:0012:2:short),CONST(0x90,2))))
02d11c	FUN_02d11c	02d1ea	LOAD	CAST(INT_ZEXT(INT_ADD(LEAF(register:0012:2:short),CONST(0x8c,2))))
02d17c	FUN_02d17c	02d17c	STORE	CAST(INT_ZEXT(INT_ADD(LEAF(register:0012:2:short),CONST(0x3c,2))))
02d17c	FUN_02d17c	02d180	LOAD	CAST(INT_ZEXT(INT_ADD(LEAF(register:0012:2:short),CONST(0x3d,2))))
02d17c	FUN_02d17c	02d18a	STORE	CAST(INT_ZEXT(INT_ADD(LEAF(register:0012:2:short),CONST(0x3b,2))))
02d17c	FUN_02d17c	02d190	LOAD	CAST(INT_ZEXT(INT_ADD(LEAF(register:0012:2:short),CONST(0x3e,2))))
02d17c	FUN_02d17c	02d19a	STORE	CAST(INT_ZEXT(INT_ADD(LEAF(register:0012:2:short),CONST(0x3b,2))))
02d17c	FUN_02d17c	02d19e	LOAD	CAST(INT_ZEXT(INT_ADD(LEAF(register:0012:2:short),CONST(0x94,2))))
02d17c	FUN_02d17c	02d1aa	LOAD	CAST(INT_ZEXT(INT_ADD(LEAF(register:0012:2:short),CONST(0x92,2))))
02d17c	FUN_02d17c	02d1b8	LOAD	CAST(INT_ZEXT(INT_ADD(LEAF(register:0012:2:short),CONST(0x8e,2))))
02d17c	FUN_02d17c	02d1be	LOAD	CAST(INT_ZEXT(INT_ADD(LEAF(register:0012:2:short),CONST(0x8a,2))))
02d17c	FUN_02d17c	02d1c6	LOAD	CAST(INT_ZEXT(INT_ADD(LEAF(register:0012:2:short),CONST(0x90,2))))
02d17c	FUN_02d17c	02d1cc	LOAD	CAST(INT_ZEXT(INT_ADD(LEAF(register:0012:2:short),CONST(0x8c,2))))
02d17c	FUN_02d17c	02d1e4	LOAD	CAST(INT_ZEXT(INT_ADD(LEAF(register:0012:2:short),CONST(0x90,2))))
02d17c	FUN_02d17c	02d1ea	LOAD	CAST(INT_ZEXT(INT_ADD(LEAF(register:0012:2:short),CONST(0x8c,2))))
02d262	FUN_02d262	02d268	LOAD	CAST(INT_ZEXT(INT_ADD(LEAF(register:0012:2:short),CONST(0x8a,2))))
02d262	FUN_02d262	02d284	STORE	CAST(INT_ZEXT(INT_ADD(LEAF(register:0012:2:short),CONST(0xac,2))))
02d262	FUN_02d262	02d28c	STORE	CAST(INT_ZEXT(INT_ADD(LEAF(register:0012:2:short),CONST(0xac,2))))
02d262	FUN_02d262	02d290	LOAD	CAST(INT_ZEXT(INT_ADD(LEAF(register:0012:2:short),CONST(0x8c,2))))
02d262	FUN_02d262	02d2b0	STORE	CAST(INT_ZEXT(INT_ADD(LEAF(register:0012:2:short),CONST(0xad,2))))
02d262	FUN_02d262	02d2b8	STORE	CAST(INT_ZEXT(INT_ADD(LEAF(register:0012:2:short),CONST(0xad,2))))
02d262	FUN_02d262	02d2bc	LOAD	CAST(INT_ZEXT(INT_ADD(LEAF(register:0012:2:short),CONST(0x8e,2))))
02d262	FUN_02d262	02d2dc	STORE	CAST(INT_ZEXT(INT_ADD(LEAF(register:0012:2:short),CONST(0xae,2))))
02d262	FUN_02d262	02d2e4	STORE	CAST(INT_ZEXT(INT_ADD(LEAF(register:0012:2:short),CONST(0xae,2))))
02d262	FUN_02d262	02d2e8	LOAD	CAST(INT_ZEXT(INT_ADD(LEAF(register:0012:2:short),CONST(0x90,2))))
02d262	FUN_02d262	02d308	STORE	CAST(INT_ZEXT(INT_ADD(LEAF(register:0012:2:short),CONST(0xaf,2))))
02d262	FUN_02d262	02d310	STORE	CAST(INT_ZEXT(INT_ADD(LEAF(register:0012:2:short),CONST(0xaf,2))))
02d262	FUN_02d262	02d314	LOAD	CAST(INT_ZEXT(INT_ADD(LEAF(register:0012:2:short),CONST(0x3d,2))))
02d262	FUN_02d262	02d318	STORE	CAST(INT_ZEXT(INT_ADD(LEAF(register:0012:2:short),CONST(0xb0,2))))
02d262	FUN_02d262	02d31c	LOAD	CAST(INT_ZEXT(INT_ADD(LEAF(register:0012:2:short),CONST(0x3e,2))))
02d262	FUN_02d262	02d320	STORE	CAST(INT_ZEXT(INT_ADD(LEAF(register:0012:2:short),CONST(0xb1,2))))
02d262	FUN_02d262	02d328	STORE	CAST(INT_ZEXT(INT_ADD(LEAF(register:0012:2:short),CONST(0xac,2))))
02d262	FUN_02d262	02d32c	STORE	CAST(INT_ZEXT(INT_ADD(LEAF(register:0012:2:short),CONST(0xad,2))))
02d262	FUN_02d262	02d330	STORE	CAST(INT_ZEXT(INT_ADD(LEAF(register:0012:2:short),CONST(0xae,2))))
02d262	FUN_02d262	02d334	STORE	CAST(INT_ZEXT(INT_ADD(LEAF(register:0012:2:short),CONST(0xaf,2))))
02d262	FUN_02d262	02d338	STORE	CAST(INT_ZEXT(INT_ADD(LEAF(register:0012:2:short),CONST(0xb0,2))))
02d262	FUN_02d262	02d33c	STORE	CAST(INT_ZEXT(INT_ADD(LEAF(register:0012:2:short),CONST(0xb1,2))))
02d304	FUN_02d304	02d308	STORE	CAST(INT_ZEXT(INT_ADD(LEAF(register:0012:2:short),CONST(0xaf,2))))
02d304	FUN_02d304	02d314	LOAD	CAST(INT_ZEXT(INT_ADD(LEAF(register:0012:2:short),CONST(0x3d,2))))
02d304	FUN_02d304	02d318	STORE	CAST(INT_ZEXT(INT_ADD(LEAF(register:0012:2:short),CONST(0xb0,2))))
02d304	FUN_02d304	02d31c	LOAD	CAST(INT_ZEXT(INT_ADD(LEAF(register:0012:2:short),CONST(0x3e,2))))
02d304	FUN_02d304	02d320	STORE	CAST(INT_ZEXT(INT_ADD(LEAF(register:0012:2:short),CONST(0xb1,2))))
02d394	FUN_02d394	02d3a6	STORE	CAST(INT_ZEXT(INT_ADD(LEAF(register:0012:2:short),CONST(0x66,2))))
02d394	FUN_02d394	02d3aa	LOAD	CAST(INT_ZEXT(INT_ADD(LEAF(register:0012:2:short),CONST(0x64,2))))
02d394	FUN_02d394	02d3b2	LOAD	CAST(INT_ZEXT(INT_ADD(LEAF(register:0012:2:short),CONST(0x60,2))))
02d394	FUN_02d394	02d3c6	STORE	CAST(INT_ZEXT(INT_ADD(LEAF(register:0012:2:short),CONST(0x68,2))))
02d394	FUN_02d394	02d3ca	LOAD	CAST(INT_ZEXT(INT_ADD(LEAF(register:0012:2:short),CONST(0x68,2))))
02d394	FUN_02d394	02d3ce	LOAD	CAST(INT_ZEXT(INT_ADD(LEAF(register:0012:2:short),CONST(0x66,2))))
02d394	FUN_02d394	02d3d6	LOAD	CAST(INT_ZEXT(INT_ADD(LEAF(register:0012:2:short),CONST(0x66,2))))
02d394	FUN_02d394	02d3da	STORE	CAST(INT_ZEXT(INT_ADD(LEAF(register:0012:2:short),CONST(0x6a,2))))
02d394	FUN_02d394	02d3e0	LOAD	CAST(INT_ZEXT(INT_ADD(LEAF(register:0012:2:short),CONST(0x68,2))))
02d394	FUN_02d394	02d3e4	STORE	CAST(INT_ZEXT(INT_ADD(LEAF(register:0012:2:short),CONST(0x6a,2))))
02d394	FUN_02d394	02d3ec	LOAD	CAST(INT_ZEXT(INT_ADD(LEAF(register:0012:2:short),CONST(0xa0,2))))
02d394	FUN_02d394	02d420	LOAD	CAST(INT_ZEXT(INT_ADD(LEAF(register:0012:2:short),CONST(0x6a,2))))
02d394	FUN_02d394	02d432	LOAD	CAST(INT_ZEXT(INT_ADD(LEAF(register:0012:2:short),CONST(0x6c,2))))
02d3e0	FUN_02d3e0	02d3e0	LOAD	CAST(INT_ZEXT(INT_ADD(LEAF(register:0012:2:short),CONST(0x68,2))))
02d3e0	FUN_02d3e0	02d3e4	STORE	CAST(INT_ZEXT(INT_ADD(LEAF(register:0012:2:short),CONST(0x6a,2))))
02d3e0	FUN_02d3e0	02d3ec	LOAD	CAST(INT_ZEXT(INT_ADD(LEAF(register:0012:2:short),CONST(0xa0,2))))
02d3e0	FUN_02d3e0	02d420	LOAD	CAST(INT_ZEXT(INT_ADD(LEAF(register:0012:2:short),CONST(0x6a,2))))
02d3e0	FUN_02d3e0	02d432	LOAD	CAST(INT_ZEXT(INT_ADD(LEAF(register:0012:2:short),CONST(0x6c,2))))
02d47c	FUN_02d47c	02d4aa	STORE	CAST(INT_ZEXT(INT_ADD(LEAF(register:0012:2:short),CONST(0x5e,2))))
02d47c	FUN_02d47c	02d4ae	STORE	CAST(INT_ZEXT(INT_ADD(LEAF(register:0012:2:short),CONST(0x60,2))))
02d47c	FUN_02d47c	02d4b2	STORE	CAST(INT_ZEXT(INT_ADD(LEAF(register:0012:2:short),CONST(0x62,2))))
02d47c	FUN_02d47c	02d4b6	STORE	CAST(INT_ZEXT(INT_ADD(LEAF(register:0012:2:short),CONST(0x64,2))))
02d50e	FUN_02d50e	02d50e	STORE	CAST(INT_ZEXT(INT_ADD(LEAF(register:0012:2:short),CONST(0x5e,2))))
02d50e	FUN_02d50e	02d514	STORE	CAST(INT_ZEXT(INT_ADD(LEAF(register:0012:2:short),CONST(0x40,2))))
02d56a	FUN_02d56a	02d56c	LOAD	CAST(INT_ZEXT(INT_ADD(LEAF(register:0012:2:short),CONST(0x2b,2))))
02d56a	FUN_02d56a	02d576	STORE	CAST(INT_ZEXT(INT_ADD(LEAF(register:0012:2:short),CONST(0x40,2))))
02d56a	FUN_02d56a	02d57a	LOAD	CAST(INT_ZEXT(INT_ADD(LEAF(register:0012:2:short),CONST(0x60,2))))
02d56a	FUN_02d56a	02d580	STORE	CAST(INT_ZEXT(INT_ADD(LEAF(register:0012:2:short),CONST(0x60,2))))
02d56a	FUN_02d56a	02d586	LOAD	CAST(INT_ZEXT(INT_ADD(LEAF(register:0012:2:short),CONST(0x5e,2))))
02d56a	FUN_02d56a	02d58c	STORE	CAST(INT_ZEXT(INT_ADD(LEAF(register:0012:2:short),CONST(0x5e,2))))
02d56a	FUN_02d56a	02d620	LOAD	CAST(INT_ZEXT(INT_ADD(LEAF(register:0012:2:short),CONST(0x42,2))))
02d56a	FUN_02d56a	02d62a	LOAD	CAST(INT_ZEXT(INT_ADD(LEAF(register:0012:2:short),CONST(0x64,2))))
02d56a	FUN_02d56a	02d630	STORE	CAST(INT_ZEXT(INT_ADD(LEAF(register:0012:2:short),CONST(0x64,2))))
02d56a	FUN_02d56a	02d636	LOAD	CAST(INT_ZEXT(INT_ADD(LEAF(register:0012:2:short),CONST(0x42,2))))
02d56a	FUN_02d56a	02d640	LOAD	CAST(INT_ZEXT(INT_ADD(LEAF(register:0012:2:short),CONST(0x62,2))))
02d56a	FUN_02d56a	02d646	STORE	CAST(INT_ZEXT(INT_ADD(LEAF(register:0012:2:short),CONST(0x62,2))))
02d56a	FUN_02d56a	02d656	LOAD	CAST(INT_ZEXT(INT_ADD(LEAF(register:0012:2:short),CONST(0x2d,2))))
02d56a	FUN_02d56a	02d65a	LOAD	CAST(INT_ZEXT(INT_ADD(LEAF(register:0012:2:short),CONST(0x2b,2))))
02d56a	FUN_02d56a	02d666	LOAD	CAST(INT_ZEXT(INT_ADD(LEAF(register:0012:2:short),CONST(0x2c,2))))
02d56a	FUN_02d56a	02d66a	LOAD	CAST(INT_ZEXT(INT_ADD(LEAF(register:0012:2:short),CONST(0x2b,2))))
02d56a	FUN_02d56a	02d674	LOAD	CAST(INT_ZEXT(INT_ADD(LEAF(register:0012:2:short),CONST(0x6e,2))))
02d56a	FUN_02d56a	02d684	LOAD	CAST(INT_ZEXT(INT_ADD(LEAF(register:0012:2:short),CONST(0x6c,2))))
02d872	FUN_02d872	02d95e	LOAD	CAST(INT_ZEXT(INT_ADD(LEAF(register:0012:2:short),CONST(0x2,2))))
02d872	FUN_02d872	02d968	LOAD	CAST(INT_ZEXT(INT_ADD(LEAF(register:0012:2:short),CONST(0x4,2))))
02d872	FUN_02d872	02d97a	LOAD	CAST(INT_ZEXT(INT_ADD(LEAF(register:0012:2:short),CONST(0x3f,2))))
02d872	FUN_02d872	02d99a	LOAD	CAST(INT_ZEXT(INT_ADD(LEAF(register:0012:2:short),CONST(0x74,2))))
02d872	FUN_02d872	02d9ae	LOAD	CAST(INT_ZEXT(INT_ADD(LEAF(register:0012:2:short),CONST(0x74,2))))
02d872	FUN_02d872	02d9b2	STORE	CAST(INT_ZEXT(INT_ADD(LEAF(register:0012:2:short),CONST(0x74,2))))
02d872	FUN_02d872	02d9b8	STORE	CAST(INT_ZEXT(INT_ADD(LEAF(register:0012:2:short),CONST(0x74,2))))
02d872	FUN_02d872	02d9e0	LOAD	CAST(INT_ZEXT(INT_ADD(LEAF(register:0012:2:short),CONST(0x45,2))))
02d872	FUN_02d872	02d9e4	STORE	CAST(INT_ZEXT(INT_ADD(LEAF(register:0012:2:short),CONST(0x45,2))))
02d872	FUN_02d872	02d9ec	STORE	CAST(INT_ZEXT(INT_ADD(LEAF(register:0012:2:short),CONST(0x45,2))))
02d872	FUN_02d872	02da14	LOAD	CAST(INT_ZEXT(INT_ADD(LEAF(register:0012:2:short),CONST(0x3f,2))))
02d872	FUN_02d872	02da1c	LOAD	CAST(INT_ZEXT(INT_ADD(LEAF(register:0012:2:short),CONST(0x4e,2))))
02d872	FUN_02d872	02da30	LOAD	CAST(INT_ZEXT(INT_ADD(LEAF(register:0012:2:short),CONST(0x42,2))))
02d872	FUN_02d872	02da90	LOAD	CAST(INT_ZEXT(INT_ADD(LEAF(register:0012:2:short),CONST(0xa0,2))))
02d872	FUN_02d872	02da9a	LOAD	CAST(INT_ZEXT(INT_ADD(LEAF(register:0012:2:short),CONST(0xb6,2))))
02d872	FUN_02d872	02db04	LOAD	CAST(INT_ZEXT(INT_ADD(LEAF(register:0012:2:short),CONST(0x42,2))))
02d872	FUN_02d872	02dbce	STORE	CAST(INT_ZEXT(INT_ADD(LEAF(register:0012:2:short),CONST(0x56,2))))
02d872	FUN_02d872	02ddca	LOAD	CAST(INT_ZEXT(SUBPIECE(INT_RIGHT(CAST(CALL(LEAF(036066:8:?),COPY(MULTIEQUAL(COPY(COPY(LEAF(register:000c:2:undefined2))),COPY(COPY(LEAF(register:000e:2:undefined2))),COPY(COPY(LEAF(register:000e:2:undefined2))),COPY(COPY(LEAF(register:000e:2:undefined2))))),INT_MULT(INT_ADD(INT_ZEXT(MULTIEQUAL(INDIRECT(INDIRECT(INDIRECT(MULTIEQUAL(INDIRECT(MULTIEQUAL(LEAF(00e91c:1:byte),LEAF(00e91c:1:byte)),CONST(0xea3,4)),LEAF(00e91c:1:byte)),CONST(0xe19,4)),CONST(0xe75,4)),CONST(0xe9d,4)),LEAF(00e91c:1:byte),LEAF(00e91c:1:byte),LEAF(00e91c:1:byte))),CONST(0x80,2)),CONST(0x100,2)))),CONST(0x10,4)),CONST(0x0,4))))
02d872	FUN_02d872	02ddce	STORE	CAST(INT_ZEXT(SUBPIECE(INT_RIGHT(CAST(CALL(LEAF(036066:8:?),COPY(MULTIEQUAL(COPY(COPY(LEAF(register:000c:2:undefined2))),COPY(COPY(LEAF(register:000e:2:undefined2))),COPY(COPY(LEAF(register:000e:2:undefined2))),COPY(COPY(LEAF(register:000e:2:undefined2))))),INT_MULT(INT_ADD(INT_ZEXT(MULTIEQUAL(INDIRECT(INDIRECT(INDIRECT(MULTIEQUAL(INDIRECT(MULTIEQUAL(LEAF(00e91c:1:byte),LEAF(00e91c:1:byte)),CONST(0xea3,4)),LEAF(00e91c:1:byte)),CONST(0xe19,4)),CONST(0xe75,4)),CONST(0xe9d,4)),LEAF(00e91c:1:byte),LEAF(00e91c:1:byte),LEAF(00e91c:1:byte))),CONST(0x80,2)),CONST(0x100,2)))),CONST(0x10,4)),CONST(0x0,4))))
02d872	FUN_02d872	02ddd4	LOAD	CAST(INT_ZEXT(INT_ADD(LEAF(register:0012:2:short),CONST(0x76,2))))
02d872	FUN_02d872	02ddd8	STORE	CAST(INT_ZEXT(INT_ADD(LEAF(register:0012:2:short),CONST(0x78,2))))
02d872	FUN_02d872	02dde2	LOAD	CAST(INT_ZEXT(INT_ADD(LEAF(register:0012:2:short),CONST(0x74,2))))
02d872	FUN_02d872	02ddec	LOAD	CAST(INT_ZEXT(INT_ADD(LEAF(register:0012:2:short),CONST(0x74,2))))
02d996	FUN_02d996	02d99a	LOAD	CAST(INT_ZEXT(INT_ADD(LEAF(register:0012:2:short),CONST(0x74,2))))
02d996	FUN_02d996	02d9ae	LOAD	CAST(INT_ZEXT(INT_ADD(LEAF(register:0012:2:short),CONST(0x74,2))))
02d996	FUN_02d996	02d9b2	STORE	CAST(INT_ZEXT(INT_ADD(LEAF(register:0012:2:short),CONST(0x74,2))))
02d996	FUN_02d996	02d9b8	STORE	CAST(INT_ZEXT(INT_ADD(LEAF(register:0012:2:short),CONST(0x74,2))))
02d996	FUN_02d996	02d9e0	LOAD	CAST(INT_ZEXT(INT_ADD(LEAF(register:0012:2:short),CONST(0x45,2))))
02d996	FUN_02d996	02d9e4	STORE	CAST(INT_ZEXT(INT_ADD(LEAF(register:0012:2:short),CONST(0x45,2))))
02d996	FUN_02d996	02d9ec	STORE	CAST(INT_ZEXT(INT_ADD(LEAF(register:0012:2:short),CONST(0x45,2))))
02d996	FUN_02d996	02da14	LOAD	CAST(INT_ZEXT(INT_ADD(LEAF(register:0012:2:short),CONST(0x3f,2))))
02d996	FUN_02d996	02da1c	LOAD	CAST(INT_ZEXT(INT_ADD(LEAF(register:0012:2:short),CONST(0x4e,2))))
02d996	FUN_02d996	02da30	LOAD	CAST(INT_ZEXT(INT_ADD(LEAF(register:0012:2:short),CONST(0x42,2))))
02d996	FUN_02d996	02da90	LOAD	CAST(INT_ZEXT(INT_ADD(LEAF(register:0012:2:short),CONST(0xa0,2))))
02d996	FUN_02d996	02da9a	LOAD	CAST(INT_ZEXT(INT_ADD(LEAF(register:0012:2:short),CONST(0xb6,2))))
02d996	FUN_02d996	02db04	LOAD	CAST(INT_ZEXT(INT_ADD(LEAF(register:0012:2:short),CONST(0x42,2))))
02d996	FUN_02d996	02dbce	STORE	CAST(INT_ZEXT(INT_ADD(LEAF(register:0012:2:short),CONST(0x56,2))))
02d996	FUN_02d996	02ddca	LOAD	CAST(INT_ZEXT(SUBPIECE(INT_RIGHT(CAST(CALL(LEAF(036066:8:?),COPY(MULTIEQUAL(COPY(COPY(LEAF(register:000c:2:undefined2))),COPY(COPY(LEAF(register:000e:2:undefined2))),COPY(COPY(LEAF(register:000e:2:undefined2))),COPY(COPY(LEAF(register:000e:2:undefined2))))),INT_MULT(INT_ADD(INT_ZEXT(MULTIEQUAL(INDIRECT(INDIRECT(INDIRECT(MULTIEQUAL(INDIRECT(MULTIEQUAL(LEAF(00e91c:1:byte),LEAF(00e91c:1:byte)),CONST(0xe3f,4)),LEAF(00e91c:1:byte)),CONST(0xdb5,4)),CONST(0xe11,4)),CONST(0xe39,4)),LEAF(00e91c:1:byte),LEAF(00e91c:1:byte),LEAF(00e91c:1:byte))),CONST(0x80,2)),CONST(0x100,2)))),CONST(0x10,4)),CONST(0x0,4))))
02d996	FUN_02d996	02ddce	STORE	CAST(INT_ZEXT(SUBPIECE(INT_RIGHT(CAST(CALL(LEAF(036066:8:?),COPY(MULTIEQUAL(COPY(COPY(LEAF(register:000c:2:undefined2))),COPY(COPY(LEAF(register:000e:2:undefined2))),COPY(COPY(LEAF(register:000e:2:undefined2))),COPY(COPY(LEAF(register:000e:2:undefined2))))),INT_MULT(INT_ADD(INT_ZEXT(MULTIEQUAL(INDIRECT(INDIRECT(INDIRECT(MULTIEQUAL(INDIRECT(MULTIEQUAL(LEAF(00e91c:1:byte),LEAF(00e91c:1:byte)),CONST(0xe3f,4)),LEAF(00e91c:1:byte)),CONST(0xdb5,4)),CONST(0xe11,4)),CONST(0xe39,4)),LEAF(00e91c:1:byte),LEAF(00e91c:1:byte),LEAF(00e91c:1:byte))),CONST(0x80,2)),CONST(0x100,2)))),CONST(0x10,4)),CONST(0x0,4))))
02d996	FUN_02d996	02ddd4	LOAD	CAST(INT_ZEXT(INT_ADD(LEAF(register:0012:2:short),CONST(0x76,2))))
02d996	FUN_02d996	02ddd8	STORE	CAST(INT_ZEXT(INT_ADD(LEAF(register:0012:2:short),CONST(0x78,2))))
02d996	FUN_02d996	02dde2	LOAD	CAST(INT_ZEXT(INT_ADD(LEAF(register:0012:2:short),CONST(0x74,2))))
02d996	FUN_02d996	02ddec	LOAD	CAST(INT_ZEXT(INT_ADD(LEAF(register:0012:2:short),CONST(0x74,2))))
02dbaa	FUN_02dbaa	02dbce	STORE	CAST(INT_ZEXT(INT_ADD(LEAF(register:0012:2:short),CONST(0x56,2))))
02e9b4	FUN_02e9b4	02eb30	LOAD	CAST(INT_ZEXT(INT_ADD(SUBPIECE(PTRSUB(CONST(0x0,3),CONST(0xe9a8,3)),CONST(0x0,4)),INT_MULT(INT_OR(LEAF(register:000c:2:ushort),CONST(0x6,2)),CONST(0x2,2)))))
02e9b4	FUN_02e9b4	02eb34	LOAD	CAST(INT_ZEXT(INT_ADD(SUBPIECE(PTRSUB(CONST(0x0,3),CONST(0xfc76,3)),CONST(0x0,4)),INT_OR(LEAF(register:000c:2:ushort),CONST(0x6,2)))))
02e9b4	FUN_02e9b4	02eb4a	STORE	CAST(INT_ZEXT(INT_ADD(SUBPIECE(PTRSUB(CONST(0x0,3),CONST(0xe9a8,3)),CONST(0x0,4)),INT_MULT(INT_OR(LEAF(register:000c:2:ushort),CONST(0x6,2)),CONST(0x2,2)))))
02e9b4	FUN_02e9b4	02eb52	LOAD	CAST(INT_ZEXT(INT_ADD(INT_MULT(INT_OR(LEAF(register:000c:2:ushort),CONST(0x6,2)),CONST(0x2,2)),CONST(0xe9a9,2))))
02e9b4	FUN_02e9b4	02eb66	STORE	CAST(INT_ZEXT(INT_ADD(SUBPIECE(PTRSUB(CONST(0x0,3),CONST(0xe9a8,3)),CONST(0x0,4)),INT_MULT(INT_OR(LEAF(register:000c:2:ushort),CONST(0x6,2)),CONST(0x2,2)))))
02e9b4	FUN_02e9b4	02eb72	LOAD	CAST(INT_ZEXT(INT_ADD(INT_MULT(INT_OR(LEAF(register:000c:2:ushort),CONST(0x6,2)),CONST(0x2,2)),CONST(0xe9a9,2))))
02e9b4	FUN_02e9b4	02eb84	STORE	CAST(INT_ZEXT(INT_ADD(SUBPIECE(PTRSUB(CONST(0x0,3),CONST(0xe9a8,3)),CONST(0x0,4)),INT_MULT(INT_OR(LEAF(register:000c:2:ushort),CONST(0x6,2)),CONST(0x2,2)))))
02e9b4	FUN_02e9b4	02ebac	LOAD	CAST(INT_ZEXT(INT_ADD(INT_MULT(INT_OR(LEAF(register:000c:2:ushort),CONST(0x6,2)),CONST(0x2,2)),CONST(0xaca6,2))))
02e9b4	FUN_02e9b4	02ebba	LOAD	CAST(INT_ZEXT(INT_ADD(INT_MULT(INT_OR(LEAF(register:000c:2:ushort),CONST(0x6,2)),CONST(0x2,2)),CONST(0xacb2,2))))
02e9b4	FUN_02e9b4	02ebc8	LOAD	CAST(INT_ZEXT(INT_ADD(INT_MULT(INT_OR(LEAF(register:000c:2:ushort),CONST(0x6,2)),CONST(0x2,2)),CONST(0xacb2,2))))
02e9b4	FUN_02e9b4	02ec30	STORE	CAST(INT_ZEXT(INT_ADD(SUBPIECE(PTRSUB(CONST(0x0,3),CONST(0xe9ba,3)),CONST(0x0,4)),INT_OR(LEAF(register:000c:2:ushort),CONST(0x6,2)))))
02ebce	FUN_02ebce	02ec30	STORE	CAST(INT_ZEXT(CAST(INT_ADD(SUBPIECE(PTRSUB(CONST(0x0,3),CONST(0xe9ba,3)),CONST(0x0,4)),LEAF(register:000c:2:short)))))
02ece0	FUN_02ece0	02edfc	LOAD	CAST(INT_ZEXT(CAST(INT_ADD(SUBPIECE(PTRSUB(CONST(0x0,3),CONST(0xe9ba,3)),CONST(0x0,4)),LEAF(register:000c:2:short)))))
02ece0	FUN_02ece0	02ee22	LOAD	CAST(INT_ZEXT(INT_ADD(INT_ADD(SUBPIECE(PTRSUB(CONST(0x0,3),CONST(0xd840,3)),CONST(0x0,4)),INT_MULT(LEAF(register:000c:2:short),CONST(0x40,2))),INT_ZEXT(LEAF(00e9b9:1:byte)))))
02ece0	FUN_02ece0	02eee4	STORE	CAST(INT_ZEXT(INT_ADD(INT_ADD(SUBPIECE(PTRSUB(CONST(0x0,3),CONST(0xd840,3)),CONST(0x0,4)),INT_MULT(LEAF(register:000c:2:short),CONST(0x40,2))),INT_ZEXT(INDIRECT(INDIRECT(LEAF(00e9b9:1:byte),CONST(0x6dd,4)),CONST(0xdaf,4))))))
02ece0	FUN_02ece0	02ef6c	STORE	CAST(INT_ZEXT(CAST(INT_ADD(SUBPIECE(PTRSUB(CONST(0x0,3),CONST(0xe9ba,3)),CONST(0x0,4)),LEAF(register:000c:2:short)))))
02ed0e	FUN_02ed0e	02edfc	LOAD	CAST(INT_ZEXT(CAST(INT_ADD(SUBPIECE(PTRSUB(CONST(0x0,3),CONST(0xe9ba,3)),CONST(0x0,4)),LEAF(register:000c:2:short)))))
02ed0e	FUN_02ed0e	02ee22	LOAD	CAST(INT_ZEXT(INT_ADD(INT_ADD(SUBPIECE(PTRSUB(CONST(0x0,3),CONST(0xd840,3)),CONST(0x0,4)),INT_MULT(LEAF(register:000c:2:short),CONST(0x40,2))),INT_ZEXT(INDIRECT(LEAF(00e9b9:1:byte),CONST(0x6b,4))))))
02ed0e	FUN_02ed0e	02eee4	STORE	CAST(INT_ZEXT(INT_ADD(INT_ADD(SUBPIECE(PTRSUB(CONST(0x0,3),CONST(0xd840,3)),CONST(0x0,4)),INT_MULT(LEAF(register:000c:2:short),CONST(0x40,2))),INT_ZEXT(INDIRECT(INDIRECT(INDIRECT(LEAF(00e9b9:1:byte),CONST(0x6b,4)),CONST(0x745,4)),CONST(0xe17,4))))))
02ed0e	FUN_02ed0e	02ef6c	STORE	CAST(INT_ZEXT(CAST(INT_ADD(SUBPIECE(PTRSUB(CONST(0x0,3),CONST(0xe9ba,3)),CONST(0x0,4)),LEAF(register:000c:2:short)))))
02efe2	FUN_02efe2	02f012	LOAD	CAST(INT_ZEXT(CAST(INT_ADD(SUBPIECE(PTRSUB(CONST(0x0,3),CONST(0xac8e,3)),CONST(0x0,4)),INT_MULT(LEAF(register:000c:2:short),CONST(0x2,2))))))
02efe2	FUN_02efe2	02f0b4	STORE	CAST(INT_ZEXT(CAST(INT_ADD(SUBPIECE(PTRSUB(CONST(0x0,3),CONST(0xe9cc,3)),CONST(0x0,4)),LEAF(register:000c:2:short)))))
02efe2	FUN_02efe2	02f0bc	STORE	CAST(INT_ZEXT(CAST(INT_ADD(SUBPIECE(PTRSUB(CONST(0x0,3),CONST(0xe9c0,3)),CONST(0x0,4)),INT_MULT(LEAF(register:000c:2:short),CONST(0x2,2))))))
02efe2	FUN_02efe2	02f0ca	LOAD	CAST(INT_ZEXT(INT_ADD(LEAF(register:000c:2:short),CONST(0xdc2e,2))))
02efe2	FUN_02efe2	02f0d4	LOAD	CAST(INT_ZEXT(INT_ADD(LEAF(register:000c:2:short),CONST(0xdc2e,2))))
02efe2	FUN_02efe2	02f0e6	STORE	CAST(INT_ZEXT(CAST(INT_ADD(SUBPIECE(PTRSUB(CONST(0x0,3),CONST(0xfc7c,3)),CONST(0x0,4)),LEAF(register:000c:2:short)))))
02efe2	FUN_02efe2	02f0ec	STORE	CAST(INT_ZEXT(CAST(INT_ADD(SUBPIECE(PTRSUB(CONST(0x0,3),CONST(0xfc7c,3)),CONST(0x0,4)),LEAF(register:000c:2:short)))))
02efe2	FUN_02efe2	02f0f0	LOAD	CAST(INT_ZEXT(CAST(INT_ADD(SUBPIECE(PTRSUB(CONST(0x0,3),CONST(0xfc7c,3)),CONST(0x0,4)),LEAF(register:000c:2:short)))))
02efe2	FUN_02efe2	02f0f6	STORE	CAST(INT_ZEXT(CAST(INT_ADD(SUBPIECE(PTRSUB(CONST(0x0,3),CONST(0xfc7c,3)),CONST(0x0,4)),LEAF(register:000c:2:short)))))
02f044	FUN_02f044	02f044	LOAD	CAST(INT_ZEXT(INT_ADD(LEAF(register:0008:2:short),CONST(0xac9a,2))))
02f044	FUN_02f044	02f0b4	STORE	CAST(INT_ZEXT(CAST(INT_ADD(SUBPIECE(PTRSUB(CONST(0x0,3),CONST(0xe9cc,3)),CONST(0x0,4)),LEAF(register:000c:2:short)))))
02f044	FUN_02f044	02f0bc	STORE	CAST(INT_ZEXT(CAST(INT_ADD(SUBPIECE(PTRSUB(CONST(0x0,3),CONST(0xe9c0,3)),CONST(0x0,4)),INT_MULT(LEAF(register:000c:2:short),CONST(0x2,2))))))
02f044	FUN_02f044	02f0ca	LOAD	CAST(INT_ZEXT(INT_ADD(LEAF(register:000c:2:short),CONST(0xdc2e,2))))
02f044	FUN_02f044	02f0d4	LOAD	CAST(INT_ZEXT(INT_ADD(LEAF(register:000c:2:short),CONST(0xdc2e,2))))
02f044	FUN_02f044	02f0e6	STORE	CAST(INT_ZEXT(CAST(INT_ADD(SUBPIECE(PTRSUB(CONST(0x0,3),CONST(0xfc7c,3)),CONST(0x0,4)),LEAF(register:000c:2:short)))))
02f044	FUN_02f044	02f0ec	STORE	CAST(INT_ZEXT(CAST(INT_ADD(SUBPIECE(PTRSUB(CONST(0x0,3),CONST(0xfc7c,3)),CONST(0x0,4)),LEAF(register:000c:2:short)))))
02f044	FUN_02f044	02f0f0	LOAD	CAST(INT_ZEXT(CAST(INT_ADD(SUBPIECE(PTRSUB(CONST(0x0,3),CONST(0xfc7c,3)),CONST(0x0,4)),LEAF(register:000c:2:short)))))
02f044	FUN_02f044	02f0f6	STORE	CAST(INT_ZEXT(CAST(INT_ADD(SUBPIECE(PTRSUB(CONST(0x0,3),CONST(0xfc7c,3)),CONST(0x0,4)),LEAF(register:000c:2:short)))))
02f642	FUN_02f642	02b9e8	LOAD	CAST(INT_ZEXT(INT_ADD(SUBPIECE(PTRSUB(CONST(0x0,3),CONST(0xe83c,3)),CONST(0x0,4)),MULTIEQUAL(COPY(CONST(0x0,2)),PIECE(SUBPIECE(INT_RIGHT(INT_ADD(LEAF(register:0012:2:short),CONST(0x56,2)),CONST(0x8,4)),CONST(0x0,4)),INT_ADD(LOAD(CONST(0x1f1,4),CAST(INT_ZEXT(INT_ADD(LEAF(register:0012:2:short),CONST(0x43,2))))),CONST(0x1,1))),LEAF(unique:00022d00:2:ushort)))))
02f642	FUN_02f642	02b9f8	LOAD	CAST(INT_ZEXT(INT_ADD(LEAF(register:0010:2:short),CONST(0xac06,2))))
02f642	FUN_02f642	02ba00	LOAD	CAST(INT_ZEXT(INT_ADD(SUBPIECE(PTRSUB(CONST(0x0,3),CONST(0xe854,3)),CONST(0x0,4)),INT_MULT(INT_ZEXT(LOAD(CONST(0x1f1,4),CAST(INT_ZEXT(INT_ADD(LEAF(register:0010:2:short),CONST(0xac06,2)))))),CONST(0x2,2)))))
02f642	FUN_02f642	02ba18	LOAD	CAST(INT_ZEXT(INT_ADD(LEAF(register:0010:2:short),CONST(0xac06,2))))
02f642	FUN_02f642	02ba20	STORE	CAST(INT_ZEXT(INT_ADD(SUBPIECE(PTRSUB(CONST(0x0,3),CONST(0xe854,3)),CONST(0x0,4)),INT_MULT(INT_ZEXT(LOAD(CONST(0x1f1,4),CAST(INT_ZEXT(INT_ADD(LEAF(register:0010:2:short),CONST(0xac06,2)))))),CONST(0x2,2)))))
02f642	FUN_02f642	02ba28	STORE	CAST(INT_ZEXT(INT_ADD(INT_MULT(LEAF(register:0010:2:short),CONST(0x2,2)),CONST(0xe830,2))))
02f642	FUN_02f642	02f676	LOAD	CAST(INT_ZEXT(INT_ADD(LEAF(register:0012:2:short),CONST(0x42,2))))
02f642	FUN_02f642	02f680	LOAD	CAST(INT_ZEXT(INT_ADD(LEAF(register:0012:2:short),CONST(0x4e,2))))
02f642	FUN_02f642	02f68c	LOAD	CAST(INT_ZEXT(INT_ADD(LEAF(register:0012:2:short),CONST(0x4e,2))))
02f642	FUN_02f642	02f77e	LOAD	CAST(INT_ZEXT(INT_ADD(LEAF(register:0012:2:short),CONST(0x5a,2))))
02f642	FUN_02f642	02f780	LOAD	CAST(INT_ZEXT(INT_ADD(LEAF(register:0012:2:short),CONST(0x5c,2))))
02f642	FUN_02f642	02f782	LOAD	CAST(INT_ZEXT(INT_ADD(LEAF(register:0012:2:short),CONST(0x20,2))))
02f642	FUN_02f642	02f794	STORE	CAST(INT_ZEXT(INT_ADD(LEAF(register:0012:2:short),CONST(0x5c,2))))
02f642	FUN_02f642	02f798	STORE	CAST(INT_ZEXT(INT_ADD(LEAF(register:0012:2:short),CONST(0x5a,2))))
02f642	FUN_02f642	02f79a	LOAD	CAST(INT_ZEXT(INT_ADD(LEAF(register:0012:2:short),CONST(0x20,2))))
02f642	FUN_02f642	02f79e	LOAD	CAST(INT_ZEXT(INT_ADD(LEAF(register:0012:2:short),CONST(0x5c,2))))
02f642	FUN_02f642	02f7b2	LOAD	CAST(INT_ZEXT(INT_ADD(LEAF(register:0012:2:short),CONST(0x56,2))))
02f642	FUN_02f642	02f7b6	STORE	CAST(INT_ZEXT(INT_ADD(LEAF(register:0012:2:short),CONST(0x56,2))))
02f642	FUN_02f642	02f7c0	LOAD	CAST(INT_ZEXT(INT_ADD(LEAF(register:0012:2:short),CONST(0x56,2))))
02f642	FUN_02f642	02f7c6	STORE	CAST(INT_ZEXT(INT_ADD(LEAF(register:0012:2:short),CONST(0x56,2))))
02f642	FUN_02f642	02f7c8	LOAD	CAST(INT_ZEXT(INT_ADD(LEAF(register:0012:2:short),CONST(0x20,2))))
02f642	FUN_02f642	02f7cc	STORE	CAST(INT_ZEXT(INT_ADD(LEAF(register:0012:2:short),CONST(0x5c,2))))
02f642	FUN_02f642	02f7d4	STORE	CAST(INT_ZEXT(INT_ADD(LEAF(register:0012:2:short),CONST(0x5a,2))))
02f642	FUN_02f642	02f7e2	LOAD	CAST(INT_ZEXT(INT_ADD(LEAF(register:0012:2:short),CONST(0x56,2))))
02f642	FUN_02f642	02f7ec	LOAD	CAST(INT_ZEXT(INT_ADD(LEAF(register:0012:2:short),CONST(0x43,2))))
02f642	FUN_02f642	02f800	LOAD	CAST(INT_ZEXT(INT_ADD(LEAF(register:0012:2:short),CONST(0x96,2))))
02f642	FUN_02f642	02f810	LOAD	CAST(INT_ZEXT(INT_ADD(LEAF(register:0012:2:short),CONST(0x56,2))))
02f642	FUN_02f642	02f816	STORE	CAST(INT_ZEXT(INT_ADD(LEAF(register:0012:2:short),CONST(0x56,2))))
02f642	FUN_02f642	02f81a	LOAD	CAST(INT_ZEXT(INT_ADD(LEAF(register:0012:2:short),CONST(0x96,2))))
02f642	FUN_02f642	02f82a	LOAD	CAST(INT_ZEXT(INT_ADD(LEAF(register:0012:2:short),CONST(0x56,2))))
02f642	FUN_02f642	02f82e	STORE	CAST(INT_ZEXT(INT_ADD(LEAF(register:0012:2:short),CONST(0x56,2))))
02f642	FUN_02f642	02f838	LOAD	CAST(INT_ZEXT(INT_ADD(LEAF(register:0012:2:short),CONST(0x56,2))))
02f642	FUN_02f642	02f83c	STORE	CAST(INT_ZEXT(INT_ADD(LEAF(register:0012:2:short),CONST(0x56,2))))
02f642	FUN_02f642	02f83e	LOAD	CAST(INT_ZEXT(INT_ADD(LEAF(register:0012:2:short),CONST(0x96,2))))
02f642	FUN_02f642	02f886	LOAD	CAST(INT_ZEXT(INT_ADD(LEAF(register:0012:2:short),CONST(0x56,2))))
02f642	FUN_02f642	02f88c	STORE	CAST(INT_ZEXT(INT_ADD(LEAF(register:0012:2:short),CONST(0x56,2))))
02f642	FUN_02f642	02f892	LOAD	CAST(INT_ZEXT(INT_ADD(LEAF(register:0012:2:short),CONST(0x43,2))))
02f642	FUN_02f642	02f898	STORE	CAST(INT_ZEXT(INT_ADD(LEAF(register:0012:2:short),CONST(0x43,2))))
02f642	FUN_02f642	02f8a4	LOAD	CAST(INT_ZEXT(INT_ADD(LEAF(register:0012:2:short),CONST(0x56,2))))
02f642	FUN_02f642	02f8aa	STORE	CAST(INT_ZEXT(INT_ADD(LEAF(register:0012:2:short),CONST(0x56,2))))
02f642	FUN_02f642	02f8ae	STORE	CAST(INT_ZEXT(INT_ADD(LEAF(register:0012:2:short),CONST(0x43,2))))
02f642	FUN_02f642	02f8b4	STORE	CAST(INT_ZEXT(INT_ADD(LEAF(register:0012:2:short),CONST(0x96,2))))
02f642	FUN_02f642	02f8be	LOAD	CAST(INT_ZEXT(INT_ADD(LEAF(register:0012:2:short),CONST(0xa2,2))))
02f642	FUN_02f642	02f8dc	STORE	CAST(INT_ZEXT(INT_ADD(LEAF(register:0012:2:short),CONST(0x31,2))))
02f642	FUN_02f642	02f904	LOAD	CAST(INT_ZEXT(INT_ADD(LEAF(register:0012:2:short),CONST(0xa2,2))))
02f642	FUN_02f642	02f908	STORE	CAST(INT_ZEXT(INT_ADD(LEAF(register:0012:2:short),CONST(0xa2,2))))
02f642	FUN_02f642	02f976	LOAD	CAST(INT_ZEXT(INT_ADD(LEAF(register:0012:2:short),CONST(0x37,2))))
02f642	FUN_02f642	02f984	LOAD	CAST(INT_ZEXT(INT_ADD(LEAF(register:0012:2:short),CONST(0x37,2))))
02f642	FUN_02f642	02f988	STORE	CAST(INT_ZEXT(INT_ADD(LEAF(register:0012:2:short),CONST(0x37,2))))
02f642	FUN_02f642	02f98a	LOAD	CAST(INT_ZEXT(INT_ADD(LEAF(register:0012:2:short),CONST(0x2a,2))))
02f642	FUN_02f642	02f99a	LOAD	CAST(INT_ZEXT(INT_ADD(LEAF(register:0012:2:short),CONST(0x2a,2))))
02f642	FUN_02f642	02f99e	STORE	CAST(INT_ZEXT(INT_ADD(LEAF(register:0012:2:short),CONST(0x2a,2))))
02f642	FUN_02f642	02f9c0	LOAD	CAST(INT_ZEXT(INT_ADD(INDIRECT(INDIRECT(MULTIEQUAL(INDIRECT(MULTIEQUAL(INDIRECT(MULTIEQUAL(INDIRECT(INDIRECT(MULTIEQUAL(INDIRECT(MULTIEQUAL(INDIRECT(LEAF(00ef7e:2:short),CONST(0x4c1,4)),INDIRECT(LEAF(00ef7e:2:short),CONST(0x15c9,4)),INDIRECT(LEAF(00ef7e:2:short),CONST(0x1562,4))),CONST(0x85b,4)),INDIRECT(LEAF(00ef7e:2:short),CONST(0x133b,4)),INDIRECT(MULTIEQUAL(INDIRECT(LEAF(00ef7e:2:short),CONST(0x13a1,4)),LEAF(00ef7e:2:short)),CONST(0x1370,4)),INDIRECT(LEAF(00ef7e:2:short),CONST(0x142d,4))),CONST(0x1176,4)),CONST(0x121b,4)),LEAF(00ef7e:2:short),INDIRECT(LEAF(00ef7e:2:short),CONST(0x12a5,4)),LEAF(00ef7e:2:short),LEAF(00ef7e:2:short),LEAF(00ef7e:2:short),LEAF(00ef7e:2:short),LEAF(00ef7e:2:short),LEAF(00ef7e:2:short),LEAF(00ef7e:2:short),LEAF(00ef7e:2:short),LEAF(00ef7e:2:short),LEAF(00ef7e:2:short)),CONST(0x1090,4)),LEAF(00ef7e:2:short)),CONST(0xff5,4)),LEAF(00ef7e:2:short)),CONST(0xda2,4)),CONST(0xdc1,4)),CONST(0x35,2))))
02f642	FUN_02f642	02f9ce	LOAD	CAST(INT_ZEXT(INT_ADD(INDIRECT(INDIRECT(MULTIEQUAL(INDIRECT(MULTIEQUAL(INDIRECT(MULTIEQUAL(INDIRECT(INDIRECT(MULTIEQUAL(INDIRECT(MULTIEQUAL(INDIRECT(LEAF(00ef7e:2:short),CONST(0x4c1,4)),INDIRECT(LEAF(00ef7e:2:short),CONST(0x15c9,4)),INDIRECT(LEAF(00ef7e:2:short),CONST(0x1562,4))),CONST(0x85b,4)),INDIRECT(LEAF(00ef7e:2:short),CONST(0x133b,4)),INDIRECT(MULTIEQUAL(INDIRECT(LEAF(00ef7e:2:short),CONST(0x13a1,4)),LEAF(00ef7e:2:short)),CONST(0x1370,4)),INDIRECT(LEAF(00ef7e:2:short),CONST(0x142d,4))),CONST(0x1176,4)),CONST(0x121b,4)),LEAF(00ef7e:2:short),INDIRECT(LEAF(00ef7e:2:short),CONST(0x12a5,4)),LEAF(00ef7e:2:short),LEAF(00ef7e:2:short),LEAF(00ef7e:2:short),LEAF(00ef7e:2:short),LEAF(00ef7e:2:short),LEAF(00ef7e:2:short),LEAF(00ef7e:2:short),LEAF(00ef7e:2:short),LEAF(00ef7e:2:short),LEAF(00ef7e:2:short)),CONST(0x1090,4)),LEAF(00ef7e:2:short)),CONST(0xff5,4)),LEAF(00ef7e:2:short)),CONST(0xda2,4)),CONST(0xdc1,4)),CONST(0x35,2))))
02f642	FUN_02f642	02f9d2	STORE	CAST(INT_ZEXT(INT_ADD(INDIRECT(INDIRECT(MULTIEQUAL(INDIRECT(MULTIEQUAL(INDIRECT(MULTIEQUAL(INDIRECT(INDIRECT(MULTIEQUAL(INDIRECT(MULTIEQUAL(INDIRECT(LEAF(00ef7e:2:short),CONST(0x4c1,4)),INDIRECT(LEAF(00ef7e:2:short),CONST(0x15c9,4)),INDIRECT(LEAF(00ef7e:2:short),CONST(0x1562,4))),CONST(0x85b,4)),INDIRECT(LEAF(00ef7e:2:short),CONST(0x133b,4)),INDIRECT(MULTIEQUAL(INDIRECT(LEAF(00ef7e:2:short),CONST(0x13a1,4)),LEAF(00ef7e:2:short)),CONST(0x1370,4)),INDIRECT(LEAF(00ef7e:2:short),CONST(0x142d,4))),CONST(0x1176,4)),CONST(0x121b,4)),LEAF(00ef7e:2:short),INDIRECT(LEAF(00ef7e:2:short),CONST(0x12a5,4)),LEAF(00ef7e:2:short),LEAF(00ef7e:2:short),LEAF(00ef7e:2:short),LEAF(00ef7e:2:short),LEAF(00ef7e:2:short),LEAF(00ef7e:2:short),LEAF(00ef7e:2:short),LEAF(00ef7e:2:short),LEAF(00ef7e:2:short),LEAF(00ef7e:2:short)),CONST(0x1090,4)),LEAF(00ef7e:2:short)),CONST(0xff5,4)),LEAF(00ef7e:2:short)),CONST(0xda2,4)),CONST(0xdc1,4)),CONST(0x35,2))))
02f642	FUN_02f642	02f9dc	STORE	CAST(INT_ZEXT(INT_ADD(INDIRECT(INDIRECT(MULTIEQUAL(INDIRECT(MULTIEQUAL(INDIRECT(MULTIEQUAL(INDIRECT(INDIRECT(MULTIEQUAL(INDIRECT(MULTIEQUAL(INDIRECT(LEAF(00ef7e:2:short),CONST(0x4c1,4)),INDIRECT(LEAF(00ef7e:2:short),CONST(0x15c9,4)),INDIRECT(LEAF(00ef7e:2:short),CONST(0x1562,4))),CONST(0x85b,4)),INDIRECT(LEAF(00ef7e:2:short),CONST(0x133b,4)),INDIRECT(MULTIEQUAL(INDIRECT(LEAF(00ef7e:2:short),CONST(0x13a1,4)),LEAF(00ef7e:2:short)),CONST(0x1370,4)),INDIRECT(LEAF(00ef7e:2:short),CONST(0x142d,4))),CONST(0x1176,4)),CONST(0x121b,4)),LEAF(00ef7e:2:short),INDIRECT(LEAF(00ef7e:2:short),CONST(0x12a5,4)),LEAF(00ef7e:2:short),LEAF(00ef7e:2:short),LEAF(00ef7e:2:short),LEAF(00ef7e:2:short),LEAF(00ef7e:2:short),LEAF(00ef7e:2:short),LEAF(00ef7e:2:short),LEAF(00ef7e:2:short),LEAF(00ef7e:2:short),LEAF(00ef7e:2:short)),CONST(0x1090,4)),LEAF(00ef7e:2:short)),CONST(0xff5,4)),LEAF(00ef7e:2:short)),CONST(0xda2,4)),CONST(0xdc1,4)),CONST(0x35,2))))
02f642	FUN_02f642	02f9ea	LOAD	CAST(INT_ZEXT(INT_ADD(LEAF(register:0012:2:short),CONST(0x6,2))))
02f642	FUN_02f642	02f9f6	STORE	CAST(INT_ZEXT(INT_ADD(LEAF(register:0012:2:short),CONST(0x1c,2))))
02f642	FUN_02f642	02fa10	LOAD	CAST(INT_ZEXT(INT_ADD(LEAF(register:0012:2:short),CONST(0x18,2))))
02f642	FUN_02f642	02fa16	LOAD	CAST(INT_ZEXT(INT_ADD(LEAF(register:0012:2:short),CONST(0x1c,2))))
02f642	FUN_02f642	02fa1e	STORE	CAST(INT_ZEXT(INT_ADD(LEAF(register:0012:2:short),CONST(0x1a,2))))
02f642	FUN_02f642	02fa24	LOAD	CAST(INT_ZEXT(INT_ADD(LEAF(register:0012:2:short),CONST(0x18,2))))
02f642	FUN_02f642	02fa2c	LOAD	CAST(INT_ZEXT(INT_ADD(LEAF(register:0012:2:short),CONST(0x38,2))))
02f642	FUN_02f642	02fa40	LOAD	CAST(INT_ZEXT(INT_ADD(LEAF(register:0012:2:short),CONST(0x1c,2))))
02f642	FUN_02f642	02fa48	STORE	CAST(INT_ZEXT(INT_ADD(LEAF(register:0012:2:short),CONST(0x1a,2))))
02f642	FUN_02f642	02fa50	LOAD	CAST(INT_ZEXT(INT_ADD(LEAF(register:0012:2:short),CONST(0xa2,2))))
02f642	FUN_02f642	02fa88	STORE	CAST(INT_ZEXT(INT_ADD(LEAF(register:0012:2:short),CONST(0x2,2))))
02f642	FUN_02f642	02fa90	STORE	CAST(INT_ZEXT(INT_ADD(LEAF(register:0012:2:short),CONST(0x4,2))))
02f8f2	FUN_02f8f2	02f976	LOAD	CAST(INT_ZEXT(INT_ADD(LEAF(register:0012:2:short),CONST(0x37,2))))
02f8f2	FUN_02f8f2	02f984	LOAD	CAST(INT_ZEXT(INT_ADD(LEAF(register:0012:2:short),CONST(0x37,2))))
02f8f2	FUN_02f8f2	02f988	STORE	CAST(INT_ZEXT(INT_ADD(LEAF(register:0012:2:short),CONST(0x37,2))))
02f8f2	FUN_02f8f2	02f98a	LOAD	CAST(INT_ZEXT(INT_ADD(LEAF(register:0012:2:short),CONST(0x2a,2))))
02f8f2	FUN_02f8f2	02f99a	LOAD	CAST(INT_ZEXT(INT_ADD(LEAF(register:0012:2:short),CONST(0x2a,2))))
02f8f2	FUN_02f8f2	02f99e	STORE	CAST(INT_ZEXT(INT_ADD(LEAF(register:0012:2:short),CONST(0x2a,2))))
02f8f2	FUN_02f8f2	02f9c0	LOAD	CAST(INT_ZEXT(INT_ADD(INDIRECT(INDIRECT(MULTIEQUAL(INDIRECT(MULTIEQUAL(INDIRECT(MULTIEQUAL(INDIRECT(INDIRECT(INDIRECT(LEAF(00ef7e:2:short),CONST(0x62,4)),CONST(0x978,4)),CONST(0xa1d,4)),LEAF(00ef7e:2:short),INDIRECT(LEAF(00ef7e:2:short),CONST(0xaa7,4)),LEAF(00ef7e:2:short),LEAF(00ef7e:2:short),LEAF(00ef7e:2:short),LEAF(00ef7e:2:short),LEAF(00ef7e:2:short),LEAF(00ef7e:2:short),LEAF(00ef7e:2:short),LEAF(00ef7e:2:short),LEAF(00ef7e:2:short),LEAF(00ef7e:2:short)),CONST(0x892,4)),LEAF(00ef7e:2:short)),CONST(0x7f7,4)),LEAF(00ef7e:2:short)),CONST(0x5a4,4)),CONST(0x5c3,4)),CONST(0x35,2))))
02f8f2	FUN_02f8f2	02f9ce	LOAD	CAST(INT_ZEXT(INT_ADD(INDIRECT(INDIRECT(MULTIEQUAL(INDIRECT(MULTIEQUAL(INDIRECT(MULTIEQUAL(INDIRECT(INDIRECT(INDIRECT(LEAF(00ef7e:2:short),CONST(0x62,4)),CONST(0x978,4)),CONST(0xa1d,4)),LEAF(00ef7e:2:short),INDIRECT(LEAF(00ef7e:2:short),CONST(0xaa7,4)),LEAF(00ef7e:2:short),LEAF(00ef7e:2:short),LEAF(00ef7e:2:short),LEAF(00ef7e:2:short),LEAF(00ef7e:2:short),LEAF(00ef7e:2:short),LEAF(00ef7e:2:short),LEAF(00ef7e:2:short),LEAF(00ef7e:2:short),LEAF(00ef7e:2:short)),CONST(0x892,4)),LEAF(00ef7e:2:short)),CONST(0x7f7,4)),LEAF(00ef7e:2:short)),CONST(0x5a4,4)),CONST(0x5c3,4)),CONST(0x35,2))))
02f8f2	FUN_02f8f2	02f9d2	STORE	CAST(INT_ZEXT(INT_ADD(INDIRECT(INDIRECT(MULTIEQUAL(INDIRECT(MULTIEQUAL(INDIRECT(MULTIEQUAL(INDIRECT(INDIRECT(INDIRECT(LEAF(00ef7e:2:short),CONST(0x62,4)),CONST(0x978,4)),CONST(0xa1d,4)),LEAF(00ef7e:2:short),INDIRECT(LEAF(00ef7e:2:short),CONST(0xaa7,4)),LEAF(00ef7e:2:short),LEAF(00ef7e:2:short),LEAF(00ef7e:2:short),LEAF(00ef7e:2:short),LEAF(00ef7e:2:short),LEAF(00ef7e:2:short),LEAF(00ef7e:2:short),LEAF(00ef7e:2:short),LEAF(00ef7e:2:short),LEAF(00ef7e:2:short)),CONST(0x892,4)),LEAF(00ef7e:2:short)),CONST(0x7f7,4)),LEAF(00ef7e:2:short)),CONST(0x5a4,4)),CONST(0x5c3,4)),CONST(0x35,2))))
02f8f2	FUN_02f8f2	02f9dc	STORE	CAST(INT_ZEXT(INT_ADD(INDIRECT(INDIRECT(MULTIEQUAL(INDIRECT(MULTIEQUAL(INDIRECT(MULTIEQUAL(INDIRECT(INDIRECT(INDIRECT(LEAF(00ef7e:2:short),CONST(0x62,4)),CONST(0x978,4)),CONST(0xa1d,4)),LEAF(00ef7e:2:short),INDIRECT(LEAF(00ef7e:2:short),CONST(0xaa7,4)),LEAF(00ef7e:2:short),LEAF(00ef7e:2:short),LEAF(00ef7e:2:short),LEAF(00ef7e:2:short),LEAF(00ef7e:2:short),LEAF(00ef7e:2:short),LEAF(00ef7e:2:short),LEAF(00ef7e:2:short),LEAF(00ef7e:2:short),LEAF(00ef7e:2:short)),CONST(0x892,4)),LEAF(00ef7e:2:short)),CONST(0x7f7,4)),LEAF(00ef7e:2:short)),CONST(0x5a4,4)),CONST(0x5c3,4)),CONST(0x35,2))))
02f8f2	FUN_02f8f2	02f9ea	LOAD	CAST(INT_ZEXT(INT_ADD(LEAF(register:0012:2:short),CONST(0x6,2))))
02f8f2	FUN_02f8f2	02f9f6	STORE	CAST(INT_ZEXT(INT_ADD(LEAF(register:0012:2:short),CONST(0x1c,2))))
02f8f2	FUN_02f8f2	02fa10	LOAD	CAST(INT_ZEXT(INT_ADD(LEAF(register:0012:2:short),CONST(0x18,2))))
02f8f2	FUN_02f8f2	02fa16	LOAD	CAST(INT_ZEXT(INT_ADD(LEAF(register:0012:2:short),CONST(0x1c,2))))
02f8f2	FUN_02f8f2	02fa1e	STORE	CAST(INT_ZEXT(INT_ADD(LEAF(register:0012:2:short),CONST(0x1a,2))))
02f8f2	FUN_02f8f2	02fa24	LOAD	CAST(INT_ZEXT(INT_ADD(LEAF(register:0012:2:short),CONST(0x18,2))))
02f8f2	FUN_02f8f2	02fa2c	LOAD	CAST(INT_ZEXT(INT_ADD(LEAF(register:0012:2:short),CONST(0x38,2))))
02f8f2	FUN_02f8f2	02fa40	LOAD	CAST(INT_ZEXT(INT_ADD(LEAF(register:0012:2:short),CONST(0x1c,2))))
02f8f2	FUN_02f8f2	02fa48	STORE	CAST(INT_ZEXT(INT_ADD(LEAF(register:0012:2:short),CONST(0x1a,2))))
02f8f2	FUN_02f8f2	02fa50	LOAD	CAST(INT_ZEXT(INT_ADD(LEAF(register:0012:2:short),CONST(0xa2,2))))
02f8f2	FUN_02f8f2	02fa88	STORE	CAST(INT_ZEXT(INT_ADD(LEAF(register:0012:2:short),CONST(0x2,2))))
02f8f2	FUN_02f8f2	02fa90	STORE	CAST(INT_ZEXT(INT_ADD(LEAF(register:0012:2:short),CONST(0x4,2))))
02fa32	FUN_02fa32	02fa40	LOAD	CAST(INT_ZEXT(INT_ADD(LEAF(register:0012:2:short),CONST(0x1c,2))))
02fa32	FUN_02fa32	02fa48	STORE	CAST(INT_ZEXT(INT_ADD(LEAF(register:0012:2:short),CONST(0x1a,2))))
02fa32	FUN_02fa32	02fa50	LOAD	CAST(INT_ZEXT(INT_ADD(LEAF(register:0012:2:short),CONST(0xa2,2))))
02fa32	FUN_02fa32	02fa88	STORE	CAST(INT_ZEXT(INT_ADD(LEAF(register:0012:2:short),CONST(0x2,2))))
02fa32	FUN_02fa32	02fa90	STORE	CAST(INT_ZEXT(INT_ADD(LEAF(register:0012:2:short),CONST(0x4,2))))
02faa4	FUN_02faa4	02bd50	LOAD	CAST(INT_ZEXT(INT_ADD(SUBPIECE(PTRSUB(CONST(0x0,3),CONST(0xfc7c,3)),CONST(0x0,4)),INT_ZEXT(MULTIEQUAL(COPY(CONST(0x1,1)),LEAF(register:000c:1:byte))))))
02faa4	FUN_02faa4	02bd5c	STORE	CAST(INT_ZEXT(INT_ADD(INT_ZEXT(MULTIEQUAL(COPY(CONST(0x1,1)),LEAF(register:000c:1:byte))),CONST(0xda4a,2))))
02faa4	FUN_02faa4	02bd64	LOAD	CAST(INT_ZEXT(INT_ADD(INT_MULT(INT_ZEXT(MULTIEQUAL(COPY(CONST(0x1,1)),LEAF(register:000c:1:byte))),CONST(0x2,2)),CONST(0xe9a9,2))))
02faa4	FUN_02faa4	02bd6a	STORE	CAST(INT_ZEXT(INT_ADD(INT_ZEXT(MULTIEQUAL(COPY(CONST(0x1,1)),LEAF(register:000c:1:byte))),CONST(0xda64,2))))
02faa4	FUN_02faa4	02bd70	LOAD	CAST(INT_ZEXT(INT_ADD(SUBPIECE(PTRSUB(CONST(0x0,3),CONST(0xfc76,3)),CONST(0x0,4)),INT_ZEXT(MULTIEQUAL(COPY(CONST(0x1,1)),LEAF(register:000c:1:byte))))))
02faa4	FUN_02faa4	02bd76	STORE	CAST(INT_ZEXT(INT_ADD(INT_ZEXT(MULTIEQUAL(COPY(CONST(0x1,1)),LEAF(register:000c:1:byte))),CONST(0xda6a,2))))
02faa4	FUN_02faa4	02bd88	LOAD	CAST(INT_ZEXT(INT_ADD(INT_MULT(INT_ZEXT(MULTIEQUAL(COPY(CONST(0x1,1)),LEAF(register:000c:1:byte))),CONST(0x2,2)),CONST(0xe9c1,2))))
02faa4	FUN_02faa4	02bd8e	STORE	CAST(INT_ZEXT(INT_ADD(INT_ZEXT(MULTIEQUAL(COPY(CONST(0x1,1)),LEAF(register:000c:1:byte))),CONST(0xda5c,2))))
02faa4	FUN_02faa4	02bd9e	LOAD	CAST(INT_ZEXT(INT_ADD(SUBPIECE(PTRSUB(CONST(0x0,3),CONST(0xf4e6,3)),CONST(0x0,4)),INT_MULT(INT_ZEXT(MULTIEQUAL(COPY(CONST(0x1,1)),LEAF(register:000c:1:byte))),CONST(0x2,2)))))
02faa4	FUN_02faa4	02bdba	LOAD	CAST(INT_ZEXT(INT_SUB(INT_MULT(INT_ZEXT(MULTIEQUAL(COPY(CONST(0x1,1)),LEAF(register:000c:1:byte))),CONST(0x2,2)),CONST(0xacc,2))))
02faa4	FUN_02faa4	02bdc2	STORE	CAST(INT_ZEXT(INT_ADD(INT_ZEXT(MULTIEQUAL(COPY(CONST(0x1,1)),LEAF(register:000c:1:byte))),CONST(0xdb06,2))))
02faa4	FUN_02faa4	02bdca	LOAD	CAST(INT_ZEXT(INT_ADD(SUBPIECE(PTRSUB(CONST(0x0,3),CONST(0xf4f2,3)),CONST(0x0,4)),INT_MULT(INT_ZEXT(MULTIEQUAL(COPY(CONST(0x1,1)),LEAF(register:000c:1:byte))),CONST(0x2,2)))))
02faa4	FUN_02faa4	02bdd6	LOAD	CAST(INT_ZEXT(INT_SUB(INT_MULT(INT_ZEXT(MULTIEQUAL(COPY(CONST(0x1,1)),LEAF(register:000c:1:byte))),CONST(0x2,2)),CONST(0xaf6,2))))
02faa4	FUN_02faa4	02bde2	LOAD	CAST(INT_ZEXT(INT_SUB(INT_MULT(INT_ZEXT(MULTIEQUAL(COPY(CONST(0x1,1)),LEAF(register:000c:1:byte))),CONST(0x2,2)),CONST(0xaea,2))))
02faa4	FUN_02faa4	02be0a	LOAD	CAST(INT_ZEXT(INDIRECT(INDIRECT(INDIRECT(INDIRECT(INDIRECT(INDIRECT(LEAF(00dc00:2:ushort),CONST(0x213,4)),CONST(0x245,4)),CONST(0x2db,4)),CONST(0x351,4)),CONST(0x462,4)),CONST(0x636,4))))
02faa4	FUN_02faa4	02be12	LOAD	CAST(INT_ZEXT(INT_ADD(INDIRECT(INDIRECT(INDIRECT(INDIRECT(INDIRECT(INDIRECT(LEAF(00dc00:2:ushort),CONST(0x213,4)),CONST(0x245,4)),CONST(0x2db,4)),CONST(0x351,4)),CONST(0x462,4)),CONST(0x636,4)),CONST(0x1,2))))
02faa4	FUN_02faa4	02be1e	LOAD	CAST(INT_ZEXT(INT_ADD(INDIRECT(INDIRECT(INDIRECT(INDIRECT(INDIRECT(INDIRECT(LEAF(00dc00:2:ushort),CONST(0x213,4)),CONST(0x245,4)),CONST(0x2db,4)),CONST(0x351,4)),CONST(0x462,4)),CONST(0x636,4)),CONST(0x2,2))))
02faa4	FUN_02faa4	02be28	LOAD	CAST(INT_ZEXT(INDIRECT(INDIRECT(INDIRECT(INDIRECT(INDIRECT(INDIRECT(LEAF(00dc02:2:ushort),CONST(0x213,4)),CONST(0x245,4)),CONST(0x2db,4)),CONST(0x351,4)),CONST(0x462,4)),CONST(0x636,4))))
02faa4	FUN_02faa4	02be30	LOAD	CAST(INT_ZEXT(INT_ADD(INDIRECT(INDIRECT(INDIRECT(INDIRECT(INDIRECT(INDIRECT(LEAF(00dc02:2:ushort),CONST(0x213,4)),CONST(0x245,4)),CONST(0x2db,4)),CONST(0x351,4)),CONST(0x462,4)),CONST(0x636,4)),CONST(0x1,2))))
02faa4	FUN_02faa4	02be3c	LOAD	CAST(INT_ZEXT(INT_ADD(INDIRECT(INDIRECT(INDIRECT(INDIRECT(INDIRECT(INDIRECT(LEAF(00dc02:2:ushort),CONST(0x213,4)),CONST(0x245,4)),CONST(0x2db,4)),CONST(0x351,4)),CONST(0x462,4)),CONST(0x636,4)),CONST(0x2,2))))
02faa4	FUN_02faa4	02be46	LOAD	CAST(INT_ZEXT(INDIRECT(INDIRECT(INDIRECT(INDIRECT(INDIRECT(INDIRECT(LEAF(00dc04:2:ushort),CONST(0x213,4)),CONST(0x245,4)),CONST(0x2db,4)),CONST(0x351,4)),CONST(0x462,4)),CONST(0x636,4))))
02faa4	FUN_02faa4	02be4e	LOAD	CAST(INT_ZEXT(INT_ADD(INDIRECT(INDIRECT(INDIRECT(INDIRECT(INDIRECT(INDIRECT(LEAF(00dc04:2:ushort),CONST(0x213,4)),CONST(0x245,4)),CONST(0x2db,4)),CONST(0x351,4)),CONST(0x462,4)),CONST(0x636,4)),CONST(0x1,2))))
02faa4	FUN_02faa4	02be5a	LOAD	CAST(INT_ZEXT(INT_ADD(INDIRECT(INDIRECT(INDIRECT(INDIRECT(INDIRECT(INDIRECT(LEAF(00dc04:2:ushort),CONST(0x213,4)),CONST(0x245,4)),CONST(0x2db,4)),CONST(0x351,4)),CONST(0x462,4)),CONST(0x636,4)),CONST(0x2,2))))
02faa4	FUN_02faa4	02be64	LOAD	CAST(INT_ZEXT(INDIRECT(INDIRECT(INDIRECT(INDIRECT(INDIRECT(INDIRECT(LEAF(00dc06:2:ushort),CONST(0x213,4)),CONST(0x245,4)),CONST(0x2db,4)),CONST(0x351,4)),CONST(0x462,4)),CONST(0x636,4))))
02faa4	FUN_02faa4	02be6c	LOAD	CAST(INT_ZEXT(INT_ADD(INDIRECT(INDIRECT(INDIRECT(INDIRECT(INDIRECT(INDIRECT(LEAF(00dc06:2:ushort),CONST(0x213,4)),CONST(0x245,4)),CONST(0x2db,4)),CONST(0x351,4)),CONST(0x462,4)),CONST(0x636,4)),CONST(0x1,2))))
02faa4	FUN_02faa4	02be78	LOAD	CAST(INT_ZEXT(INT_ADD(INDIRECT(INDIRECT(INDIRECT(INDIRECT(INDIRECT(INDIRECT(LEAF(00dc06:2:ushort),CONST(0x213,4)),CONST(0x245,4)),CONST(0x2db,4)),CONST(0x351,4)),CONST(0x462,4)),CONST(0x636,4)),CONST(0x2,2))))
02faa4	FUN_02faa4	02be82	LOAD	CAST(INT_ZEXT(INDIRECT(INDIRECT(INDIRECT(INDIRECT(INDIRECT(INDIRECT(LEAF(00dc08:2:ushort),CONST(0x213,4)),CONST(0x245,4)),CONST(0x2db,4)),CONST(0x351,4)),CONST(0x462,4)),CONST(0x636,4))))
02faa4	FUN_02faa4	02be8a	LOAD	CAST(INT_ZEXT(INT_ADD(INDIRECT(INDIRECT(INDIRECT(INDIRECT(INDIRECT(INDIRECT(LEAF(00dc08:2:ushort),CONST(0x213,4)),CONST(0x245,4)),CONST(0x2db,4)),CONST(0x351,4)),CONST(0x462,4)),CONST(0x636,4)),CONST(0x1,2))))
02faa4	FUN_02faa4	02be96	LOAD	CAST(INT_ZEXT(INT_ADD(INDIRECT(INDIRECT(INDIRECT(INDIRECT(INDIRECT(INDIRECT(LEAF(00dc08:2:ushort),CONST(0x213,4)),CONST(0x245,4)),CONST(0x2db,4)),CONST(0x351,4)),CONST(0x462,4)),CONST(0x636,4)),CONST(0x2,2))))
02faa4	FUN_02faa4	02bea0	LOAD	CAST(INT_ZEXT(INDIRECT(INDIRECT(INDIRECT(INDIRECT(INDIRECT(INDIRECT(LEAF(00dc0a:2:ushort),CONST(0x213,4)),CONST(0x245,4)),CONST(0x2db,4)),CONST(0x351,4)),CONST(0x462,4)),CONST(0x636,4))))
02faa4	FUN_02faa4	02bea8	LOAD	CAST(INT_ZEXT(INT_ADD(INDIRECT(INDIRECT(INDIRECT(INDIRECT(INDIRECT(INDIRECT(LEAF(00dc0a:2:ushort),CONST(0x213,4)),CONST(0x245,4)),CONST(0x2db,4)),CONST(0x351,4)),CONST(0x462,4)),CONST(0x636,4)),CONST(0x1,2))))
02faa4	FUN_02faa4	02beb4	LOAD	CAST(INT_ZEXT(INT_ADD(INDIRECT(INDIRECT(INDIRECT(INDIRECT(INDIRECT(INDIRECT(LEAF(00dc0a:2:ushort),CONST(0x213,4)),CONST(0x245,4)),CONST(0x2db,4)),CONST(0x351,4)),CONST(0x462,4)),CONST(0x636,4)),CONST(0x2,2))))
02fc58	FUN_02fc58	02fc5e	LOAD	CAST(INT_ZEXT(INT_ADD(LEAF(register:0012:2:short),CONST(0x4e,2))))
02fc58	FUN_02fc58	02fc88	LOAD	CAST(INT_ZEXT(INT_ADD(LEAF(register:0012:2:short),CONST(0x56,2))))
02fc58	FUN_02fc58	02fc90	LOAD	CAST(INT_ZEXT(INT_ADD(LEAF(register:0012:2:short),CONST(0xb8,2))))
02fc58	FUN_02fc58	02fca6	STORE	CAST(INT_ZEXT(INT_ADD(LEAF(register:0012:2:short),CONST(0xb8,2))))
02fc58	FUN_02fc58	02fcac	LOAD	CAST(INT_ZEXT(INT_ADD(LEAF(register:0012:2:short),CONST(0xa6,2))))
02fc58	FUN_02fc58	02fcde	STORE	CAST(INT_ZEXT(INT_ADD(LEAF(register:0012:2:short),CONST(0xa6,2))))
02fc58	FUN_02fc58	02fce2	STORE	CAST(INT_ZEXT(INT_ADD(LEAF(register:0012:2:short),CONST(0xb8,2))))
02fc58	FUN_02fc58	02fcec	LOAD	CAST(INT_ZEXT(INT_ADD(LEAF(register:0012:2:short),CONST(0xb5,2))))
02fc58	FUN_02fc58	02fcf6	LOAD	CAST(INT_ZEXT(INT_ADD(LEAF(register:0012:2:short),CONST(0x42,2))))
02fc58	FUN_02fc58	02fd02	LOAD	CAST(INT_ZEXT(INT_ADD(LEAF(register:0012:2:short),CONST(0xba,2))))
02fc58	FUN_02fc58	02fd06	STORE	CAST(INT_ZEXT(INT_ADD(LEAF(register:0012:2:short),CONST(0xba,2))))
02fc58	FUN_02fc58	02fd0e	LOAD	CAST(INT_ZEXT(INT_ADD(LEAF(register:0012:2:short),CONST(0xb5,2))))
02fc58	FUN_02fc58	02fd12	STORE	CAST(INT_ZEXT(INT_ADD(LEAF(register:0012:2:short),CONST(0xb5,2))))
02fc58	FUN_02fc58	02fd18	STORE	CAST(INT_ZEXT(INT_ADD(LEAF(register:0012:2:short),CONST(0xb7,2))))
02fc58	FUN_02fc58	02fd1e	STORE	CAST(INT_ZEXT(INT_ADD(LEAF(register:0012:2:short),CONST(0xba,2))))
02fc58	FUN_02fc58	02fd22	STORE	CAST(INT_ZEXT(INT_ADD(LEAF(register:0012:2:short),CONST(0xb5,2))))
02fc58	FUN_02fc58	02fd2a	STORE	CAST(INT_ZEXT(INT_ADD(LEAF(register:0012:2:short),CONST(0x2,2))))
02fc58	FUN_02fc58	02fd32	STORE	CAST(INT_ZEXT(INT_ADD(LEAF(register:0012:2:short),CONST(0x4,2))))
02fc6e	FUN_02fc6e	02fc88	LOAD	CAST(INT_ZEXT(INT_ADD(LEAF(register:0012:2:short),CONST(0x56,2))))
02fc6e	FUN_02fc6e	02fc90	LOAD	CAST(INT_ZEXT(INT_ADD(LEAF(register:0012:2:short),CONST(0xb8,2))))
02fc6e	FUN_02fc6e	02fca6	STORE	CAST(INT_ZEXT(INT_ADD(LEAF(register:0012:2:short),CONST(0xb8,2))))
02fc6e	FUN_02fc6e	02fcac	LOAD	CAST(INT_ZEXT(INT_ADD(LEAF(register:0012:2:short),CONST(0xa6,2))))
02fc6e	FUN_02fc6e	02fcde	STORE	CAST(INT_ZEXT(INT_ADD(LEAF(register:0012:2:short),CONST(0xa6,2))))
02fc6e	FUN_02fc6e	02fce2	STORE	CAST(INT_ZEXT(INT_ADD(LEAF(register:0012:2:short),CONST(0xb8,2))))
02fc6e	FUN_02fc6e	02fcec	LOAD	CAST(INT_ZEXT(INT_ADD(LEAF(register:0012:2:short),CONST(0xb5,2))))
02fc6e	FUN_02fc6e	02fcf6	LOAD	CAST(INT_ZEXT(INT_ADD(LEAF(register:0012:2:short),CONST(0x42,2))))
02fc6e	FUN_02fc6e	02fd02	LOAD	CAST(INT_ZEXT(INT_ADD(LEAF(register:0012:2:short),CONST(0xba,2))))
02fc6e	FUN_02fc6e	02fd06	STORE	CAST(INT_ZEXT(INT_ADD(LEAF(register:0012:2:short),CONST(0xba,2))))
02fc6e	FUN_02fc6e	02fd0e	LOAD	CAST(INT_ZEXT(INT_ADD(LEAF(register:0012:2:short),CONST(0xb5,2))))
02fc6e	FUN_02fc6e	02fd12	STORE	CAST(INT_ZEXT(INT_ADD(LEAF(register:0012:2:short),CONST(0xb5,2))))
02fc6e	FUN_02fc6e	02fd18	STORE	CAST(INT_ZEXT(INT_ADD(LEAF(register:0012:2:short),CONST(0xb7,2))))
02fc6e	FUN_02fc6e	02fd1e	STORE	CAST(INT_ZEXT(INT_ADD(LEAF(register:0012:2:short),CONST(0xba,2))))
02fc6e	FUN_02fc6e	02fd22	STORE	CAST(INT_ZEXT(INT_ADD(LEAF(register:0012:2:short),CONST(0xb5,2))))
02fc6e	FUN_02fc6e	02fd2a	STORE	CAST(INT_ZEXT(INT_ADD(LEAF(register:0012:2:short),CONST(0x2,2))))
02fc6e	FUN_02fc6e	02fd32	STORE	CAST(INT_ZEXT(INT_ADD(LEAF(register:0012:2:short),CONST(0x4,2))))
03114a	FUN_03114a	031154	LOAD	CAST(INT_ZEXT(CAST(INT_ADD(LEAF(00f2ca:2:short),INT_MULT(INT_SRIGHT(LEAF(register:0008:2:short),CONST(0xf,4)),CONST(0x2,2))))))
03114a	FUN_03114a	03115c	LOAD	CAST(INT_ZEXT(INT_SUB(LOAD(CONST(0x1f1,4),CAST(INT_ZEXT(CAST(INT_ADD(LEAF(00f2ca:2:short),INT_MULT(INT_SRIGHT(LEAF(register:0008:2:short),CONST(0xf,4)),CONST(0x2,2))))))),CONST(0x2,2))))
03114a	FUN_03114a	03116c	LOAD	CAST(INT_ZEXT(INT_ADD(LEAF(00e820:2:short),CONST(0xc,2))))
03114a	FUN_03114a	031174	LOAD	CAST(INT_ZEXT(INT_ADD(LEAF(00e820:2:short),CONST(0xd,2))))
031c1a	FUN_031c1a	031d18	STORE	CAST(INT_ZEXT(INT_ADD(LEAF(register:0012:2:short),CONST(0x70,2))))
031d4a	FUN_031d4a	035e86	STORE	CAST(INT_ZEXT(INT_ADD(SUBPIECE(PTRSUB(CONST(0x0,3),CONST(0xea24,3)),CONST(0x0,4)),INT_MULT(MULTIEQUAL(INT_ZEXT(CAST(INT_ADD(SUBPIECE(MULTIEQUAL(COPY(LEAF(register:000c:2:ushort)),LEAF(register:000c:2:ushort)),CONST(0x0,2)),CONST(0x1,1)))),LEAF(register:000a:2:ushort)),CONST(0xc,2)))))
031d4a	FUN_031d4a	035e94	STORE	CAST(INT_ZEXT(INT_ADD(SUBPIECE(PTRSUB(CONST(0x0,3),CONST(0xea25,3)),CONST(0x0,4)),INT_MULT(INT_AND(MULTIEQUAL(COPY(INT_ZEXT(CAST(INT_ADD(SUBPIECE(LEAF(register:000c:2:ushort),CONST(0x0,2)),CONST(0x1,1))))),LEAF(register:000c:2:ushort)),CONST(0xff,2)),CONST(0xc,2)))))
031d4a	FUN_031d4a	035ea8	STORE	CAST(INT_ZEXT(INT_ADD(SUBPIECE(PTRSUB(CONST(0x0,3),CONST(0xf56d,3)),CONST(0x0,4)),INT_ZEXT(MULTIEQUAL(COPY(CONST(0x0,1)),INT_ADD(LEAF(register:000c:1:byte),CONST(0x1,1)))))))
031d50	thunk_FUN_031d5a	035e86	STORE	CAST(INT_ZEXT(INT_ADD(SUBPIECE(PTRSUB(CONST(0x0,3),CONST(0xea24,3)),CONST(0x0,4)),INT_MULT(MULTIEQUAL(INT_ZEXT(CAST(INT_ADD(SUBPIECE(MULTIEQUAL(COPY(LEAF(register:000c:2:ushort)),LEAF(register:000c:2:ushort)),CONST(0x0,2)),CONST(0x1,1)))),LEAF(register:000a:2:ushort)),CONST(0xc,2)))))
031d50	thunk_FUN_031d5a	035e94	STORE	CAST(INT_ZEXT(INT_ADD(SUBPIECE(PTRSUB(CONST(0x0,3),CONST(0xea25,3)),CONST(0x0,4)),INT_MULT(INT_AND(MULTIEQUAL(COPY(INT_ZEXT(CAST(INT_ADD(SUBPIECE(LEAF(register:000c:2:ushort),CONST(0x0,2)),CONST(0x1,1))))),LEAF(register:000c:2:ushort)),CONST(0xff,2)),CONST(0xc,2)))))
031d50	thunk_FUN_031d5a	035ea8	STORE	CAST(INT_ZEXT(INT_ADD(SUBPIECE(PTRSUB(CONST(0x0,3),CONST(0xf56d,3)),CONST(0x0,4)),INT_ZEXT(MULTIEQUAL(COPY(CONST(0x0,1)),INT_ADD(LEAF(register:000c:1:byte),CONST(0x1,1)))))))
031d5a	FUN_031d5a	035e86	STORE	CAST(INT_ZEXT(INT_ADD(SUBPIECE(PTRSUB(CONST(0x0,3),CONST(0xea24,3)),CONST(0x0,4)),INT_MULT(MULTIEQUAL(INT_ZEXT(CAST(INT_ADD(SUBPIECE(MULTIEQUAL(COPY(LEAF(register:000c:2:ushort)),LEAF(register:000c:2:ushort)),CONST(0x0,2)),CONST(0x1,1)))),LEAF(register:000a:2:ushort)),CONST(0xc,2)))))
031d5a	FUN_031d5a	035e94	STORE	CAST(INT_ZEXT(INT_ADD(SUBPIECE(PTRSUB(CONST(0x0,3),CONST(0xea25,3)),CONST(0x0,4)),INT_MULT(INT_AND(MULTIEQUAL(COPY(INT_ZEXT(CAST(INT_ADD(SUBPIECE(LEAF(register:000c:2:ushort),CONST(0x0,2)),CONST(0x1,1))))),LEAF(register:000c:2:ushort)),CONST(0xff,2)),CONST(0xc,2)))))
031d5a	FUN_031d5a	035ea8	STORE	CAST(INT_ZEXT(INT_ADD(SUBPIECE(PTRSUB(CONST(0x0,3),CONST(0xf56d,3)),CONST(0x0,4)),INT_ZEXT(MULTIEQUAL(COPY(CONST(0x0,1)),INT_ADD(LEAF(register:000c:1:byte),CONST(0x1,1)))))))
0327ac	FUN_0327ac	03298a	STORE	CAST(INT_ZEXT(INT_ADD(SUBPIECE(PTRSUB(CONST(0x0,3),CONST(0xfc76,3)),CONST(0x0,4)),INT_ZEXT(LEAF(00f6d7:1:byte)))))
0328f6	FUN_0328f6	03298a	STORE	CAST(INT_ZEXT(INT_ADD(SUBPIECE(PTRSUB(CONST(0x0,3),CONST(0xfc76,3)),CONST(0x0,4)),INT_ZEXT(LEAF(00f6d7:1:byte)))))
032d38	FUN_032d38	032d40	LOAD	CAST(INT_ZEXT(CAST(INT_ADD(SUBPIECE(PTRSUB(CONST(0x0,3),CONST(0xfc5a,3)),CONST(0x0,4)),INT_MULT(LEAF(register:0018:2:short),CONST(0x2,2))))))
032d38	FUN_032d38	032d4e	LOAD	CAST(INT_ZEXT(CAST(INT_ADD(SUBPIECE(PTRSUB(CONST(0x0,3),CONST(0xfc5a,3)),CONST(0x0,4)),INT_MULT(LEAF(register:0018:2:short),CONST(0x2,2))))))
032d38	FUN_032d38	032d5e	STORE	CAST(INT_ZEXT(CAST(INT_ADD(SUBPIECE(PTRSUB(CONST(0x0,3),CONST(0xfc5a,3)),CONST(0x0,4)),INT_MULT(LEAF(register:0018:2:short),CONST(0x2,2))))))
032d38	FUN_032d38	032d66	LOAD	CAST(INT_ZEXT(CAST(INT_ADD(SUBPIECE(PTRSUB(CONST(0x0,3),CONST(0xfc5a,3)),CONST(0x0,4)),INT_MULT(LEAF(register:0018:2:short),CONST(0x2,2))))))
032d38	FUN_032d38	032d78	STORE	CAST(INT_ZEXT(CAST(INT_ADD(SUBPIECE(PTRSUB(CONST(0x0,3),CONST(0xfc5a,3)),CONST(0x0,4)),INT_MULT(LEAF(register:0018:2:short),CONST(0x2,2))))))
032d38	FUN_032d38	032d82	LOAD	CAST(INT_ZEXT(CAST(INT_ADD(SUBPIECE(PTRSUB(CONST(0x0,3),CONST(0xfc5a,3)),CONST(0x0,4)),INT_MULT(LEAF(register:0018:2:short),CONST(0x2,2))))))
032d38	FUN_032d38	032d90	LOAD	CAST(INT_ZEXT(CAST(INT_ADD(SUBPIECE(PTRSUB(CONST(0x0,3),CONST(0xfc5a,3)),CONST(0x0,4)),INT_MULT(LEAF(register:0018:2:short),CONST(0x2,2))))))
032dc2	FUN_032dc2	032e0a	LOAD	CAST(INT_ZEXT(INT_ADD(INT_MULT(MULTIEQUAL(COPY(CONST(0x1,2)),INT_ADD(LEAF(register:0012:2:ushort),CONST(0x1,2))),CONST(0x2,2)),CONST(0xe996,2))))
032dc2	FUN_032dc2	032e28	STORE	CAST(INT_ZEXT(INT_ADD(SUBPIECE(PTRSUB(CONST(0x0,3),CONST(0xfc5a,3)),CONST(0x0,4)),INT_MULT(MULTIEQUAL(COPY(CONST(0x1,2)),INT_ADD(LEAF(register:0012:2:ushort),CONST(0x1,2))),CONST(0x2,2)))))
032dc2	FUN_032dc2	032e80	LOAD	CAST(INT_ZEXT(INT_ADD(SUBPIECE(PTRSUB(CONST(0x0,3),CONST(0xfc85,3)),CONST(0x0,4)),INT_MULT(MULTIEQUAL(INT_SUB(INT_ZEXT(MULTIEQUAL(INDIRECT(INDIRECT(INDIRECT(MULTIEQUAL(LEAF(00fc9f:1:byte),LEAF(00fc9f:1:byte)),CONST(0x5e2,4)),CONST(0x637,4)),CONST(0x682,4)),LEAF(00fc9f:1:byte),LEAF(00fc9f:1:byte),LEAF(00fc9f:1:byte))),CONST(0x2,2)),INT_ADD(INT_ZEXT(LEAF(00fc9f:1:byte)),CONST(0x4,2))),CONST(0x4,2)))))
032dc2	FUN_032dc2	032ec4	LOAD	CAST(INT_ZEXT(INT_ADD(INT_MULT(MULTIEQUAL(INT_SUB(INT_ZEXT(MULTIEQUAL(INDIRECT(INDIRECT(INDIRECT(MULTIEQUAL(LEAF(00fc9f:1:byte),LEAF(00fc9f:1:byte)),CONST(0x5e2,4)),CONST(0x637,4)),CONST(0x682,4)),LEAF(00fc9f:1:byte),LEAF(00fc9f:1:byte),LEAF(00fc9f:1:byte))),CONST(0x2,2)),INT_ADD(INT_ZEXT(LEAF(00fc9f:1:byte)),CONST(0x4,2))),CONST(0x2,2)),CONST(0xe996,2))))
032dc2	FUN_032dc2	032ee2	STORE	CAST(INT_ZEXT(CAST(INT_ADD(SUBPIECE(PTRSUB(CONST(0x0,3),CONST(0xfc5a,3)),CONST(0x0,4)),INT_MULT(MULTIEQUAL(INT_SUB(INT_ZEXT(MULTIEQUAL(INDIRECT(INDIRECT(INDIRECT(MULTIEQUAL(LEAF(00fc9f:1:byte),LEAF(00fc9f:1:byte)),CONST(0x5e2,4)),CONST(0x637,4)),CONST(0x682,4)),LEAF(00fc9f:1:byte),LEAF(00fc9f:1:byte),LEAF(00fc9f:1:byte))),CONST(0x2,2)),INT_ADD(INT_ZEXT(LEAF(00fc9f:1:byte)),CONST(0x4,2))),CONST(0x2,2))))))
032e5a	FUN_032e5a	032e80	LOAD	CAST(INT_ZEXT(CAST(INT_ADD(SUBPIECE(PTRSUB(CONST(0x0,3),CONST(0xfc85,3)),CONST(0x0,4)),INT_MULT(MULTIEQUAL(INT_SUB(INT_ZEXT(LEAF(00fc9f:1:byte)),CONST(0x2,2)),INT_ADD(INT_ZEXT(LEAF(00fc9f:1:byte)),CONST(0x4,2))),CONST(0x4,2))))))
032e5a	FUN_032e5a	032ec4	LOAD	CAST(INT_ZEXT(INT_ADD(INT_MULT(MULTIEQUAL(INT_SUB(INT_ZEXT(LEAF(00fc9f:1:byte)),CONST(0x2,2)),INT_ADD(INT_ZEXT(LEAF(00fc9f:1:byte)),CONST(0x4,2))),CONST(0x2,2)),CONST(0xe996,2))))
032e5a	FUN_032e5a	032ee2	STORE	CAST(INT_ZEXT(CAST(INT_ADD(SUBPIECE(PTRSUB(CONST(0x0,3),CONST(0xfc5a,3)),CONST(0x0,4)),INT_MULT(MULTIEQUAL(INT_SUB(INT_ZEXT(LEAF(00fc9f:1:byte)),CONST(0x2,2)),INT_ADD(INT_ZEXT(LEAF(00fc9f:1:byte)),CONST(0x4,2))),CONST(0x2,2))))))
0333f4	FUN_0333f4	037674	STORE	CAST(INT_ZEXT(LEAF(register:000e:2:ushort)))
033dcc	FUN_033dcc	033dcc	LOAD	CAST(INT_ZEXT(LEAF(register:0008:2:ushort)))
033dcc	FUN_033dcc	033dcc	STORE	CAST(INT_ZEXT(LEAF(register:0006:2:ushort)))
033e1e	FUN_033e1e	033e1e	LOAD	CAST(INT_ZEXT(LEAF(register:0018:2:ushort)))
033e1e	FUN_033e1e	033e1e	STORE	CAST(INT_ZEXT(LEAF(register:0004:2:ushort)))
034102	FUN_034102	030048	LOAD	CAST(INT_ZEXT(INT_ADD(SUBPIECE(PTRSUB(CONST(0x0,3),CONST(0xea1a,3)),CONST(0x0,4)),INT_MULT(INT_ZEXT(INDIRECT(INDIRECT(MULTIEQUAL(INDIRECT(INDIRECT(MULTIEQUAL(INDIRECT(MULTIEQUAL(INDIRECT(LEAF(00f637:1:byte),CONST(0x30,4)),INDIRECT(LEAF(00f637:1:byte),CONST(0xced,4))),CONST(0xb5,4)),INDIRECT(LEAF(00f637:1:byte),CONST(0xb61,4))),CONST(0x16d,4)),CONST(0xa21,4)),INDIRECT(LEAF(00f637:1:byte),CONST(0xae9,4)),INDIRECT(LEAF(00f637:1:byte),CONST(0xb11,4)),LEAF(00f637:1:byte),LEAF(00f637:1:byte),LEAF(00f637:1:byte),LEAF(00f637:1:byte),LEAF(00f637:1:byte)),CONST(0x251,4)),CONST(0x3c0,4))),CONST(0xc,2)))))
034102	FUN_034102	030056	LOAD	CAST(INT_ZEXT(INT_ADD(INT_MULT(INT_ZEXT(INDIRECT(INDIRECT(MULTIEQUAL(INDIRECT(INDIRECT(MULTIEQUAL(INDIRECT(MULTIEQUAL(INDIRECT(LEAF(00f637:1:byte),CONST(0x30,4)),INDIRECT(LEAF(00f637:1:byte),CONST(0xced,4))),CONST(0xb5,4)),INDIRECT(LEAF(00f637:1:byte),CONST(0xb61,4))),CONST(0x16d,4)),CONST(0xa21,4)),INDIRECT(LEAF(00f637:1:byte),CONST(0xae9,4)),INDIRECT(LEAF(00f637:1:byte),CONST(0xb11,4)),LEAF(00f637:1:byte),LEAF(00f637:1:byte),LEAF(00f637:1:byte),LEAF(00f637:1:byte),LEAF(00f637:1:byte)),CONST(0x251,4)),CONST(0x3c0,4))),CONST(0x10,2)),CONST(0xa5d0,2))))
034102	FUN_034102	030066	LOAD	CAST(INT_ZEXT(INT_ADD(INT_MULT(INT_ZEXT(INDIRECT(INDIRECT(MULTIEQUAL(INDIRECT(INDIRECT(MULTIEQUAL(INDIRECT(MULTIEQUAL(INDIRECT(LEAF(00f637:1:byte),CONST(0x30,4)),INDIRECT(LEAF(00f637:1:byte),CONST(0xced,4))),CONST(0xb5,4)),INDIRECT(LEAF(00f637:1:byte),CONST(0xb61,4))),CONST(0x16d,4)),CONST(0xa21,4)),INDIRECT(LEAF(00f637:1:byte),CONST(0xae9,4)),INDIRECT(LEAF(00f637:1:byte),CONST(0xb11,4)),LEAF(00f637:1:byte),LEAF(00f637:1:byte),LEAF(00f637:1:byte),LEAF(00f637:1:byte),LEAF(00f637:1:byte)),CONST(0x251,4)),CONST(0x3c0,4))),CONST(0x10,2)),CONST(0xa5d0,2))))
034102	FUN_034102	030076	LOAD	CAST(INT_ZEXT(INT_ADD(INT_MULT(INT_ZEXT(INDIRECT(INDIRECT(MULTIEQUAL(INDIRECT(INDIRECT(MULTIEQUAL(INDIRECT(MULTIEQUAL(INDIRECT(LEAF(00f637:1:byte),CONST(0x30,4)),INDIRECT(LEAF(00f637:1:byte),CONST(0xced,4))),CONST(0xb5,4)),INDIRECT(LEAF(00f637:1:byte),CONST(0xb61,4))),CONST(0x16d,4)),CONST(0xa21,4)),INDIRECT(LEAF(00f637:1:byte),CONST(0xae9,4)),INDIRECT(LEAF(00f637:1:byte),CONST(0xb11,4)),LEAF(00f637:1:byte),LEAF(00f637:1:byte),LEAF(00f637:1:byte),LEAF(00f637:1:byte),LEAF(00f637:1:byte)),CONST(0x251,4)),CONST(0x3c0,4))),CONST(0x10,2)),CONST(0xa5d2,2))))
034102	FUN_034102	030086	LOAD	CAST(INT_ZEXT(INT_ADD(INT_MULT(INT_ZEXT(INDIRECT(INDIRECT(MULTIEQUAL(INDIRECT(INDIRECT(MULTIEQUAL(INDIRECT(MULTIEQUAL(INDIRECT(LEAF(00f637:1:byte),CONST(0x30,4)),INDIRECT(LEAF(00f637:1:byte),CONST(0xced,4))),CONST(0xb5,4)),INDIRECT(LEAF(00f637:1:byte),CONST(0xb61,4))),CONST(0x16d,4)),CONST(0xa21,4)),INDIRECT(LEAF(00f637:1:byte),CONST(0xae9,4)),INDIRECT(LEAF(00f637:1:byte),CONST(0xb11,4)),LEAF(00f637:1:byte),LEAF(00f637:1:byte),LEAF(00f637:1:byte),LEAF(00f637:1:byte),LEAF(00f637:1:byte)),CONST(0x251,4)),CONST(0x3c0,4))),CONST(0x10,2)),CONST(0xa5d2,2))))
034102	FUN_034102	034126	LOAD	CAST(INT_ZEXT(INT_ADD(LEAF(register:000e:2:short),CONST(0x37,2))))
034102	FUN_034102	034178	LOAD	CAST(INT_ZEXT(LEAF(register:0010:2:ushort)))
034102	FUN_034102	034186	LOAD	CAST(INT_ZEXT(LEAF(register:0010:2:ushort)))
034102	FUN_034102	03419a	LOAD	CAST(INT_ZEXT(INT_ADD(LEAF(register:0010:2:ushort),CONST(0x6,2))))
034102	FUN_034102	0341b4	STORE	CAST(INT_ZEXT(INT_ADD(LEAF(register:0010:2:ushort),CONST(0x2,2))))
034102	FUN_034102	0341be	LOAD	CAST(INT_ZEXT(INT_ADD(LEAF(register:0010:2:ushort),CONST(0x2,2))))
034102	FUN_034102	0341ca	STORE	CAST(INT_ZEXT(INT_ADD(LEAF(register:0010:2:ushort),CONST(0x2,2))))
034102	FUN_034102	0341d6	LOAD	CAST(INT_ZEXT(INT_ADD(LEAF(register:0010:2:ushort),CONST(0x2,2))))
034102	FUN_034102	0341e2	STORE	CAST(INT_ZEXT(INT_ADD(LEAF(register:0010:2:ushort),CONST(0x2,2))))
034102	FUN_034102	0341e8	STORE	CAST(INT_ZEXT(INT_ADD(LEAF(register:0010:2:ushort),CONST(0x7,2))))
034102	FUN_034102	03425a	STORE	CAST(INT_ZEXT(INT_ADD(LEAF(register:000e:2:short),CONST(0x2,2))))
03412e	FUN_03412e	030048	LOAD	CAST(INT_ZEXT(INT_ADD(SUBPIECE(PTRSUB(CONST(0x0,3),CONST(0xea1a,3)),CONST(0x0,4)),INT_MULT(INT_ZEXT(INDIRECT(INDIRECT(MULTIEQUAL(INDIRECT(INDIRECT(MULTIEQUAL(INDIRECT(INDIRECT(LEAF(00f637:1:byte),CONST(0x3e,4)),CONST(0xc7,4)),INDIRECT(LEAF(00f637:1:byte),CONST(0xb73,4))),CONST(0x17f,4)),CONST(0xa33,4)),INDIRECT(LEAF(00f637:1:byte),CONST(0xafb,4)),INDIRECT(LEAF(00f637:1:byte),CONST(0xb23,4)),LEAF(00f637:1:byte),LEAF(00f637:1:byte),LEAF(00f637:1:byte),LEAF(00f637:1:byte),LEAF(00f637:1:byte)),CONST(0x263,4)),CONST(0x3d2,4))),CONST(0xc,2)))))
03412e	FUN_03412e	030056	LOAD	CAST(INT_ZEXT(INT_ADD(INT_MULT(INT_ZEXT(INDIRECT(INDIRECT(MULTIEQUAL(INDIRECT(INDIRECT(MULTIEQUAL(INDIRECT(INDIRECT(LEAF(00f637:1:byte),CONST(0x3e,4)),CONST(0xc7,4)),INDIRECT(LEAF(00f637:1:byte),CONST(0xb73,4))),CONST(0x17f,4)),CONST(0xa33,4)),INDIRECT(LEAF(00f637:1:byte),CONST(0xafb,4)),INDIRECT(LEAF(00f637:1:byte),CONST(0xb23,4)),LEAF(00f637:1:byte),LEAF(00f637:1:byte),LEAF(00f637:1:byte),LEAF(00f637:1:byte),LEAF(00f637:1:byte)),CONST(0x263,4)),CONST(0x3d2,4))),CONST(0x10,2)),CONST(0xa5d0,2))))
03412e	FUN_03412e	030066	LOAD	CAST(INT_ZEXT(INT_ADD(INT_MULT(INT_ZEXT(INDIRECT(INDIRECT(MULTIEQUAL(INDIRECT(INDIRECT(MULTIEQUAL(INDIRECT(INDIRECT(LEAF(00f637:1:byte),CONST(0x3e,4)),CONST(0xc7,4)),INDIRECT(LEAF(00f637:1:byte),CONST(0xb73,4))),CONST(0x17f,4)),CONST(0xa33,4)),INDIRECT(LEAF(00f637:1:byte),CONST(0xafb,4)),INDIRECT(LEAF(00f637:1:byte),CONST(0xb23,4)),LEAF(00f637:1:byte),LEAF(00f637:1:byte),LEAF(00f637:1:byte),LEAF(00f637:1:byte),LEAF(00f637:1:byte)),CONST(0x263,4)),CONST(0x3d2,4))),CONST(0x10,2)),CONST(0xa5d0,2))))
03412e	FUN_03412e	030076	LOAD	CAST(INT_ZEXT(INT_ADD(INT_MULT(INT_ZEXT(INDIRECT(INDIRECT(MULTIEQUAL(INDIRECT(INDIRECT(MULTIEQUAL(INDIRECT(INDIRECT(LEAF(00f637:1:byte),CONST(0x3e,4)),CONST(0xc7,4)),INDIRECT(LEAF(00f637:1:byte),CONST(0xb73,4))),CONST(0x17f,4)),CONST(0xa33,4)),INDIRECT(LEAF(00f637:1:byte),CONST(0xafb,4)),INDIRECT(LEAF(00f637:1:byte),CONST(0xb23,4)),LEAF(00f637:1:byte),LEAF(00f637:1:byte),LEAF(00f637:1:byte),LEAF(00f637:1:byte),LEAF(00f637:1:byte)),CONST(0x263,4)),CONST(0x3d2,4))),CONST(0x10,2)),CONST(0xa5d2,2))))
03412e	FUN_03412e	030086	LOAD	CAST(INT_ZEXT(INT_ADD(INT_MULT(INT_ZEXT(INDIRECT(INDIRECT(MULTIEQUAL(INDIRECT(INDIRECT(MULTIEQUAL(INDIRECT(INDIRECT(LEAF(00f637:1:byte),CONST(0x3e,4)),CONST(0xc7,4)),INDIRECT(LEAF(00f637:1:byte),CONST(0xb73,4))),CONST(0x17f,4)),CONST(0xa33,4)),INDIRECT(LEAF(00f637:1:byte),CONST(0xafb,4)),INDIRECT(LEAF(00f637:1:byte),CONST(0xb23,4)),LEAF(00f637:1:byte),LEAF(00f637:1:byte),LEAF(00f637:1:byte),LEAF(00f637:1:byte),LEAF(00f637:1:byte)),CONST(0x263,4)),CONST(0x3d2,4))),CONST(0x10,2)),CONST(0xa5d2,2))))
03412e	FUN_03412e	034178	LOAD	CAST(INT_ZEXT(LEAF(register:0010:2:ushort)))
03412e	FUN_03412e	034186	LOAD	CAST(INT_ZEXT(LEAF(register:0010:2:ushort)))
03412e	FUN_03412e	03419a	LOAD	CAST(INT_ZEXT(INT_ADD(LEAF(register:0010:2:ushort),CONST(0x6,2))))
03412e	FUN_03412e	0341b4	STORE	CAST(INT_ZEXT(INT_ADD(LEAF(register:0010:2:ushort),CONST(0x2,2))))
03412e	FUN_03412e	0341be	LOAD	CAST(INT_ZEXT(INT_ADD(LEAF(register:0010:2:ushort),CONST(0x2,2))))
03412e	FUN_03412e	0341ca	STORE	CAST(INT_ZEXT(INT_ADD(LEAF(register:0010:2:ushort),CONST(0x2,2))))
03412e	FUN_03412e	0341d6	LOAD	CAST(INT_ZEXT(INT_ADD(LEAF(register:0010:2:ushort),CONST(0x2,2))))
03412e	FUN_03412e	0341e2	STORE	CAST(INT_ZEXT(INT_ADD(LEAF(register:0010:2:ushort),CONST(0x2,2))))
03412e	FUN_03412e	0341e8	STORE	CAST(INT_ZEXT(INT_ADD(LEAF(register:0010:2:ushort),CONST(0x7,2))))
03412e	FUN_03412e	03425a	STORE	CAST(INT_ZEXT(INT_ADD(LEAF(register:000e:2:short),CONST(0x2,2))))
034170	FUN_034170	030048	LOAD	CAST(INT_ZEXT(INT_ADD(SUBPIECE(PTRSUB(CONST(0x0,3),CONST(0xea1a,3)),CONST(0x0,4)),INT_MULT(INT_ZEXT(INDIRECT(INDIRECT(MULTIEQUAL(INDIRECT(INDIRECT(INDIRECT(LEAF(00f637:1:byte),CONST(0x25,4)),CONST(0xa1,4)),CONST(0x955,4)),INDIRECT(LEAF(00f637:1:byte),CONST(0xa1d,4)),INDIRECT(LEAF(00f637:1:byte),CONST(0xa45,4)),LEAF(00f637:1:byte),LEAF(00f637:1:byte),LEAF(00f637:1:byte),LEAF(00f637:1:byte),LEAF(00f637:1:byte)),CONST(0x185,4)),CONST(0x2f4,4))),CONST(0xc,2)))))
034170	FUN_034170	030056	LOAD	CAST(INT_ZEXT(INT_ADD(INT_MULT(INT_ZEXT(INDIRECT(INDIRECT(MULTIEQUAL(INDIRECT(INDIRECT(INDIRECT(LEAF(00f637:1:byte),CONST(0x25,4)),CONST(0xa1,4)),CONST(0x955,4)),INDIRECT(LEAF(00f637:1:byte),CONST(0xa1d,4)),INDIRECT(LEAF(00f637:1:byte),CONST(0xa45,4)),LEAF(00f637:1:byte),LEAF(00f637:1:byte),LEAF(00f637:1:byte),LEAF(00f637:1:byte),LEAF(00f637:1:byte)),CONST(0x185,4)),CONST(0x2f4,4))),CONST(0x10,2)),CONST(0xa5d0,2))))
034170	FUN_034170	030066	LOAD	CAST(INT_ZEXT(INT_ADD(INT_MULT(INT_ZEXT(INDIRECT(INDIRECT(MULTIEQUAL(INDIRECT(INDIRECT(INDIRECT(LEAF(00f637:1:byte),CONST(0x25,4)),CONST(0xa1,4)),CONST(0x955,4)),INDIRECT(LEAF(00f637:1:byte),CONST(0xa1d,4)),INDIRECT(LEAF(00f637:1:byte),CONST(0xa45,4)),LEAF(00f637:1:byte),LEAF(00f637:1:byte),LEAF(00f637:1:byte),LEAF(00f637:1:byte),LEAF(00f637:1:byte)),CONST(0x185,4)),CONST(0x2f4,4))),CONST(0x10,2)),CONST(0xa5d0,2))))
034170	FUN_034170	030076	LOAD	CAST(INT_ZEXT(INT_ADD(INT_MULT(INT_ZEXT(INDIRECT(INDIRECT(MULTIEQUAL(INDIRECT(INDIRECT(INDIRECT(LEAF(00f637:1:byte),CONST(0x25,4)),CONST(0xa1,4)),CONST(0x955,4)),INDIRECT(LEAF(00f637:1:byte),CONST(0xa1d,4)),INDIRECT(LEAF(00f637:1:byte),CONST(0xa45,4)),LEAF(00f637:1:byte),LEAF(00f637:1:byte),LEAF(00f637:1:byte),LEAF(00f637:1:byte),LEAF(00f637:1:byte)),CONST(0x185,4)),CONST(0x2f4,4))),CONST(0x10,2)),CONST(0xa5d2,2))))
034170	FUN_034170	030086	LOAD	CAST(INT_ZEXT(INT_ADD(INT_MULT(INT_ZEXT(INDIRECT(INDIRECT(MULTIEQUAL(INDIRECT(INDIRECT(INDIRECT(LEAF(00f637:1:byte),CONST(0x25,4)),CONST(0xa1,4)),CONST(0x955,4)),INDIRECT(LEAF(00f637:1:byte),CONST(0xa1d,4)),INDIRECT(LEAF(00f637:1:byte),CONST(0xa45,4)),LEAF(00f637:1:byte),LEAF(00f637:1:byte),LEAF(00f637:1:byte),LEAF(00f637:1:byte),LEAF(00f637:1:byte)),CONST(0x185,4)),CONST(0x2f4,4))),CONST(0x10,2)),CONST(0xa5d2,2))))
034170	FUN_034170	03419a	LOAD	CAST(INT_ZEXT(INT_ADD(LEAF(register:0010:2:short),CONST(0x6,2))))
034170	FUN_034170	0341b4	STORE	CAST(INT_ZEXT(INT_ADD(LEAF(register:0010:2:short),CONST(0x2,2))))
034170	FUN_034170	0341be	LOAD	CAST(INT_ZEXT(INT_ADD(LEAF(register:0010:2:short),CONST(0x2,2))))
034170	FUN_034170	0341ca	STORE	CAST(INT_ZEXT(INT_ADD(LEAF(register:0010:2:short),CONST(0x2,2))))
034170	FUN_034170	0341d6	LOAD	CAST(INT_ZEXT(INT_ADD(LEAF(register:0010:2:short),CONST(0x2,2))))
034170	FUN_034170	0341e2	STORE	CAST(INT_ZEXT(INT_ADD(LEAF(register:0010:2:short),CONST(0x2,2))))
034170	FUN_034170	0341e8	STORE	CAST(INT_ZEXT(INT_ADD(LEAF(register:0010:2:short),CONST(0x7,2))))
034170	FUN_034170	03425a	STORE	CAST(INT_ZEXT(INT_ADD(LEAF(register:000e:2:short),CONST(0x2,2))))
03418c	FUN_03418c	030048	LOAD	CAST(INT_ZEXT(INT_ADD(SUBPIECE(PTRSUB(CONST(0x0,3),CONST(0xea1a,3)),CONST(0x0,4)),INT_MULT(INT_ZEXT(INDIRECT(INDIRECT(MULTIEQUAL(INDIRECT(INDIRECT(INDIRECT(LEAF(00f637:1:byte),CONST(0x25,4)),CONST(0xdd,4)),CONST(0x991,4)),INDIRECT(LEAF(00f637:1:byte),CONST(0xa59,4)),INDIRECT(LEAF(00f637:1:byte),CONST(0xa81,4)),LEAF(00f637:1:byte),LEAF(00f637:1:byte),LEAF(00f637:1:byte),LEAF(00f637:1:byte),LEAF(00f637:1:byte)),CONST(0x1c1,4)),CONST(0x330,4))),CONST(0xc,2)))))
03418c	FUN_03418c	030056	LOAD	CAST(INT_ZEXT(INT_ADD(INT_MULT(INT_ZEXT(INDIRECT(INDIRECT(MULTIEQUAL(INDIRECT(INDIRECT(INDIRECT(LEAF(00f637:1:byte),CONST(0x25,4)),CONST(0xdd,4)),CONST(0x991,4)),INDIRECT(LEAF(00f637:1:byte),CONST(0xa59,4)),INDIRECT(LEAF(00f637:1:byte),CONST(0xa81,4)),LEAF(00f637:1:byte),LEAF(00f637:1:byte),LEAF(00f637:1:byte),LEAF(00f637:1:byte),LEAF(00f637:1:byte)),CONST(0x1c1,4)),CONST(0x330,4))),CONST(0x10,2)),CONST(0xa5d0,2))))
03418c	FUN_03418c	030066	LOAD	CAST(INT_ZEXT(INT_ADD(INT_MULT(INT_ZEXT(INDIRECT(INDIRECT(MULTIEQUAL(INDIRECT(INDIRECT(INDIRECT(LEAF(00f637:1:byte),CONST(0x25,4)),CONST(0xdd,4)),CONST(0x991,4)),INDIRECT(LEAF(00f637:1:byte),CONST(0xa59,4)),INDIRECT(LEAF(00f637:1:byte),CONST(0xa81,4)),LEAF(00f637:1:byte),LEAF(00f637:1:byte),LEAF(00f637:1:byte),LEAF(00f637:1:byte),LEAF(00f637:1:byte)),CONST(0x1c1,4)),CONST(0x330,4))),CONST(0x10,2)),CONST(0xa5d0,2))))
03418c	FUN_03418c	030076	LOAD	CAST(INT_ZEXT(INT_ADD(INT_MULT(INT_ZEXT(INDIRECT(INDIRECT(MULTIEQUAL(INDIRECT(INDIRECT(INDIRECT(LEAF(00f637:1:byte),CONST(0x25,4)),CONST(0xdd,4)),CONST(0x991,4)),INDIRECT(LEAF(00f637:1:byte),CONST(0xa59,4)),INDIRECT(LEAF(00f637:1:byte),CONST(0xa81,4)),LEAF(00f637:1:byte),LEAF(00f637:1:byte),LEAF(00f637:1:byte),LEAF(00f637:1:byte),LEAF(00f637:1:byte)),CONST(0x1c1,4)),CONST(0x330,4))),CONST(0x10,2)),CONST(0xa5d2,2))))
03418c	FUN_03418c	030086	LOAD	CAST(INT_ZEXT(INT_ADD(INT_MULT(INT_ZEXT(INDIRECT(INDIRECT(MULTIEQUAL(INDIRECT(INDIRECT(INDIRECT(LEAF(00f637:1:byte),CONST(0x25,4)),CONST(0xdd,4)),CONST(0x991,4)),INDIRECT(LEAF(00f637:1:byte),CONST(0xa59,4)),INDIRECT(LEAF(00f637:1:byte),CONST(0xa81,4)),LEAF(00f637:1:byte),LEAF(00f637:1:byte),LEAF(00f637:1:byte),LEAF(00f637:1:byte),LEAF(00f637:1:byte)),CONST(0x1c1,4)),CONST(0x330,4))),CONST(0x10,2)),CONST(0xa5d2,2))))
03418c	FUN_03418c	03419a	LOAD	CAST(INT_ZEXT(INT_ADD(LEAF(register:0010:2:short),CONST(0x6,2))))
03418c	FUN_03418c	0341b4	STORE	CAST(INT_ZEXT(INT_ADD(LEAF(register:0010:2:short),CONST(0x2,2))))
03418c	FUN_03418c	0341be	LOAD	CAST(INT_ZEXT(INT_ADD(LEAF(register:0010:2:short),CONST(0x2,2))))
03418c	FUN_03418c	0341ca	STORE	CAST(INT_ZEXT(INT_ADD(LEAF(register:0010:2:short),CONST(0x2,2))))
03418c	FUN_03418c	0341d6	LOAD	CAST(INT_ZEXT(INT_ADD(LEAF(register:0010:2:short),CONST(0x2,2))))
03418c	FUN_03418c	0341e2	STORE	CAST(INT_ZEXT(INT_ADD(LEAF(register:0010:2:short),CONST(0x2,2))))
03418c	FUN_03418c	0341e8	STORE	CAST(INT_ZEXT(INT_ADD(LEAF(register:0010:2:short),CONST(0x7,2))))
03418c	FUN_03418c	03425a	STORE	CAST(INT_ZEXT(INT_ADD(LEAF(register:000e:2:short),CONST(0x2,2))))
03419a	FUN_03419a	030048	LOAD	CAST(INT_ZEXT(INT_ADD(SUBPIECE(PTRSUB(CONST(0x0,3),CONST(0xea1a,3)),CONST(0x0,4)),INT_MULT(INT_ZEXT(INDIRECT(INDIRECT(MULTIEQUAL(INDIRECT(INDIRECT(LEAF(00f637:1:byte),CONST(0x3d,4)),CONST(0x8f1,4)),INDIRECT(LEAF(00f637:1:byte),CONST(0x9b9,4)),INDIRECT(LEAF(00f637:1:byte),CONST(0x9e1,4)),LEAF(00f637:1:byte),LEAF(00f637:1:byte),LEAF(00f637:1:byte),LEAF(00f637:1:byte),LEAF(00f637:1:byte)),CONST(0x121,4)),CONST(0x290,4))),CONST(0xc,2)))))
03419a	FUN_03419a	030056	LOAD	CAST(INT_ZEXT(INT_ADD(INT_MULT(INT_ZEXT(INDIRECT(INDIRECT(MULTIEQUAL(INDIRECT(INDIRECT(LEAF(00f637:1:byte),CONST(0x3d,4)),CONST(0x8f1,4)),INDIRECT(LEAF(00f637:1:byte),CONST(0x9b9,4)),INDIRECT(LEAF(00f637:1:byte),CONST(0x9e1,4)),LEAF(00f637:1:byte),LEAF(00f637:1:byte),LEAF(00f637:1:byte),LEAF(00f637:1:byte),LEAF(00f637:1:byte)),CONST(0x121,4)),CONST(0x290,4))),CONST(0x10,2)),CONST(0xa5d0,2))))
03419a	FUN_03419a	030066	LOAD	CAST(INT_ZEXT(INT_ADD(INT_MULT(INT_ZEXT(INDIRECT(INDIRECT(MULTIEQUAL(INDIRECT(INDIRECT(LEAF(00f637:1:byte),CONST(0x3d,4)),CONST(0x8f1,4)),INDIRECT(LEAF(00f637:1:byte),CONST(0x9b9,4)),INDIRECT(LEAF(00f637:1:byte),CONST(0x9e1,4)),LEAF(00f637:1:byte),LEAF(00f637:1:byte),LEAF(00f637:1:byte),LEAF(00f637:1:byte),LEAF(00f637:1:byte)),CONST(0x121,4)),CONST(0x290,4))),CONST(0x10,2)),CONST(0xa5d0,2))))
03419a	FUN_03419a	030076	LOAD	CAST(INT_ZEXT(INT_ADD(INT_MULT(INT_ZEXT(INDIRECT(INDIRECT(MULTIEQUAL(INDIRECT(INDIRECT(LEAF(00f637:1:byte),CONST(0x3d,4)),CONST(0x8f1,4)),INDIRECT(LEAF(00f637:1:byte),CONST(0x9b9,4)),INDIRECT(LEAF(00f637:1:byte),CONST(0x9e1,4)),LEAF(00f637:1:byte),LEAF(00f637:1:byte),LEAF(00f637:1:byte),LEAF(00f637:1:byte),LEAF(00f637:1:byte)),CONST(0x121,4)),CONST(0x290,4))),CONST(0x10,2)),CONST(0xa5d2,2))))
03419a	FUN_03419a	030086	LOAD	CAST(INT_ZEXT(INT_ADD(INT_MULT(INT_ZEXT(INDIRECT(INDIRECT(MULTIEQUAL(INDIRECT(INDIRECT(LEAF(00f637:1:byte),CONST(0x3d,4)),CONST(0x8f1,4)),INDIRECT(LEAF(00f637:1:byte),CONST(0x9b9,4)),INDIRECT(LEAF(00f637:1:byte),CONST(0x9e1,4)),LEAF(00f637:1:byte),LEAF(00f637:1:byte),LEAF(00f637:1:byte),LEAF(00f637:1:byte),LEAF(00f637:1:byte)),CONST(0x121,4)),CONST(0x290,4))),CONST(0x10,2)),CONST(0xa5d2,2))))
03419a	FUN_03419a	03419a	LOAD	CAST(INT_ZEXT(INT_ADD(LEAF(register:0010:2:short),CONST(0x6,2))))
03419a	FUN_03419a	0341b4	STORE	CAST(INT_ZEXT(INT_ADD(LEAF(register:0010:2:short),CONST(0x2,2))))
03419a	FUN_03419a	0341be	LOAD	CAST(INT_ZEXT(INT_ADD(LEAF(register:0010:2:short),CONST(0x2,2))))
03419a	FUN_03419a	0341ca	STORE	CAST(INT_ZEXT(INT_ADD(LEAF(register:0010:2:short),CONST(0x2,2))))
03419a	FUN_03419a	0341d6	LOAD	CAST(INT_ZEXT(INT_ADD(LEAF(register:0010:2:short),CONST(0x2,2))))
03419a	FUN_03419a	0341e2	STORE	CAST(INT_ZEXT(INT_ADD(LEAF(register:0010:2:short),CONST(0x2,2))))
03419a	FUN_03419a	0341e8	STORE	CAST(INT_ZEXT(INT_ADD(LEAF(register:0010:2:short),CONST(0x7,2))))
03419a	FUN_03419a	03425a	STORE	CAST(INT_ZEXT(INT_ADD(LEAF(register:000e:2:short),CONST(0x2,2))))
034222	thunk_FUN_034256	030048	LOAD	CAST(INT_ZEXT(INT_ADD(SUBPIECE(PTRSUB(CONST(0x0,3),CONST(0xea1a,3)),CONST(0x0,4)),INT_MULT(INT_ZEXT(INDIRECT(LEAF(00f637:1:byte),CONST(0x30,4))),CONST(0xc,2)))))
034222	thunk_FUN_034256	030056	LOAD	CAST(INT_ZEXT(INT_ADD(INT_MULT(INT_ZEXT(INDIRECT(LEAF(00f637:1:byte),CONST(0x30,4))),CONST(0x10,2)),CONST(0xa5d0,2))))
034222	thunk_FUN_034256	030066	LOAD	CAST(INT_ZEXT(INT_ADD(INT_MULT(INT_ZEXT(INDIRECT(LEAF(00f637:1:byte),CONST(0x30,4))),CONST(0x10,2)),CONST(0xa5d0,2))))
034222	thunk_FUN_034256	030076	LOAD	CAST(INT_ZEXT(INT_ADD(INT_MULT(INT_ZEXT(INDIRECT(LEAF(00f637:1:byte),CONST(0x30,4))),CONST(0x10,2)),CONST(0xa5d2,2))))
034222	thunk_FUN_034256	030086	LOAD	CAST(INT_ZEXT(INT_ADD(INT_MULT(INT_ZEXT(INDIRECT(LEAF(00f637:1:byte),CONST(0x30,4))),CONST(0x10,2)),CONST(0xa5d2,2))))
034222	thunk_FUN_034256	03425a	STORE	CAST(INT_ZEXT(INT_ADD(LEAF(register:000e:2:short),CONST(0x2,2))))
034240	FUN_034240	030048	LOAD	CAST(INT_ZEXT(INT_ADD(SUBPIECE(PTRSUB(CONST(0x0,3),CONST(0xea1a,3)),CONST(0x0,4)),INT_MULT(INT_ZEXT(INDIRECT(LEAF(00f637:1:byte),CONST(0xf0,4))),CONST(0xc,2)))))
034240	FUN_034240	030056	LOAD	CAST(INT_ZEXT(INT_ADD(INT_MULT(INT_ZEXT(INDIRECT(LEAF(00f637:1:byte),CONST(0xf0,4))),CONST(0x10,2)),CONST(0xa5d0,2))))
034240	FUN_034240	030066	LOAD	CAST(INT_ZEXT(INT_ADD(INT_MULT(INT_ZEXT(INDIRECT(LEAF(00f637:1:byte),CONST(0xf0,4))),CONST(0x10,2)),CONST(0xa5d0,2))))
034240	FUN_034240	030076	LOAD	CAST(INT_ZEXT(INT_ADD(INT_MULT(INT_ZEXT(INDIRECT(LEAF(00f637:1:byte),CONST(0xf0,4))),CONST(0x10,2)),CONST(0xa5d2,2))))
034240	FUN_034240	030086	LOAD	CAST(INT_ZEXT(INT_ADD(INT_MULT(INT_ZEXT(INDIRECT(LEAF(00f637:1:byte),CONST(0xf0,4))),CONST(0x10,2)),CONST(0xa5d2,2))))
034240	FUN_034240	03425a	STORE	CAST(INT_ZEXT(INT_ADD(LEAF(register:000e:2:short),CONST(0x2,2))))
034256	FUN_034256	030048	LOAD	CAST(INT_ZEXT(INT_ADD(SUBPIECE(PTRSUB(CONST(0x0,3),CONST(0xea1a,3)),CONST(0x0,4)),INT_MULT(INT_ZEXT(INDIRECT(LEAF(00f637:1:byte),CONST(0x2c,4))),CONST(0xc,2)))))
034256	FUN_034256	030056	LOAD	CAST(INT_ZEXT(INT_ADD(INT_MULT(INT_ZEXT(INDIRECT(LEAF(00f637:1:byte),CONST(0x2c,4))),CONST(0x10,2)),CONST(0xa5d0,2))))
034256	FUN_034256	030066	LOAD	CAST(INT_ZEXT(INT_ADD(INT_MULT(INT_ZEXT(INDIRECT(LEAF(00f637:1:byte),CONST(0x2c,4))),CONST(0x10,2)),CONST(0xa5d0,2))))
034256	FUN_034256	030076	LOAD	CAST(INT_ZEXT(INT_ADD(INT_MULT(INT_ZEXT(INDIRECT(LEAF(00f637:1:byte),CONST(0x2c,4))),CONST(0x10,2)),CONST(0xa5d2,2))))
034256	FUN_034256	030086	LOAD	CAST(INT_ZEXT(INT_ADD(INT_MULT(INT_ZEXT(INDIRECT(LEAF(00f637:1:byte),CONST(0x2c,4))),CONST(0x10,2)),CONST(0xa5d2,2))))
034256	FUN_034256	03425a	STORE	CAST(INT_ZEXT(INT_ADD(LEAF(register:000e:2:short),CONST(0x2,2))))
034260	FUN_034260	030048	LOAD	CAST(INT_ZEXT(INT_ADD(SUBPIECE(PTRSUB(CONST(0x0,3),CONST(0xea1a,3)),CONST(0x0,4)),INT_MULT(INT_ZEXT(LEAF(00f637:1:byte)),CONST(0xc,2)))))
034260	FUN_034260	030056	LOAD	CAST(INT_ZEXT(INT_ADD(INT_MULT(INT_ZEXT(LEAF(00f637:1:byte)),CONST(0x10,2)),CONST(0xa5d0,2))))
034260	FUN_034260	030066	LOAD	CAST(INT_ZEXT(INT_ADD(INT_MULT(INT_ZEXT(LEAF(00f637:1:byte)),CONST(0x10,2)),CONST(0xa5d0,2))))
034260	FUN_034260	030076	LOAD	CAST(INT_ZEXT(INT_ADD(INT_MULT(INT_ZEXT(LEAF(00f637:1:byte)),CONST(0x10,2)),CONST(0xa5d2,2))))
034260	FUN_034260	030086	LOAD	CAST(INT_ZEXT(INT_ADD(INT_MULT(INT_ZEXT(LEAF(00f637:1:byte)),CONST(0x10,2)),CONST(0xa5d2,2))))
034344	FUN_034344	034350	LOAD	CAST(INT_ZEXT(INT_ADD(MULTIEQUAL(SUBPIECE(PTRSUB(CONST(0x0,3),CONST(0xf0ec,3)),CONST(0x0,4)),SUBPIECE(PTRSUB(CONST(0x0,3),CONST(0xf030,3)),CONST(0x0,4))),CONST(0x56,2))))
034344	FUN_034344	03435a	LOAD	CAST(INT_ZEXT(INT_ADD(MULTIEQUAL(SUBPIECE(PTRSUB(CONST(0x0,3),CONST(0xf0ec,3)),CONST(0x0,4)),SUBPIECE(PTRSUB(CONST(0x0,3),CONST(0xf030,3)),CONST(0x0,4))),CONST(0x74,2))))
034344	FUN_034344	03436a	LOAD	CAST(INT_ZEXT(INT_ADD(MULTIEQUAL(SUBPIECE(PTRSUB(CONST(0x0,3),CONST(0xf0ec,3)),CONST(0x0,4)),SUBPIECE(PTRSUB(CONST(0x0,3),CONST(0xf030,3)),CONST(0x0,4))),CONST(0x74,2))))
034344	FUN_034344	03436e	STORE	CAST(INT_ZEXT(INT_ADD(MULTIEQUAL(SUBPIECE(PTRSUB(CONST(0x0,3),CONST(0xf0ec,3)),CONST(0x0,4)),SUBPIECE(PTRSUB(CONST(0x0,3),CONST(0xf030,3)),CONST(0x0,4))),CONST(0x74,2))))
034344	FUN_034344	034370	LOAD	CAST(INT_ZEXT(INT_ADD(MULTIEQUAL(SUBPIECE(PTRSUB(CONST(0x0,3),CONST(0xf0ec,3)),CONST(0x0,4)),SUBPIECE(PTRSUB(CONST(0x0,3),CONST(0xf030,3)),CONST(0x0,4))),CONST(0x54,2))))
034344	FUN_034344	03437e	LOAD	CAST(INT_ZEXT(INT_ADD(MULTIEQUAL(SUBPIECE(PTRSUB(CONST(0x0,3),CONST(0xf0ec,3)),CONST(0x0,4)),SUBPIECE(PTRSUB(CONST(0x0,3),CONST(0xf030,3)),CONST(0x0,4))),CONST(0x54,2))))
034344	FUN_034344	034382	STORE	CAST(INT_ZEXT(INT_ADD(MULTIEQUAL(SUBPIECE(PTRSUB(CONST(0x0,3),CONST(0xf0ec,3)),CONST(0x0,4)),SUBPIECE(PTRSUB(CONST(0x0,3),CONST(0xf030,3)),CONST(0x0,4))),CONST(0x54,2))))
0343d0	FUN_0343d0	0343dc	STORE	CAST(INT_ZEXT(INT_ADD(LEAF(register:0012:2:short),CONST(0x54,2))))
0343d0	FUN_0343d0	0343f6	STORE	CAST(INT_ZEXT(INT_ADD(LEAF(register:0012:2:short),CONST(0x48,2))))
0343d0	FUN_0343d0	034402	LOAD	CAST(INT_ZEXT(INT_ADD(LEAF(register:0012:2:short),CONST(0x49,2))))
0343d0	FUN_0343d0	03440a	STORE	CAST(INT_ZEXT(INT_ADD(LEAF(register:0012:2:short),CONST(0x48,2))))
0343d0	FUN_0343d0	034432	LOAD	CAST(INT_ZEXT(INT_ADD(LEAF(register:0012:2:short),CONST(0x42,2))))
0343d0	FUN_0343d0	034440	STORE	CAST(INT_ZEXT(INT_ADD(LEAF(register:0012:2:short),CONST(0x4d,2))))
0343d0	FUN_0343d0	034448	LOAD	CAST(INT_ZEXT(INT_ADD(LEAF(register:0012:2:short),CONST(0x4d,2))))
034410	FUN_034410	034432	LOAD	CAST(INT_ZEXT(INT_ADD(LEAF(register:0012:2:short),CONST(0x42,2))))
034410	FUN_034410	034440	STORE	CAST(INT_ZEXT(INT_ADD(LEAF(register:0012:2:short),CONST(0x4d,2))))
034410	FUN_034410	034448	LOAD	CAST(INT_ZEXT(INT_ADD(LEAF(register:0012:2:short),CONST(0x4d,2))))
034466	FUN_034466	034470	LOAD	CAST(INT_ZEXT(INT_ADD(LEAF(register:0012:2:short),CONST(0x4a,2))))
034466	FUN_034466	034476	LOAD	CAST(INT_ZEXT(INT_ADD(LEAF(register:0012:2:short),CONST(0x4b,2))))
034466	FUN_034466	03449c	LOAD	CAST(INT_ZEXT(INT_ADD(LEAF(register:0012:2:short),CONST(0x4a,2))))
034466	FUN_034466	0344a2	LOAD	CAST(INT_ZEXT(INT_ADD(LEAF(register:0012:2:short),CONST(0x4b,2))))
034466	FUN_034466	0344d4	STORE	CAST(INT_ZEXT(INT_ADD(LEAF(register:0012:2:short),CONST(0x4a,2))))
034466	FUN_034466	0344dc	LOAD	CAST(INT_ZEXT(INT_ADD(LEAF(register:0012:2:short),CONST(0x4a,2))))
034466	FUN_034466	0344e4	STORE	CAST(INT_ZEXT(INT_ADD(LEAF(register:0012:2:short),CONST(0x4a,2))))
034466	FUN_034466	0344ee	LOAD	CAST(INT_ZEXT(INT_ADD(LEAF(register:0012:2:short),CONST(0x4a,2))))
034466	FUN_034466	0344f6	STORE	CAST(INT_ZEXT(INT_ADD(LEAF(register:0012:2:short),CONST(0x4a,2))))
034466	FUN_034466	0344fa	STORE	CAST(INT_ZEXT(INT_ADD(LEAF(register:0012:2:short),CONST(0x4c,2))))
034466	FUN_034466	034504	LOAD	CAST(INT_ZEXT(INT_ADD(LEAF(register:0012:2:short),CONST(0x52,2))))
034466	FUN_034466	03450a	STORE	CAST(INT_ZEXT(INT_ADD(LEAF(register:0012:2:short),CONST(0x52,2))))
034466	FUN_034466	034512	LOAD	CAST(INT_ZEXT(INT_ADD(LEAF(register:0012:2:short),CONST(0x50,2))))
034466	FUN_034466	034592	STORE	CAST(INT_ZEXT(INT_ADD(LEAF(register:0012:2:short),CONST(0x54,2))))
034466	FUN_034466	03462e	STORE	CAST(INT_ZEXT(INT_ADD(LEAF(register:0012:2:short),CONST(0x4e,2))))
0344b0	FUN_0344b0	0344d4	STORE	CAST(INT_ZEXT(INT_ADD(LEAF(register:0012:2:short),CONST(0x4a,2))))
0344b0	FUN_0344b0	0344dc	LOAD	CAST(INT_ZEXT(INT_ADD(LEAF(register:0012:2:short),CONST(0x4a,2))))
0344b0	FUN_0344b0	0344e4	STORE	CAST(INT_ZEXT(INT_ADD(LEAF(register:0012:2:short),CONST(0x4a,2))))
0344b0	FUN_0344b0	0344ee	LOAD	CAST(INT_ZEXT(INT_ADD(LEAF(register:0012:2:short),CONST(0x4a,2))))
0344b0	FUN_0344b0	0344f6	STORE	CAST(INT_ZEXT(INT_ADD(LEAF(register:0012:2:short),CONST(0x4a,2))))
0344b0	FUN_0344b0	0344fa	STORE	CAST(INT_ZEXT(INT_ADD(LEAF(register:0012:2:short),CONST(0x4c,2))))
0344b0	FUN_0344b0	034504	LOAD	CAST(INT_ZEXT(INT_ADD(LEAF(register:0012:2:short),CONST(0x52,2))))
0344b0	FUN_0344b0	03450a	STORE	CAST(INT_ZEXT(INT_ADD(LEAF(register:0012:2:short),CONST(0x52,2))))
0344b0	FUN_0344b0	034512	LOAD	CAST(INT_ZEXT(INT_ADD(LEAF(register:0012:2:short),CONST(0x50,2))))
0344b0	FUN_0344b0	034592	STORE	CAST(INT_ZEXT(INT_ADD(LEAF(register:0012:2:short),CONST(0x54,2))))
0344b0	FUN_0344b0	03462e	STORE	CAST(INT_ZEXT(INT_ADD(LEAF(register:0012:2:short),CONST(0x4e,2))))
0344f4	FUN_0344f4	0344f6	STORE	CAST(INT_ZEXT(INT_ADD(LEAF(register:0012:2:short),CONST(0x4a,2))))
0344f4	FUN_0344f4	0344fa	STORE	CAST(INT_ZEXT(INT_ADD(LEAF(register:0012:2:short),CONST(0x4c,2))))
0344f4	FUN_0344f4	034504	LOAD	CAST(INT_ZEXT(INT_ADD(LEAF(register:0012:2:short),CONST(0x52,2))))
0344f4	FUN_0344f4	03450a	STORE	CAST(INT_ZEXT(INT_ADD(LEAF(register:0012:2:short),CONST(0x52,2))))
0344f4	FUN_0344f4	034512	LOAD	CAST(INT_ZEXT(INT_ADD(LEAF(register:0012:2:short),CONST(0x50,2))))
0344f4	FUN_0344f4	034592	STORE	CAST(INT_ZEXT(INT_ADD(LEAF(register:0012:2:short),CONST(0x54,2))))
0344f4	FUN_0344f4	03462e	STORE	CAST(INT_ZEXT(INT_ADD(LEAF(register:0012:2:short),CONST(0x4e,2))))
03454e	FUN_03454e	034592	STORE	CAST(INT_ZEXT(INT_ADD(LEAF(register:0012:2:short),CONST(0x54,2))))
03454e	FUN_03454e	03462e	STORE	CAST(INT_ZEXT(INT_ADD(LEAF(register:0012:2:short),CONST(0x4e,2))))
034dee	FUN_034dee	031154	LOAD	CAST(INT_ZEXT(INT_ADD(MULTIEQUAL(MULTIEQUAL(MULTIEQUAL(INDIRECT(INDIRECT(INDIRECT(INDIRECT(INDIRECT(MULTIEQUAL(INDIRECT(INDIRECT(INDIRECT(INDIRECT(LEAF(00f2ca:2:short),CONST(0x2f0,4)),CONST(0x3a2,4)),CONST(0x48d,4)),CONST(0x4c8,4)),INDIRECT(LEAF(00f2ca:2:short),CONST(0x1b8c,4))),CONST(0x57f,4)),CONST(0x607,4)),CONST(0x64c,4)),CONST(0x686,4)),CONST(0x6f3,4)),LEAF(00f2ca:2:short),INDIRECT(LEAF(00f2ca:2:short),CONST(0x1ac8,4))),INDIRECT(LEAF(00f2ca:2:short),CONST(0xbd1,4)),LEAF(00f2ca:2:short),LEAF(00f2ca:2:short),LEAF(00f2ca:2:short),LEAF(00f2ca:2:short),LEAF(00f2ca:2:short),LEAF(00f2ca:2:short)),LEAF(00f2ca:2:short)),INT_MULT(MULTIEQUAL(INT_SRIGHT(CAST(MULTIEQUAL(COPY(PIECE(SUBPIECE(INT_RIGHT(MULTIEQUAL(INT_ZEXT(LOAD(CONST(0x1f1,4),CAST(LEAF(unique:1000021e:3:uint3)))),PIECE(SUBPIECE(INT_RIGHT(LEAF(unique:1000021c:2:ushort),CONST(0x8,4)),CONST(0x0,4)),LOAD(CONST(0x1f1,4),CAST(LEAF(unique:10000219:3:uint3)))),PIECE(SUBPIECE(INT_RIGHT(LEAF(unique:10000217:2:ushort),CONST(0x8,4)),CONST(0x0,4)),LOAD(CONST(0x1f1,4),CAST(LEAF(unique:10000214:3:uint3))))),CONST(0x8,4)),CONST(0x0,4)),MULTIEQUAL(INDIRECT(INDIRECT(INDIRECT(INDIRECT(INDIRECT(LEAF(00f582:1:byte),CONST(0x57f,4)),CONST(0x607,4)),CONST(0x64c,4)),CONST(0x686,4)),CONST(0x6f3,4)),LEAF(00f582:1:byte),INDIRECT(LEAF(00f582:1:byte),CONST(0x1ac8,4))))),COPY(INT_2COMP(INDIRECT(MULTIEQUAL(INDIRECT(INDIRECT(INDIRECT(INDIRECT(LEAF(000094:2:ushort),CONST(0x607,4)),CONST(0x64c,4)),CONST(0x686,4)),CONST(0x6f3,4)),LEAF(000094:2:ushort),INDIRECT(LEAF(000094:2:ushort),CONST(0x1ac8,4))),CONST(0xbd1,4)))),COPY(CALL(LEAF(03600e:8:?),MULTIEQUAL(INDIRECT(INDIRECT(INDIRECT(INDIRECT(INDIRECT(LEAF(00fc4e:2:undefined2),CONST(0x57f,4)),CONST(0x607,4)),CONST(0x64c,4)),CONST(0x686,4)),CONST(0x6f3,4)),LEAF(00fc4e:2:undefined2),INDIRECT(LEAF(00fc4e:2:undefined2),CONST(0x1ac8,4))),MULTIEQUAL(INDIRECT(INDIRECT(INDIRECT(INDIRECT(INDIRECT(LEAF(00fc42:2:undefined2),CONST(0x57f,4)),CONST(0x607,4)),CONST(0x64c,4)),CONST(0x686,4)),CONST(0x6f3,4)),LEAF(00fc42:2:undefined2),INDIRECT(LEAF(00fc42:2:undefined2),CONST(0x1ac8,4))))),INT_ZEXT(MULTIEQUAL(INDIRECT(INDIRECT(INDIRECT(INDIRECT(INDIRECT(MULTIEQUAL(LEAF(00fc3c:1:byte),LEAF(00fc3c:1:byte)),CONST(0x57f,4)),CONST(0x607,4)),CONST(0x64c,4)),CONST(0x686,4)),CONST(0x6f3,4)),LEAF(00fc3c:1:byte),INDIRECT(LEAF(00fc3c:1:byte),CONST(0x1ac8,4)))),LEAF(register:0008:2:ushort),LEAF(register:0008:2:ushort),INT_AND(MULTIEQUAL(INDIRECT(INDIRECT(INDIRECT(INDIRECT(INDIRECT(MULTIEQUAL(LEAF(00fd32:2:ushort),LEAF(00fd32:2:ushort)),CONST(0x57f,4)),CONST(0x607,4)),CONST(0x64c,4)),CONST(0x686,4)),CONST(0x6f3,4)),LEAF(00fd32:2:ushort),INDIRECT(LEAF(00fd32:2:ushort),CONST(0x1ac8,4))),CONST(0x3f,2)),LEAF(register:0008:2:ushort))),CONST(0xf,4)),LEAF(register:0008:2:ushort)),CONST(0x2,2)))))
034dee	FUN_034dee	03115c	LOAD	CAST(INT_ZEXT(INT_SUB(LOAD(CONST(0x1f1,4),CAST(INT_ZEXT(INT_ADD(MULTIEQUAL(MULTIEQUAL(MULTIEQUAL(INDIRECT(INDIRECT(INDIRECT(INDIRECT(INDIRECT(MULTIEQUAL(LEAF(00f2ca:2:short),LEAF(00f2ca:2:short)),CONST(0x57f,4)),CONST(0x607,4)),CONST(0x64c,4)),CONST(0x686,4)),CONST(0x6f3,4)),LEAF(00f2ca:2:short),INDIRECT(LEAF(00f2ca:2:short),CONST(0x1ac8,4))),INDIRECT(LEAF(00f2ca:2:short),CONST(0xbd1,4)),LEAF(00f2ca:2:short),LEAF(00f2ca:2:short),LEAF(00f2ca:2:short),LEAF(00f2ca:2:short),LEAF(00f2ca:2:short),LEAF(00f2ca:2:short)),LEAF(00f2ca:2:short)),INT_MULT(MULTIEQUAL(INT_SRIGHT(CAST(MULTIEQUAL(COPY(PIECE(SUBPIECE(INT_RIGHT(LEAF(register:0008:2:ushort),CONST(0x8,4)),CONST(0x0,4)),MULTIEQUAL(INDIRECT(LEAF(00f582:1:byte),CONST(0x6f3,4)),LEAF(00f582:1:byte),INDIRECT(LEAF(00f582:1:byte),CONST(0x1ac8,4))))),COPY(INT_2COMP(INDIRECT(MULTIEQUAL(LEAF(000094:2:ushort),LEAF(000094:2:ushort),LEAF(000094:2:ushort)),CONST(0xbd1,4)))),COPY(CALL(LEAF(03600e:8:?),MULTIEQUAL(INDIRECT(LEAF(00fc4e:2:undefined2),CONST(0x6f3,4)),LEAF(00fc4e:2:undefined2),INDIRECT(LEAF(00fc4e:2:undefined2),CONST(0x1ac8,4))),MULTIEQUAL(INDIRECT(LEAF(00fc42:2:undefined2),CONST(0x6f3,4)),LEAF(00fc42:2:undefined2),INDIRECT(LEAF(00fc42:2:undefined2),CONST(0x1ac8,4))))),INT_ZEXT(MULTIEQUAL(INDIRECT(INDIRECT(LEAF(00fc3c:1:byte),CONST(0x686,4)),CONST(0x6f3,4)),LEAF(00fc3c:1:byte),INDIRECT(LEAF(00fc3c:1:byte),CONST(0x1ac8,4)))),LEAF(register:0008:2:ushort),LEAF(register:0008:2:ushort),INT_AND(MULTIEQUAL(INDIRECT(INDIRECT(LEAF(00fd32:2:ushort),CONST(0x686,4)),CONST(0x6f3,4)),LEAF(00fd32:2:ushort),INDIRECT(LEAF(00fd32:2:ushort),CONST(0x1ac8,4))),CONST(0x3f,2)),LEAF(register:0008:2:ushort))),CONST(0xf,4)),MULTIEQUAL(INT_ZEXT(LOAD(CONST(0x1f1,4),CAST(INT_ZEXT(INT_ADD(LEAF(register:0012:2:short),CONST(0xabfa,2)))))),PIECE(SUBPIECE(INT_RIGHT(CAST(INT_MULT(INT_ZEXT(LEAF(unique:00017d00:1:byte)),CONST(0x2,2))),CONST(0x8,4)),CONST(0x0,4)),LOAD(CONST(0x1f1,4),CAST(INT_ZEXT(INT_ADD(LEAF(register:0012:2:short),CONST(0xabfa,2)))))),PIECE(SUBPIECE(INT_RIGHT(CAST(INT_ADD(LOAD(CONST(0x1f1,4),LEAF(unique:00014f00:3:short *)),CONST(0x1,2))),CONST(0x8,4)),CONST(0x0,4)),LOAD(CONST(0x1f1,4),CAST(INT_ZEXT(INT_ADD(LEAF(register:0012:2:short),CONST(0xabf4,2)))))))),CONST(0x2,2)))))),CONST(0x2,2))))
034dee	FUN_034dee	03116c	LOAD	CAST(INT_ZEXT(INT_ADD(MULTIEQUAL(MULTIEQUAL(MULTIEQUAL(INDIRECT(INDIRECT(INDIRECT(INDIRECT(INDIRECT(MULTIEQUAL(INDIRECT(INDIRECT(INDIRECT(INDIRECT(LEAF(00e820:2:short),CONST(0x2f0,4)),CONST(0x3a2,4)),CONST(0x48d,4)),CONST(0x4c8,4)),INDIRECT(LEAF(00e820:2:short),CONST(0x1b8c,4))),CONST(0x57f,4)),CONST(0x607,4)),CONST(0x64c,4)),CONST(0x686,4)),CONST(0x6f3,4)),LEAF(00e820:2:short),INDIRECT(LEAF(00e820:2:short),CONST(0x1ac8,4))),INDIRECT(LEAF(00e820:2:short),CONST(0xbd1,4)),LEAF(00e820:2:short),LEAF(00e820:2:short),LEAF(00e820:2:short),LEAF(00e820:2:short),LEAF(00e820:2:short),LEAF(00e820:2:short)),LEAF(00e820:2:short)),CONST(0xc,2))))
034dee	FUN_034dee	031174	LOAD	CAST(INT_ZEXT(INT_ADD(MULTIEQUAL(MULTIEQUAL(MULTIEQUAL(INDIRECT(INDIRECT(INDIRECT(INDIRECT(INDIRECT(MULTIEQUAL(INDIRECT(INDIRECT(INDIRECT(INDIRECT(LEAF(00e820:2:short),CONST(0x2f0,4)),CONST(0x3a2,4)),CONST(0x48d,4)),CONST(0x4c8,4)),INDIRECT(LEAF(00e820:2:short),CONST(0x1b8c,4))),CONST(0x57f,4)),CONST(0x607,4)),CONST(0x64c,4)),CONST(0x686,4)),CONST(0x6f3,4)),LEAF(00e820:2:short),INDIRECT(LEAF(00e820:2:short),CONST(0x1ac8,4))),INDIRECT(LEAF(00e820:2:short),CONST(0xbd1,4)),LEAF(00e820:2:short),LEAF(00e820:2:short),LEAF(00e820:2:short),LEAF(00e820:2:short),LEAF(00e820:2:short),LEAF(00e820:2:short)),LEAF(00e820:2:short)),CONST(0xd,2))))
034dee	FUN_034dee	034df4	LOAD	CAST(INT_ZEXT(CAST(INT_ADD(SUBPIECE(PTRSUB(CONST(0x0,3),CONST(0xabe8,3)),CONST(0x0,4)),LEAF(register:0012:2:short)))))
034dee	FUN_034dee	034e00	STORE	CAST(INT_ZEXT(INT_SUB(LEAF(register:0012:2:short),CONST(0xaa0,2))))
034dee	FUN_034dee	034e04	LOAD	CAST(INT_ZEXT(CAST(INT_ADD(SUBPIECE(PTRSUB(CONST(0x0,3),CONST(0xabee,3)),CONST(0x0,4)),LEAF(register:0012:2:short)))))
034dee	FUN_034dee	034e18	STORE	CAST(INT_ZEXT(CAST(INT_ADD(SUBPIECE(PTRSUB(CONST(0x0,3),CONST(0xf4f2,3)),CONST(0x0,4)),INT_MULT(LEAF(register:0012:2:short),CONST(0x2,2))))))
034dee	FUN_034dee	034e1c	LOAD	CAST(INT_ZEXT(INT_ADD(LEAF(register:0012:2:short),CONST(0xac06,2))))
034dee	FUN_034dee	034e24	LOAD	CAST(INT_ZEXT(INT_ADD(SUBPIECE(PTRSUB(CONST(0x0,3),CONST(0xf4e6,3)),CONST(0x0,4)),INT_MULT(INT_ZEXT(LOAD(CONST(0x1f1,4),CAST(INT_ZEXT(INT_ADD(LEAF(register:0012:2:short),CONST(0xac06,2)))))),CONST(0x2,2)))))
034dee	FUN_034dee	034e28	LOAD	CAST(INT_ZEXT(INT_ADD(LEAF(register:0012:2:short),CONST(0xac0c,2))))
034dee	FUN_034dee	034e30	LOAD	CAST(INT_ZEXT(INT_ADD(SUBPIECE(PTRSUB(CONST(0x0,3),CONST(0xf4e6,3)),CONST(0x0,4)),INT_MULT(INT_ZEXT(LOAD(CONST(0x1f1,4),CAST(INT_ZEXT(INT_ADD(LEAF(register:0012:2:short),CONST(0xac0c,2)))))),CONST(0x2,2)))))
034dee	FUN_034dee	034e4c	LOAD	CAST(INT_ZEXT(CAST(INT_ADD(SUBPIECE(PTRSUB(CONST(0x0,3),CONST(0xf4e6,3)),CONST(0x0,4)),INT_MULT(LEAF(register:0012:2:short),CONST(0x2,2))))))
034dee	FUN_034dee	034e5c	LOAD	CAST(INT_ZEXT(INT_ADD(LEAF(register:0012:2:short),CONST(0xac06,2))))
034dee	FUN_034dee	034e64	LOAD	CAST(INT_ZEXT(INT_ADD(SUBPIECE(PTRSUB(CONST(0x0,3),CONST(0xf4e6,3)),CONST(0x0,4)),INT_MULT(INT_ZEXT(LOAD(CONST(0x1f1,4),CAST(INT_ZEXT(INT_ADD(LEAF(register:0012:2:short),CONST(0xac06,2)))))),CONST(0x2,2)))))
034dee	FUN_034dee	034e72	LOAD	CAST(INT_ZEXT(CAST(INT_ADD(SUBPIECE(PTRSUB(CONST(0x0,3),CONST(0xf4e6,3)),CONST(0x0,4)),INT_MULT(LEAF(register:0012:2:short),CONST(0x2,2))))))
034dee	FUN_034dee	034e76	LOAD	CAST(INT_ZEXT(INT_ADD(LEAF(register:0012:2:short),CONST(0xac06,2))))
034dee	FUN_034dee	034e7e	LOAD	CAST(INT_ZEXT(INT_ADD(SUBPIECE(PTRSUB(CONST(0x0,3),CONST(0xf4e6,3)),CONST(0x0,4)),INT_MULT(INT_ZEXT(LOAD(CONST(0x1f1,4),CAST(INT_ZEXT(INT_ADD(LEAF(register:0012:2:short),CONST(0xac06,2)))))),CONST(0x2,2)))))
034dee	FUN_034dee	034eb6	LOAD	CAST(INT_ZEXT(INT_ADD(LEAF(register:0012:2:short),CONST(0xac06,2))))
034dee	FUN_034dee	034ebe	STORE	CAST(INT_ZEXT(INT_SUB(INT_MULT(INT_ZEXT(LOAD(CONST(0x1f1,4),CAST(INT_ZEXT(INT_ADD(LEAF(register:0012:2:short),CONST(0xac06,2)))))),CONST(0x2,2)),CONST(0xaea,2))))
034dee	FUN_034dee	034ed8	LOAD	CAST(INT_ZEXT(INT_ADD(LEAF(register:0012:2:short),CONST(0xac06,2))))
034dee	FUN_034dee	034ee0	STORE	CAST(INT_ZEXT(INT_SUB(INT_MULT(INT_ZEXT(LOAD(CONST(0x1f1,4),CAST(INT_ZEXT(INT_ADD(LEAF(register:0012:2:short),CONST(0xac06,2)))))),CONST(0x2,2)),CONST(0xaf6,2))))
034dee	FUN_034dee	034ee8	LOAD	CAST(INT_ZEXT(INT_ADD(LEAF(register:0012:2:short),CONST(0xac06,2))))
034dee	FUN_034dee	034eee	LOAD	CAST(INT_ZEXT(INT_ADD(SUBPIECE(PTRSUB(CONST(0x0,3),CONST(0xabe8,3)),CONST(0x0,4)),INT_ZEXT(LOAD(CONST(0x1f1,4),CAST(INT_ZEXT(INT_ADD(LEAF(register:0012:2:short),CONST(0xac06,2)))))))))
034dee	FUN_034dee	034f0a	LOAD	CAST(INT_ZEXT(INT_ADD(LEAF(register:0012:2:short),CONST(0xac06,2))))
034dee	FUN_034dee	034f12	LOAD	CAST(INT_ZEXT(INT_ADD(SUBPIECE(PTRSUB(CONST(0x0,3),CONST(0xf4f2,3)),CONST(0x0,4)),INT_MULT(INT_ZEXT(LOAD(CONST(0x1f1,4),CAST(INT_ZEXT(INT_ADD(LEAF(register:0012:2:short),CONST(0xac06,2)))))),CONST(0x2,2)))))
034dee	FUN_034dee	034f16	LOAD	CAST(INT_ZEXT(INT_ADD(LEAF(register:0012:2:short),CONST(0xac06,2))))
034dee	FUN_034dee	034f1e	LOAD	CAST(INT_ZEXT(INT_SUB(INT_MULT(INT_ZEXT(LOAD(CONST(0x1f1,4),CAST(INT_ZEXT(INT_ADD(LEAF(register:0012:2:short),CONST(0xac06,2)))))),CONST(0x2,2)),CONST(0xaf6,2))))
034dee	FUN_034dee	034f26	LOAD	CAST(INT_ZEXT(INT_ADD(LEAF(register:0012:2:short),CONST(0xac06,2))))
034dee	FUN_034dee	034f34	LOAD	CAST(INT_ZEXT(INT_ADD(SUBPIECE(PTRSUB(CONST(0x0,3),CONST(0xf528,3)),CONST(0x0,4)),INT_MULT(INT_ZEXT(LOAD(CONST(0x1f1,4),CAST(INT_ZEXT(INT_ADD(LEAF(register:0012:2:short),CONST(0xac06,2)))))),CONST(0x2,2)))))
034dee	FUN_034dee	034f38	STORE	CAST(INT_ZEXT(INT_ADD(SUBPIECE(PTRSUB(CONST(0x0,3),CONST(0xf528,3)),CONST(0x0,4)),INT_MULT(INT_ZEXT(LOAD(CONST(0x1f1,4),CAST(INT_ZEXT(INT_ADD(LEAF(register:0012:2:short),CONST(0xac06,2)))))),CONST(0x2,2)))))
034dee	FUN_034dee	034f3a	LOAD	CAST(INT_ZEXT(INT_ADD(LEAF(register:0012:2:short),CONST(0xabf4,2))))
034dee	FUN_034dee	034f44	LOAD	CAST(INT_ZEXT(INT_ADD(LEAF(register:0012:2:short),CONST(0xabfa,2))))
034dee	FUN_034dee	034f4e	LOAD	CAST(INT_ZEXT(INT_ADD(LEAF(register:0012:2:short),CONST(0xabfa,2))))
034dee	FUN_034dee	03501c	LOAD	CAST(INT_ZEXT(INT_ADD(SUBPIECE(PTRSUB(CONST(0x0,3),CONST(0xfc42,3)),CONST(0x0,4)),INT_MULT(INT_ZEXT(MULTIEQUAL(COPY(CONST(0x1,1)),INT_ADD(LEAF(register:000c:1:byte),CONST(0x1,1)))),CONST(0x2,2)))))
034dee	FUN_034dee	035074	LOAD	CAST(INT_ZEXT(INT_SUB(INT_MULT(INT_ZEXT(MULTIEQUAL(COPY(CONST(0x1,1)),INT_ADD(LEAF(register:000c:1:byte),CONST(0x1,1)))),CONST(0x2,2)),CONST(0xacc,2))))
034dee	FUN_034dee	0350ca	STORE	CAST(INT_ZEXT(INT_SUB(INT_MULT(INT_ZEXT(MULTIEQUAL(COPY(CONST(0x1,1)),INT_ADD(LEAF(register:000c:1:byte),CONST(0x1,1)))),CONST(0x2,2)),CONST(0xacc,2))))
034df6	FUN_034df6	031154	LOAD	CAST(INT_ZEXT(INT_ADD(MULTIEQUAL(MULTIEQUAL(MULTIEQUAL(INDIRECT(INDIRECT(INDIRECT(INDIRECT(INDIRECT(MULTIEQUAL(INDIRECT(INDIRECT(INDIRECT(INDIRECT(LEAF(00f2ca:2:short),CONST(0x2b9,4)),CONST(0x36b,4)),CONST(0x456,4)),CONST(0x491,4)),INDIRECT(LEAF(00f2ca:2:short),CONST(0x1b55,4))),CONST(0x548,4)),CONST(0x5d0,4)),CONST(0x615,4)),CONST(0x64f,4)),CONST(0x6bc,4)),LEAF(00f2ca:2:short),INDIRECT(LEAF(00f2ca:2:short),CONST(0x1a91,4))),INDIRECT(LEAF(00f2ca:2:short),CONST(0xb9a,4)),LEAF(00f2ca:2:short),LEAF(00f2ca:2:short),LEAF(00f2ca:2:short),LEAF(00f2ca:2:short),LEAF(00f2ca:2:short),LEAF(00f2ca:2:short)),LEAF(00f2ca:2:short)),INT_MULT(MULTIEQUAL(INT_SRIGHT(CAST(MULTIEQUAL(COPY(PIECE(SUBPIECE(INT_RIGHT(MULTIEQUAL(INT_ZEXT(LOAD(CONST(0x1f1,4),CAST(LEAF(unique:10000213:3:uint3)))),PIECE(SUBPIECE(INT_RIGHT(LEAF(unique:10000211:2:ushort),CONST(0x8,4)),CONST(0x0,4)),LOAD(CONST(0x1f1,4),CAST(LEAF(unique:1000020e:3:uint3)))),PIECE(SUBPIECE(INT_RIGHT(LEAF(unique:1000020c:2:ushort),CONST(0x8,4)),CONST(0x0,4)),LOAD(CONST(0x1f1,4),CAST(LEAF(unique:10000209:3:uint3))))),CONST(0x8,4)),CONST(0x0,4)),MULTIEQUAL(INDIRECT(INDIRECT(INDIRECT(INDIRECT(INDIRECT(LEAF(00f582:1:byte),CONST(0x548,4)),CONST(0x5d0,4)),CONST(0x615,4)),CONST(0x64f,4)),CONST(0x6bc,4)),LEAF(00f582:1:byte),INDIRECT(LEAF(00f582:1:byte),CONST(0x1a91,4))))),COPY(INT_2COMP(INDIRECT(MULTIEQUAL(INDIRECT(INDIRECT(INDIRECT(INDIRECT(LEAF(000094:2:ushort),CONST(0x5d0,4)),CONST(0x615,4)),CONST(0x64f,4)),CONST(0x6bc,4)),LEAF(000094:2:ushort),INDIRECT(LEAF(000094:2:ushort),CONST(0x1a91,4))),CONST(0xb9a,4)))),COPY(CALL(LEAF(03600e:8:?),MULTIEQUAL(INDIRECT(INDIRECT(INDIRECT(INDIRECT(INDIRECT(LEAF(00fc4e:2:undefined2),CONST(0x548,4)),CONST(0x5d0,4)),CONST(0x615,4)),CONST(0x64f,4)),CONST(0x6bc,4)),LEAF(00fc4e:2:undefined2),INDIRECT(LEAF(00fc4e:2:undefined2),CONST(0x1a91,4))),MULTIEQUAL(INDIRECT(INDIRECT(INDIRECT(INDIRECT(INDIRECT(LEAF(00fc42:2:undefined2),CONST(0x548,4)),CONST(0x5d0,4)),CONST(0x615,4)),CONST(0x64f,4)),CONST(0x6bc,4)),LEAF(00fc42:2:undefined2),INDIRECT(LEAF(00fc42:2:undefined2),CONST(0x1a91,4))))),INT_ZEXT(MULTIEQUAL(INDIRECT(INDIRECT(INDIRECT(INDIRECT(INDIRECT(MULTIEQUAL(LEAF(00fc3c:1:byte),LEAF(00fc3c:1:byte)),CONST(0x548,4)),CONST(0x5d0,4)),CONST(0x615,4)),CONST(0x64f,4)),CONST(0x6bc,4)),LEAF(00fc3c:1:byte),INDIRECT(LEAF(00fc3c:1:byte),CONST(0x1a91,4)))),LEAF(register:0008:2:ushort),LEAF(register:0008:2:ushort),INT_AND(MULTIEQUAL(INDIRECT(INDIRECT(INDIRECT(INDIRECT(INDIRECT(MULTIEQUAL(LEAF(00fd32:2:ushort),LEAF(00fd32:2:ushort)),CONST(0x548,4)),CONST(0x5d0,4)),CONST(0x615,4)),CONST(0x64f,4)),CONST(0x6bc,4)),LEAF(00fd32:2:ushort),INDIRECT(LEAF(00fd32:2:ushort),CONST(0x1a91,4))),CONST(0x3f,2)),LEAF(register:0008:2:ushort))),CONST(0xf,4)),LEAF(register:0008:2:ushort)),CONST(0x2,2)))))
034df6	FUN_034df6	03115c	LOAD	CAST(INT_ZEXT(INT_SUB(LOAD(CONST(0x1f1,4),CAST(INT_ZEXT(INT_ADD(MULTIEQUAL(MULTIEQUAL(MULTIEQUAL(INDIRECT(INDIRECT(INDIRECT(INDIRECT(INDIRECT(MULTIEQUAL(LEAF(00f2ca:2:short),LEAF(00f2ca:2:short)),CONST(0x548,4)),CONST(0x5d0,4)),CONST(0x615,4)),CONST(0x64f,4)),CONST(0x6bc,4)),LEAF(00f2ca:2:short),INDIRECT(LEAF(00f2ca:2:short),CONST(0x1a91,4))),INDIRECT(LEAF(00f2ca:2:short),CONST(0xb9a,4)),LEAF(00f2ca:2:short),LEAF(00f2ca:2:short),LEAF(00f2ca:2:short),LEAF(00f2ca:2:short),LEAF(00f2ca:2:short),LEAF(00f2ca:2:short)),LEAF(00f2ca:2:short)),INT_MULT(MULTIEQUAL(INT_SRIGHT(CAST(MULTIEQUAL(COPY(PIECE(SUBPIECE(INT_RIGHT(LEAF(register:0008:2:ushort),CONST(0x8,4)),CONST(0x0,4)),MULTIEQUAL(INDIRECT(LEAF(00f582:1:byte),CONST(0x6bc,4)),LEAF(00f582:1:byte),INDIRECT(LEAF(00f582:1:byte),CONST(0x1a91,4))))),COPY(INT_2COMP(INDIRECT(MULTIEQUAL(LEAF(000094:2:ushort),LEAF(000094:2:ushort),LEAF(000094:2:ushort)),CONST(0xb9a,4)))),COPY(CALL(LEAF(03600e:8:?),MULTIEQUAL(INDIRECT(LEAF(00fc4e:2:undefined2),CONST(0x6bc,4)),LEAF(00fc4e:2:undefined2),INDIRECT(LEAF(00fc4e:2:undefined2),CONST(0x1a91,4))),MULTIEQUAL(INDIRECT(LEAF(00fc42:2:undefined2),CONST(0x6bc,4)),LEAF(00fc42:2:undefined2),INDIRECT(LEAF(00fc42:2:undefined2),CONST(0x1a91,4))))),INT_ZEXT(MULTIEQUAL(INDIRECT(INDIRECT(LEAF(00fc3c:1:byte),CONST(0x64f,4)),CONST(0x6bc,4)),LEAF(00fc3c:1:byte),INDIRECT(LEAF(00fc3c:1:byte),CONST(0x1a91,4)))),LEAF(register:0008:2:ushort),LEAF(register:0008:2:ushort),INT_AND(MULTIEQUAL(INDIRECT(INDIRECT(LEAF(00fd32:2:ushort),CONST(0x64f,4)),CONST(0x6bc,4)),LEAF(00fd32:2:ushort),INDIRECT(LEAF(00fd32:2:ushort),CONST(0x1a91,4))),CONST(0x3f,2)),LEAF(register:0008:2:ushort))),CONST(0xf,4)),MULTIEQUAL(INT_ZEXT(LOAD(CONST(0x1f1,4),CAST(INT_ZEXT(INT_ADD(LEAF(register:0012:2:short),CONST(0xabfa,2)))))),PIECE(SUBPIECE(INT_RIGHT(CAST(INT_MULT(INT_ZEXT(LEAF(unique:00017d00:1:byte)),CONST(0x2,2))),CONST(0x8,4)),CONST(0x0,4)),LOAD(CONST(0x1f1,4),CAST(INT_ZEXT(INT_ADD(LEAF(register:0012:2:short),CONST(0xabfa,2)))))),PIECE(SUBPIECE(INT_RIGHT(CAST(INT_ADD(LOAD(CONST(0x1f1,4),LEAF(unique:00014f00:3:short *)),CONST(0x1,2))),CONST(0x8,4)),CONST(0x0,4)),LOAD(CONST(0x1f1,4),CAST(INT_ZEXT(INT_ADD(LEAF(register:0012:2:short),CONST(0xabf4,2)))))))),CONST(0x2,2)))))),CONST(0x2,2))))
034df6	FUN_034df6	03116c	LOAD	CAST(INT_ZEXT(INT_ADD(MULTIEQUAL(MULTIEQUAL(MULTIEQUAL(INDIRECT(INDIRECT(INDIRECT(INDIRECT(INDIRECT(MULTIEQUAL(INDIRECT(INDIRECT(INDIRECT(INDIRECT(LEAF(00e820:2:short),CONST(0x2b9,4)),CONST(0x36b,4)),CONST(0x456,4)),CONST(0x491,4)),INDIRECT(LEAF(00e820:2:short),CONST(0x1b55,4))),CONST(0x548,4)),CONST(0x5d0,4)),CONST(0x615,4)),CONST(0x64f,4)),CONST(0x6bc,4)),LEAF(00e820:2:short),INDIRECT(LEAF(00e820:2:short),CONST(0x1a91,4))),INDIRECT(LEAF(00e820:2:short),CONST(0xb9a,4)),LEAF(00e820:2:short),LEAF(00e820:2:short),LEAF(00e820:2:short),LEAF(00e820:2:short),LEAF(00e820:2:short),LEAF(00e820:2:short)),LEAF(00e820:2:short)),CONST(0xc,2))))
034df6	FUN_034df6	031174	LOAD	CAST(INT_ZEXT(INT_ADD(MULTIEQUAL(MULTIEQUAL(MULTIEQUAL(INDIRECT(INDIRECT(INDIRECT(INDIRECT(INDIRECT(MULTIEQUAL(INDIRECT(INDIRECT(INDIRECT(INDIRECT(LEAF(00e820:2:short),CONST(0x2b9,4)),CONST(0x36b,4)),CONST(0x456,4)),CONST(0x491,4)),INDIRECT(LEAF(00e820:2:short),CONST(0x1b55,4))),CONST(0x548,4)),CONST(0x5d0,4)),CONST(0x615,4)),CONST(0x64f,4)),CONST(0x6bc,4)),LEAF(00e820:2:short),INDIRECT(LEAF(00e820:2:short),CONST(0x1a91,4))),INDIRECT(LEAF(00e820:2:short),CONST(0xb9a,4)),LEAF(00e820:2:short),LEAF(00e820:2:short),LEAF(00e820:2:short),LEAF(00e820:2:short),LEAF(00e820:2:short),LEAF(00e820:2:short)),LEAF(00e820:2:short)),CONST(0xd,2))))
034df6	FUN_034df6	034df6	LOAD	CAST(INT_ZEXT(LEAF(register:0016:2:ushort)))
034df6	FUN_034df6	034df6	STORE	CAST(INT_ZEXT(LEAF(register:0014:2:ushort)))
034df6	FUN_034df6	034e04	LOAD	CAST(INT_ZEXT(CAST(INT_ADD(SUBPIECE(PTRSUB(CONST(0x0,3),CONST(0xabee,3)),CONST(0x0,4)),LEAF(register:0012:2:short)))))
034df6	FUN_034df6	034e18	STORE	CAST(INT_ZEXT(CAST(INT_ADD(SUBPIECE(PTRSUB(CONST(0x0,3),CONST(0xf4f2,3)),CONST(0x0,4)),INT_MULT(LEAF(register:0012:2:short),CONST(0x2,2))))))
034df6	FUN_034df6	034e1c	LOAD	CAST(INT_ZEXT(INT_ADD(LEAF(register:0012:2:short),CONST(0xac06,2))))
034df6	FUN_034df6	034e24	LOAD	CAST(INT_ZEXT(INT_ADD(SUBPIECE(PTRSUB(CONST(0x0,3),CONST(0xf4e6,3)),CONST(0x0,4)),INT_MULT(INT_ZEXT(LOAD(CONST(0x1f1,4),CAST(INT_ZEXT(INT_ADD(LEAF(register:0012:2:short),CONST(0xac06,2)))))),CONST(0x2,2)))))
034df6	FUN_034df6	034e28	LOAD	CAST(INT_ZEXT(INT_ADD(LEAF(register:0012:2:short),CONST(0xac0c,2))))
034df6	FUN_034df6	034e30	LOAD	CAST(INT_ZEXT(INT_ADD(SUBPIECE(PTRSUB(CONST(0x0,3),CONST(0xf4e6,3)),CONST(0x0,4)),INT_MULT(INT_ZEXT(LOAD(CONST(0x1f1,4),CAST(INT_ZEXT(INT_ADD(LEAF(register:0012:2:short),CONST(0xac0c,2)))))),CONST(0x2,2)))))
034df6	FUN_034df6	034e4c	LOAD	CAST(INT_ZEXT(CAST(INT_ADD(SUBPIECE(PTRSUB(CONST(0x0,3),CONST(0xf4e6,3)),CONST(0x0,4)),INT_MULT(LEAF(register:0012:2:short),CONST(0x2,2))))))
034df6	FUN_034df6	034e5c	LOAD	CAST(INT_ZEXT(INT_ADD(LEAF(register:0012:2:short),CONST(0xac06,2))))
034df6	FUN_034df6	034e64	LOAD	CAST(INT_ZEXT(INT_ADD(SUBPIECE(PTRSUB(CONST(0x0,3),CONST(0xf4e6,3)),CONST(0x0,4)),INT_MULT(INT_ZEXT(LOAD(CONST(0x1f1,4),CAST(INT_ZEXT(INT_ADD(LEAF(register:0012:2:short),CONST(0xac06,2)))))),CONST(0x2,2)))))
034df6	FUN_034df6	034e72	LOAD	CAST(INT_ZEXT(CAST(INT_ADD(SUBPIECE(PTRSUB(CONST(0x0,3),CONST(0xf4e6,3)),CONST(0x0,4)),INT_MULT(LEAF(register:0012:2:short),CONST(0x2,2))))))
034df6	FUN_034df6	034e76	LOAD	CAST(INT_ZEXT(INT_ADD(LEAF(register:0012:2:short),CONST(0xac06,2))))
034df6	FUN_034df6	034e7e	LOAD	CAST(INT_ZEXT(INT_ADD(SUBPIECE(PTRSUB(CONST(0x0,3),CONST(0xf4e6,3)),CONST(0x0,4)),INT_MULT(INT_ZEXT(LOAD(CONST(0x1f1,4),CAST(INT_ZEXT(INT_ADD(LEAF(register:0012:2:short),CONST(0xac06,2)))))),CONST(0x2,2)))))
034df6	FUN_034df6	034eb6	LOAD	CAST(INT_ZEXT(INT_ADD(LEAF(register:0012:2:short),CONST(0xac06,2))))
034df6	FUN_034df6	034ebe	STORE	CAST(INT_ZEXT(INT_SUB(INT_MULT(INT_ZEXT(LOAD(CONST(0x1f1,4),CAST(INT_ZEXT(INT_ADD(LEAF(register:0012:2:short),CONST(0xac06,2)))))),CONST(0x2,2)),CONST(0xaea,2))))
034df6	FUN_034df6	034ed8	LOAD	CAST(INT_ZEXT(INT_ADD(LEAF(register:0012:2:short),CONST(0xac06,2))))
034df6	FUN_034df6	034ee0	STORE	CAST(INT_ZEXT(INT_SUB(INT_MULT(INT_ZEXT(LOAD(CONST(0x1f1,4),CAST(INT_ZEXT(INT_ADD(LEAF(register:0012:2:short),CONST(0xac06,2)))))),CONST(0x2,2)),CONST(0xaf6,2))))
034df6	FUN_034df6	034ee8	LOAD	CAST(INT_ZEXT(INT_ADD(LEAF(register:0012:2:short),CONST(0xac06,2))))
034df6	FUN_034df6	034eee	LOAD	CAST(INT_ZEXT(INT_ADD(SUBPIECE(PTRSUB(CONST(0x0,3),CONST(0xabe8,3)),CONST(0x0,4)),INT_ZEXT(LOAD(CONST(0x1f1,4),CAST(INT_ZEXT(INT_ADD(LEAF(register:0012:2:short),CONST(0xac06,2)))))))))
034df6	FUN_034df6	034f0a	LOAD	CAST(INT_ZEXT(INT_ADD(LEAF(register:0012:2:short),CONST(0xac06,2))))
034df6	FUN_034df6	034f12	LOAD	CAST(INT_ZEXT(INT_ADD(SUBPIECE(PTRSUB(CONST(0x0,3),CONST(0xf4f2,3)),CONST(0x0,4)),INT_MULT(INT_ZEXT(LOAD(CONST(0x1f1,4),CAST(INT_ZEXT(INT_ADD(LEAF(register:0012:2:short),CONST(0xac06,2)))))),CONST(0x2,2)))))
034df6	FUN_034df6	034f16	LOAD	CAST(INT_ZEXT(INT_ADD(LEAF(register:0012:2:short),CONST(0xac06,2))))
034df6	FUN_034df6	034f1e	LOAD	CAST(INT_ZEXT(INT_SUB(INT_MULT(INT_ZEXT(LOAD(CONST(0x1f1,4),CAST(INT_ZEXT(INT_ADD(LEAF(register:0012:2:short),CONST(0xac06,2)))))),CONST(0x2,2)),CONST(0xaf6,2))))
034df6	FUN_034df6	034f26	LOAD	CAST(INT_ZEXT(INT_ADD(LEAF(register:0012:2:short),CONST(0xac06,2))))
034df6	FUN_034df6	034f34	LOAD	CAST(INT_ZEXT(INT_ADD(SUBPIECE(PTRSUB(CONST(0x0,3),CONST(0xf528,3)),CONST(0x0,4)),INT_MULT(INT_ZEXT(LOAD(CONST(0x1f1,4),CAST(INT_ZEXT(INT_ADD(LEAF(register:0012:2:short),CONST(0xac06,2)))))),CONST(0x2,2)))))
034df6	FUN_034df6	034f38	STORE	CAST(INT_ZEXT(INT_ADD(SUBPIECE(PTRSUB(CONST(0x0,3),CONST(0xf528,3)),CONST(0x0,4)),INT_MULT(INT_ZEXT(LOAD(CONST(0x1f1,4),CAST(INT_ZEXT(INT_ADD(LEAF(register:0012:2:short),CONST(0xac06,2)))))),CONST(0x2,2)))))
034df6	FUN_034df6	034f3a	LOAD	CAST(INT_ZEXT(INT_ADD(LEAF(register:0012:2:short),CONST(0xabf4,2))))
034df6	FUN_034df6	034f44	LOAD	CAST(INT_ZEXT(INT_ADD(LEAF(register:0012:2:short),CONST(0xabfa,2))))
034df6	FUN_034df6	034f4e	LOAD	CAST(INT_ZEXT(INT_ADD(LEAF(register:0012:2:short),CONST(0xabfa,2))))
034df6	FUN_034df6	03501c	LOAD	CAST(INT_ZEXT(INT_ADD(SUBPIECE(PTRSUB(CONST(0x0,3),CONST(0xfc42,3)),CONST(0x0,4)),INT_MULT(INT_ZEXT(MULTIEQUAL(COPY(CONST(0x1,1)),INT_ADD(LEAF(register:000c:1:byte),CONST(0x1,1)))),CONST(0x2,2)))))
034df6	FUN_034df6	035074	LOAD	CAST(INT_ZEXT(INT_SUB(INT_MULT(INT_ZEXT(MULTIEQUAL(COPY(CONST(0x1,1)),INT_ADD(LEAF(register:000c:1:byte),CONST(0x1,1)))),CONST(0x2,2)),CONST(0xacc,2))))
034df6	FUN_034df6	0350ca	STORE	CAST(INT_ZEXT(INT_SUB(INT_MULT(INT_ZEXT(MULTIEQUAL(COPY(CONST(0x1,1)),INT_ADD(LEAF(register:000c:1:byte),CONST(0x1,1)))),CONST(0x2,2)),CONST(0xacc,2))))
034ed4	FUN_034ed4	031154	LOAD	CAST(INT_ZEXT(INT_ADD(MULTIEQUAL(MULTIEQUAL(MULTIEQUAL(INDIRECT(INDIRECT(LEAF(00f2ca:2:short),CONST(0x5,4)),CONST(0x72,4)),LEAF(00f2ca:2:short),INDIRECT(LEAF(00f2ca:2:short),CONST(0x1447,4))),INDIRECT(LEAF(00f2ca:2:short),CONST(0x550,4)),LEAF(00f2ca:2:short),LEAF(00f2ca:2:short),LEAF(00f2ca:2:short),LEAF(00f2ca:2:short),LEAF(00f2ca:2:short),LEAF(00f2ca:2:short)),LEAF(00f2ca:2:short)),INT_MULT(MULTIEQUAL(INT_SRIGHT(CAST(MULTIEQUAL(COPY(PIECE(SUBPIECE(INT_RIGHT(MULTIEQUAL(INT_ZEXT(LOAD(CONST(0x1f1,4),CAST(LEAF(unique:10000170:3:uint3)))),PIECE(SUBPIECE(INT_RIGHT(LEAF(unique:1000016e:2:ushort),CONST(0x8,4)),CONST(0x0,4)),LOAD(CONST(0x1f1,4),CAST(LEAF(unique:1000016b:3:uint3)))),PIECE(SUBPIECE(INT_RIGHT(LEAF(unique:10000169:2:ushort),CONST(0x8,4)),CONST(0x0,4)),LOAD(CONST(0x1f1,4),CAST(LEAF(unique:10000166:3:uint3))))),CONST(0x8,4)),CONST(0x0,4)),MULTIEQUAL(INDIRECT(INDIRECT(LEAF(00f582:1:char),CONST(0x5,4)),CONST(0x72,4)),LEAF(00f582:1:char),INDIRECT(LEAF(00f582:1:char),CONST(0x1447,4))))),COPY(INT_2COMP(INDIRECT(MULTIEQUAL(INDIRECT(INDIRECT(LEAF(000094:2:ushort),CONST(0x5,4)),CONST(0x72,4)),LEAF(000094:2:ushort),INDIRECT(LEAF(000094:2:ushort),CONST(0x1447,4))),CONST(0x550,4)))),COPY(CALL(LEAF(03600e:8:?),MULTIEQUAL(INDIRECT(INDIRECT(LEAF(00fc4e:2:undefined2),CONST(0x5,4)),CONST(0x72,4)),LEAF(00fc4e:2:undefined2),INDIRECT(LEAF(00fc4e:2:undefined2),CONST(0x1447,4))),MULTIEQUAL(INDIRECT(INDIRECT(LEAF(00fc42:2:undefined2),CONST(0x5,4)),CONST(0x72,4)),LEAF(00fc42:2:undefined2),INDIRECT(LEAF(00fc42:2:undefined2),CONST(0x1447,4))))),INT_ZEXT(MULTIEQUAL(INDIRECT(INDIRECT(LEAF(00fc3c:1:byte),CONST(0x5,4)),CONST(0x72,4)),LEAF(00fc3c:1:byte),INDIRECT(LEAF(00fc3c:1:byte),CONST(0x1447,4)))),LEAF(register:0008:2:ushort),LEAF(register:0008:2:ushort),INT_AND(MULTIEQUAL(INDIRECT(INDIRECT(LEAF(00fd32:2:ushort),CONST(0x5,4)),CONST(0x72,4)),LEAF(00fd32:2:ushort),INDIRECT(LEAF(00fd32:2:ushort),CONST(0x1447,4))),CONST(0x3f,2)),LEAF(register:0008:2:ushort))),CONST(0xf,4)),LEAF(register:0008:2:ushort)),CONST(0x2,2)))))
034ed4	FUN_034ed4	03115c	LOAD	CAST(INT_ZEXT(INT_SUB(LOAD(CONST(0x1f1,4),CAST(INT_ZEXT(INT_ADD(MULTIEQUAL(MULTIEQUAL(MULTIEQUAL(INDIRECT(INDIRECT(LEAF(00f2ca:2:short),CONST(0x5,4)),CONST(0x72,4)),LEAF(00f2ca:2:short),INDIRECT(LEAF(00f2ca:2:short),CONST(0x1447,4))),INDIRECT(LEAF(00f2ca:2:short),CONST(0x550,4)),LEAF(00f2ca:2:short),LEAF(00f2ca:2:short),LEAF(00f2ca:2:short),LEAF(00f2ca:2:short),LEAF(00f2ca:2:short),LEAF(00f2ca:2:short)),LEAF(00f2ca:2:short)),INT_MULT(MULTIEQUAL(INT_SRIGHT(CAST(MULTIEQUAL(COPY(PIECE(SUBPIECE(INT_RIGHT(LEAF(register:0008:2:ushort),CONST(0x8,4)),CONST(0x0,4)),MULTIEQUAL(INDIRECT(LEAF(00f582:1:char),CONST(0x72,4)),LEAF(00f582:1:char),INDIRECT(LEAF(00f582:1:char),CONST(0x1447,4))))),COPY(INT_2COMP(INDIRECT(MULTIEQUAL(LEAF(000094:2:ushort),LEAF(000094:2:ushort),LEAF(000094:2:ushort)),CONST(0x550,4)))),COPY(CALL(LEAF(03600e:8:?),MULTIEQUAL(INDIRECT(LEAF(00fc4e:2:undefined2),CONST(0x72,4)),LEAF(00fc4e:2:undefined2),INDIRECT(LEAF(00fc4e:2:undefined2),CONST(0x1447,4))),MULTIEQUAL(INDIRECT(LEAF(00fc42:2:undefined2),CONST(0x72,4)),LEAF(00fc42:2:undefined2),INDIRECT(LEAF(00fc42:2:undefined2),CONST(0x1447,4))))),INT_ZEXT(MULTIEQUAL(INDIRECT(INDIRECT(LEAF(00fc3c:1:byte),CONST(0x5,4)),CONST(0x72,4)),LEAF(00fc3c:1:byte),INDIRECT(LEAF(00fc3c:1:byte),CONST(0x1447,4)))),LEAF(register:0008:2:ushort),LEAF(register:0008:2:ushort),INT_AND(MULTIEQUAL(INDIRECT(INDIRECT(LEAF(00fd32:2:ushort),CONST(0x5,4)),CONST(0x72,4)),LEAF(00fd32:2:ushort),INDIRECT(LEAF(00fd32:2:ushort),CONST(0x1447,4))),CONST(0x3f,2)),LEAF(register:0008:2:ushort))),CONST(0xf,4)),MULTIEQUAL(INT_ZEXT(LOAD(CONST(0x1f1,4),CAST(INT_ZEXT(INT_ADD(LEAF(register:0012:2:short),CONST(0xabfa,2)))))),PIECE(SUBPIECE(INT_RIGHT(CAST(INT_MULT(INT_ZEXT(LEAF(unique:00017d00:1:byte)),CONST(0x2,2))),CONST(0x8,4)),CONST(0x0,4)),LOAD(CONST(0x1f1,4),CAST(INT_ZEXT(INT_ADD(LEAF(register:0012:2:short),CONST(0xabfa,2)))))),PIECE(SUBPIECE(INT_RIGHT(CAST(INT_ADD(LOAD(CONST(0x1f1,4),LEAF(unique:00014f00:3:short *)),CONST(0x1,2))),CONST(0x8,4)),CONST(0x0,4)),LOAD(CONST(0x1f1,4),CAST(INT_ZEXT(INT_ADD(LEAF(register:0012:2:short),CONST(0xabf4,2)))))))),CONST(0x2,2)))))),CONST(0x2,2))))
034ed4	FUN_034ed4	03116c	LOAD	CAST(INT_ZEXT(INT_ADD(MULTIEQUAL(MULTIEQUAL(MULTIEQUAL(INDIRECT(INDIRECT(LEAF(00e820:2:short),CONST(0x5,4)),CONST(0x72,4)),LEAF(00e820:2:short),INDIRECT(LEAF(00e820:2:short),CONST(0x1447,4))),INDIRECT(LEAF(00e820:2:short),CONST(0x550,4)),LEAF(00e820:2:short),LEAF(00e820:2:short),LEAF(00e820:2:short),LEAF(00e820:2:short),LEAF(00e820:2:short),LEAF(00e820:2:short)),LEAF(00e820:2:short)),CONST(0xc,2))))
034ed4	FUN_034ed4	031174	LOAD	CAST(INT_ZEXT(INT_ADD(MULTIEQUAL(MULTIEQUAL(MULTIEQUAL(INDIRECT(INDIRECT(LEAF(00e820:2:short),CONST(0x5,4)),CONST(0x72,4)),LEAF(00e820:2:short),INDIRECT(LEAF(00e820:2:short),CONST(0x1447,4))),INDIRECT(LEAF(00e820:2:short),CONST(0x550,4)),LEAF(00e820:2:short),LEAF(00e820:2:short),LEAF(00e820:2:short),LEAF(00e820:2:short),LEAF(00e820:2:short),LEAF(00e820:2:short)),LEAF(00e820:2:short)),CONST(0xd,2))))
034ed4	FUN_034ed4	034ed8	LOAD	CAST(INT_ZEXT(INT_ADD(LEAF(register:0012:2:short),CONST(0xac06,2))))
034ed4	FUN_034ed4	034ee0	STORE	CAST(INT_ZEXT(INT_SUB(INT_MULT(INT_ZEXT(LOAD(CONST(0x1f1,4),CAST(INT_ZEXT(INT_ADD(LEAF(register:0012:2:short),CONST(0xac06,2)))))),CONST(0x2,2)),CONST(0xaf6,2))))
034ed4	FUN_034ed4	034ee8	LOAD	CAST(INT_ZEXT(INT_ADD(LEAF(register:0012:2:short),CONST(0xac06,2))))
034ed4	FUN_034ed4	034eee	LOAD	CAST(INT_ZEXT(INT_ADD(SUBPIECE(PTRSUB(CONST(0x0,3),CONST(0xabe8,3)),CONST(0x0,4)),INT_ZEXT(LOAD(CONST(0x1f1,4),CAST(INT_ZEXT(INT_ADD(LEAF(register:0012:2:short),CONST(0xac06,2)))))))))
034ed4	FUN_034ed4	034f0a	LOAD	CAST(INT_ZEXT(INT_ADD(LEAF(register:0012:2:short),CONST(0xac06,2))))
034ed4	FUN_034ed4	034f12	LOAD	CAST(INT_ZEXT(INT_ADD(SUBPIECE(PTRSUB(CONST(0x0,3),CONST(0xf4f2,3)),CONST(0x0,4)),INT_MULT(INT_ZEXT(LOAD(CONST(0x1f1,4),CAST(INT_ZEXT(INT_ADD(LEAF(register:0012:2:short),CONST(0xac06,2)))))),CONST(0x2,2)))))
034ed4	FUN_034ed4	034f16	LOAD	CAST(INT_ZEXT(INT_ADD(LEAF(register:0012:2:short),CONST(0xac06,2))))
034ed4	FUN_034ed4	034f1e	LOAD	CAST(INT_ZEXT(INT_SUB(INT_MULT(INT_ZEXT(LOAD(CONST(0x1f1,4),CAST(INT_ZEXT(INT_ADD(LEAF(register:0012:2:short),CONST(0xac06,2)))))),CONST(0x2,2)),CONST(0xaf6,2))))
034ed4	FUN_034ed4	034f26	LOAD	CAST(INT_ZEXT(INT_ADD(LEAF(register:0012:2:short),CONST(0xac06,2))))
034ed4	FUN_034ed4	034f34	LOAD	CAST(INT_ZEXT(INT_ADD(SUBPIECE(PTRSUB(CONST(0x0,3),CONST(0xf528,3)),CONST(0x0,4)),INT_MULT(INT_ZEXT(LOAD(CONST(0x1f1,4),CAST(INT_ZEXT(INT_ADD(LEAF(register:0012:2:short),CONST(0xac06,2)))))),CONST(0x2,2)))))
034ed4	FUN_034ed4	034f38	STORE	CAST(INT_ZEXT(INT_ADD(SUBPIECE(PTRSUB(CONST(0x0,3),CONST(0xf528,3)),CONST(0x0,4)),INT_MULT(INT_ZEXT(LOAD(CONST(0x1f1,4),CAST(INT_ZEXT(INT_ADD(LEAF(register:0012:2:short),CONST(0xac06,2)))))),CONST(0x2,2)))))
034ed4	FUN_034ed4	034f3a	LOAD	CAST(INT_ZEXT(INT_ADD(LEAF(register:0012:2:short),CONST(0xabf4,2))))
034ed4	FUN_034ed4	034f44	LOAD	CAST(INT_ZEXT(INT_ADD(LEAF(register:0012:2:short),CONST(0xabfa,2))))
034ed4	FUN_034ed4	034f4e	LOAD	CAST(INT_ZEXT(INT_ADD(LEAF(register:0012:2:short),CONST(0xabfa,2))))
034ed4	FUN_034ed4	03501c	LOAD	CAST(INT_ZEXT(INT_ADD(SUBPIECE(PTRSUB(CONST(0x0,3),CONST(0xfc42,3)),CONST(0x0,4)),INT_MULT(INT_ZEXT(MULTIEQUAL(COPY(CONST(0x1,1)),INT_ADD(LEAF(register:000c:1:byte),CONST(0x1,1)))),CONST(0x2,2)))))
034ed4	FUN_034ed4	035074	LOAD	CAST(INT_ZEXT(INT_SUB(INT_MULT(INT_ZEXT(MULTIEQUAL(COPY(CONST(0x1,1)),INT_ADD(LEAF(register:000c:1:byte),CONST(0x1,1)))),CONST(0x2,2)),CONST(0xacc,2))))
034ed4	FUN_034ed4	0350ca	STORE	CAST(INT_ZEXT(INT_SUB(INT_MULT(INT_ZEXT(MULTIEQUAL(COPY(CONST(0x1,1)),INT_ADD(LEAF(register:000c:1:byte),CONST(0x1,1)))),CONST(0x2,2)),CONST(0xacc,2))))
034f86	thunk_FUN_03114a	031154	LOAD	CAST(INT_ZEXT(CAST(INT_ADD(LEAF(00f2ca:2:short),INT_MULT(INT_SRIGHT(LEAF(register:0008:2:short),CONST(0xf,4)),CONST(0x2,2))))))
034f86	thunk_FUN_03114a	03115c	LOAD	CAST(INT_ZEXT(INT_SUB(LOAD(CONST(0x1f1,4),CAST(INT_ZEXT(CAST(INT_ADD(LEAF(00f2ca:2:short),INT_MULT(INT_SRIGHT(LEAF(register:0008:2:short),CONST(0xf,4)),CONST(0x2,2))))))),CONST(0x2,2))))
034f86	thunk_FUN_03114a	03116c	LOAD	CAST(INT_ZEXT(INT_ADD(LEAF(00e820:2:short),CONST(0xc,2))))
034f86	thunk_FUN_03114a	031174	LOAD	CAST(INT_ZEXT(INT_ADD(LEAF(00e820:2:short),CONST(0xd,2))))
034fce	FUN_034fce	031154	LOAD	CAST(INT_ZEXT(CAST(INT_ADD(MULTIEQUAL(LEAF(00f2ca:2:short),INDIRECT(LEAF(00f2ca:2:short),CONST(0x250,4)),LEAF(00f2ca:2:short),LEAF(00f2ca:2:short)),INT_MULT(INT_SRIGHT(CAST(MULTIEQUAL(COPY(LEAF(register:0008:2:ushort)),COPY(INT_2COMP(INDIRECT(LEAF(000094:2:ushort),CONST(0x250,4)))),COPY(CALL(LEAF(03600e:8:?),LEAF(00fc4e:2:undefined2),LEAF(00fc42:2:undefined2))),LEAF(register:0008:2:ushort))),CONST(0xf,4)),CONST(0x2,2))))))
034fce	FUN_034fce	03115c	LOAD	CAST(INT_ZEXT(INT_SUB(LOAD(CONST(0x1f1,4),CAST(INT_ZEXT(CAST(INT_ADD(MULTIEQUAL(LEAF(00f2ca:2:short),INDIRECT(LEAF(00f2ca:2:short),CONST(0x250,4)),LEAF(00f2ca:2:short),LEAF(00f2ca:2:short)),INT_MULT(INT_SRIGHT(CAST(MULTIEQUAL(COPY(LEAF(register:0008:2:ushort)),COPY(INT_2COMP(INDIRECT(LEAF(000094:2:ushort),CONST(0x250,4)))),COPY(CALL(LEAF(03600e:8:?),LEAF(00fc4e:2:undefined2),LEAF(00fc42:2:undefined2))),LEAF(register:0008:2:ushort))),CONST(0xf,4)),CONST(0x2,2))))))),CONST(0x2,2))))
034fce	FUN_034fce	03116c	LOAD	CAST(INT_ZEXT(INT_ADD(MULTIEQUAL(LEAF(00e820:2:short),INDIRECT(LEAF(00e820:2:short),CONST(0x250,4)),LEAF(00e820:2:short),LEAF(00e820:2:short)),CONST(0xc,2))))
034fce	FUN_034fce	031174	LOAD	CAST(INT_ZEXT(INT_ADD(MULTIEQUAL(LEAF(00e820:2:short),INDIRECT(LEAF(00e820:2:short),CONST(0x250,4)),LEAF(00e820:2:short),LEAF(00e820:2:short)),CONST(0xd,2))))
034fce	FUN_034fce	03501c	LOAD	CAST(INT_ZEXT(INT_ADD(SUBPIECE(PTRSUB(CONST(0x0,3),CONST(0xfc42,3)),CONST(0x0,4)),INT_MULT(INT_ZEXT(MULTIEQUAL(COPY(CONST(0x1,1)),INT_ADD(LEAF(register:000c:1:byte),CONST(0x1,1)))),CONST(0x2,2)))))
034fce	FUN_034fce	035074	LOAD	CAST(INT_ZEXT(INT_SUB(INT_MULT(INT_ZEXT(MULTIEQUAL(COPY(CONST(0x1,1)),INT_ADD(LEAF(register:000c:1:byte),CONST(0x1,1)))),CONST(0x2,2)),CONST(0xacc,2))))
034fce	FUN_034fce	0350ca	STORE	CAST(INT_ZEXT(INT_SUB(INT_MULT(INT_ZEXT(MULTIEQUAL(COPY(CONST(0x1,1)),INT_ADD(LEAF(register:000c:1:byte),CONST(0x1,1)))),CONST(0x2,2)),CONST(0xacc,2))))
034fce	FUN_034fce	035154	STORE	CAST(INT_ZEXT(CAST(INT_ADD(SUBPIECE(PTRSUB(CONST(0x0,3),CONST(0xf4e6,3)),CONST(0x0,4)),INT_MULT(LEAF(register:0012:2:short),CONST(0x2,2))))))
03501c	FUN_03501c	03501c	LOAD	CAST(INT_ZEXT(CAST(INT_ADD(SUBPIECE(PTRSUB(CONST(0x0,3),CONST(0xfc42,3)),CONST(0x0,4)),MULTIEQUAL(INT_LEFT(INT_ZEXT(INT_ADD(SUBPIECE(MULTIEQUAL(LEAF(register:000c:2:ushort),LEAF(register:000c:2:ushort)),CONST(0x0,2)),CONST(0x1,1))),CONST(0x1,4)),LEAF(register:0008:2:short))))))
03501c	FUN_03501c	035074	LOAD	CAST(INT_ZEXT(INT_SUB(INT_MULT(INT_AND(MULTIEQUAL(INT_ZEXT(INT_ADD(SUBPIECE(LEAF(register:000c:2:ushort),CONST(0x0,2)),CONST(0x1,1))),LEAF(register:000c:2:ushort)),CONST(0xff,2)),CONST(0x2,2)),CONST(0xacc,2))))
03501c	FUN_03501c	0350ca	STORE	CAST(INT_ZEXT(INT_SUB(INT_MULT(INT_AND(MULTIEQUAL(INT_ZEXT(INT_ADD(SUBPIECE(LEAF(register:000c:2:ushort),CONST(0x0,2)),CONST(0x1,1))),LEAF(register:000c:2:ushort)),CONST(0xff,2)),CONST(0x2,2)),CONST(0xacc,2))))
03501c	FUN_03501c	035154	STORE	CAST(INT_ZEXT(CAST(INT_ADD(SUBPIECE(PTRSUB(CONST(0x0,3),CONST(0xf4e6,3)),CONST(0x0,4)),INT_MULT(LEAF(register:0012:2:short),CONST(0x2,2))))))
0350f2	FUN_0350f2	035154	STORE	CAST(INT_ZEXT(CAST(INT_ADD(SUBPIECE(PTRSUB(CONST(0x0,3),CONST(0xf4e6,3)),CONST(0x0,4)),INT_MULT(LEAF(register:0012:2:short),CONST(0x2,2))))))
0351ac	FUN_0351ac	0351ae	LOAD	CAST(INT_ZEXT(CAST(INT_ADD(SUBPIECE(PTRSUB(CONST(0x0,3),CONST(0xabe8,3)),CONST(0x0,4)),LEAF(register:000a:2:short)))))
0351ac	FUN_0351ac	0351f6	LOAD	CAST(INT_ZEXT(INT_ADD(SUBPIECE(PTRSUB(CONST(0x0,3),CONST(0xabe8,3)),CONST(0x0,4)),INT_ZEXT(LEAF(00fc9f:1:byte)))))
0352ba	FUN_0352ba	0352ae	LOAD	CAST(INT_ZEXT(INT_ADD(SUBPIECE(PTRSUB(CONST(0x0,3),CONST(0xf542,3)),CONST(0x0,4)),INT_MULT(INT_ZEXT(LEAF(register:000c:1:byte)),CONST(0x2,2)))))
0355fc	FUN_0355fc	035618	LOAD	CAST(INT_ZEXT(INT_ADD(SUBPIECE(PTRSUB(CONST(0x0,3),CONST(0xabe8,3)),CONST(0x0,4)),INT_AND(CALL(LEAF(0363f6:8:?),SUBPIECE(PTRSUB(CONST(0x0,3),CONST(0xf542,3)),CONST(0x0,4)),CONST(0x6,2)),CONST(0xff,2)))))
0355fc	FUN_0355fc	03562c	LOAD	CAST(INT_ZEXT(INT_ADD(SUBPIECE(PTRSUB(CONST(0x0,3),CONST(0xabe8,3)),CONST(0x0,4)),INT_AND(CALL(LEAF(0363f6:8:?),SUBPIECE(PTRSUB(CONST(0x0,3),CONST(0xf542,3)),CONST(0x0,4)),CONST(0x6,2)),CONST(0xff,2)))))
0357f2	FUN_0357f2	031d18	STORE	CAST(INT_ZEXT(INT_ADD(MULTIEQUAL(LEAF(register:0012:2:ushort),LEAF(register:0012:2:ushort),LEAF(register:0012:2:ushort),INT_AND(CALL(LEAF(0363f6:8:?),SUBPIECE(PTRSUB(CONST(0x0,3),CONST(0xf54e,3)),CONST(0x0,4)),CONST(0x6,2)),CONST(0xff,2))),CONST(0x70,2))))
0357f2	FUN_0357f2	035e86	STORE	CAST(INT_ZEXT(INT_ADD(SUBPIECE(PTRSUB(CONST(0x0,3),CONST(0xea24,3)),CONST(0x0,4)),INT_MULT(MULTIEQUAL(INT_ZEXT(CAST(INT_ADD(SUBPIECE(MULTIEQUAL(COPY(LEAF(register:000c:2:ushort)),LEAF(register:000c:2:ushort)),CONST(0x0,2)),CONST(0x1,1)))),CALL(LEAF(027ce6:8:?))),CONST(0xc,2)))))
0357f2	FUN_0357f2	035e94	STORE	CAST(INT_ZEXT(INT_ADD(SUBPIECE(PTRSUB(CONST(0x0,3),CONST(0xea25,3)),CONST(0x0,4)),INT_MULT(INT_AND(MULTIEQUAL(COPY(INT_ZEXT(CAST(INT_ADD(SUBPIECE(LEAF(register:000c:2:ushort),CONST(0x0,2)),CONST(0x1,1))))),LEAF(register:000c:2:ushort)),CONST(0xff,2)),CONST(0xc,2)))))
0357f2	FUN_0357f2	035ea8	STORE	CAST(INT_ZEXT(INT_ADD(SUBPIECE(PTRSUB(CONST(0x0,3),CONST(0xf56d,3)),CONST(0x0,4)),INT_ZEXT(MULTIEQUAL(COPY(CONST(0x0,1)),INT_ADD(LEAF(register:000c:1:byte),CONST(0x1,1)))))))
035eec	FUN_035eec	035ef2	LOAD	CAST(INT_ZEXT(INT_ADD(SUBPIECE(PTRSUB(CONST(0x0,3),CONST(0xa5cd,3)),CONST(0x0,4)),INT_MULT(INT_ZEXT(LEAF(register:0018:1:byte)),CONST(0x10,2)))))
035eec	FUN_035eec	035f0e	LOAD	CAST(INT_ZEXT(INT_ADD(MULTIEQUAL(COPY(CONST(0x0,2)),INT_ZEXT(CAST(INT_ADD(SUBPIECE(LEAF(register:001a:2:ushort),CONST(0x0,2)),CONST(0x1,1))))),CONST(0xac35,2))))
035f44	FUN_035f44	035f4a	LOAD	CAST(INT_ZEXT(INT_ADD(LEAF(register:0018:2:ushort),CONST(0x4,2))))
035f44	FUN_035f44	035f58	LOAD	CAST(INT_ZEXT(INT_ADD(LEAF(register:0018:2:ushort),CONST(0x4,2))))
035f44	FUN_035f44	035f5e	STORE	CAST(INT_ZEXT(INT_ADD(LEAF(register:0018:2:ushort),CONST(0x4,2))))
035f44	FUN_035f44	035f60	LOAD	CAST(INT_ZEXT(INT_ADD(LEAF(register:001a:2:ushort),CONST(0x2,2))))
035f44	FUN_035f44	035f66	LOAD	CAST(INT_ZEXT(LEAF(register:001a:2:ushort)))
035f44	FUN_035f44	035f72	LOAD	CAST(INT_ZEXT(LEAF(register:001a:2:ushort)))
035f44	FUN_035f44	035f7c	STORE	CAST(INT_ZEXT(LEAF(register:0018:2:ushort)))
035f44	FUN_035f44	035f7e	LOAD	CAST(INT_ZEXT(INT_ADD(LEAF(register:001a:2:ushort),CONST(0x2,2))))
035f44	FUN_035f44	035f8a	STORE	CAST(INT_ZEXT(INT_ADD(LEAF(register:0018:2:ushort),CONST(0x2,2))))
035f44	FUN_035f44	035f90	LOAD	CAST(INT_ZEXT(LEAF(register:001a:2:ushort)))
035f44	FUN_035f44	035f94	LOAD	CAST(INT_ZEXT(INT_ADD(LEAF(register:001a:2:ushort),CONST(0x2,2))))
035f44	FUN_035f44	035f9e	STORE	CAST(INT_ZEXT(LEAF(register:0018:2:ushort)))
035f44	FUN_035f44	035fa0	STORE	CAST(INT_ZEXT(INT_ADD(LEAF(register:0018:2:ushort),CONST(0x2,2))))
035f44	FUN_035f44	035fa4	LOAD	CAST(INT_ZEXT(INT_ADD(LEAF(register:001a:2:ushort),CONST(0x1,2))))
035f44	FUN_035f44	035fb2	STORE	CAST(INT_ZEXT(INT_ADD(LEAF(register:0018:2:ushort),CONST(0x1,2))))
035f44	FUN_035f44	035fb8	LOAD	CAST(INT_ZEXT(INT_ADD(LEAF(register:001a:2:ushort),CONST(0x3,2))))
035f44	FUN_035f44	035fc6	STORE	CAST(INT_ZEXT(INT_ADD(LEAF(register:0018:2:ushort),CONST(0x3,2))))
035f44	FUN_035f44	035fd0	LOAD	CAST(INT_ZEXT(INT_ADD(LEAF(register:001a:2:ushort),CONST(0x1,2))))
035f44	FUN_035f44	035fd6	LOAD	CAST(INT_ZEXT(INT_ADD(LEAF(register:001a:2:ushort),CONST(0x3,2))))
035f44	FUN_035f44	035fe0	STORE	CAST(INT_ZEXT(INT_ADD(LEAF(register:0018:2:ushort),CONST(0x1,2))))
035f44	FUN_035f44	035fe4	STORE	CAST(INT_ZEXT(INT_ADD(LEAF(register:0018:2:ushort),CONST(0x3,2))))
035f44	FUN_035f44	035ff0	LOAD	CAST(INT_ZEXT(INT_ADD(LEAF(register:0018:2:ushort),CONST(0x4,2))))
035f44	FUN_035f44	035ff6	STORE	CAST(INT_ZEXT(INT_ADD(LEAF(register:0018:2:ushort),CONST(0x4,2))))
035f44	FUN_035f44	035ffc	STORE	CAST(INT_ZEXT(INT_ADD(LEAF(register:0018:2:ushort),CONST(0x5,2))))
035f52	FUN_035f52	035f58	LOAD	CAST(INT_ZEXT(INT_ADD(LEAF(register:0012:2:ushort),CONST(0x4,2))))
035f52	FUN_035f52	035f5e	STORE	CAST(INT_ZEXT(INT_ADD(LEAF(register:0012:2:ushort),CONST(0x4,2))))
035f52	FUN_035f52	035f60	LOAD	CAST(INT_ZEXT(INT_ADD(LEAF(register:0010:2:ushort),CONST(0x2,2))))
035f52	FUN_035f52	035f66	LOAD	CAST(INT_ZEXT(LEAF(register:0010:2:ushort)))
035f52	FUN_035f52	035f72	LOAD	CAST(INT_ZEXT(LEAF(register:0010:2:ushort)))
035f52	FUN_035f52	035f7c	STORE	CAST(INT_ZEXT(LEAF(register:0012:2:ushort)))
035f52	FUN_035f52	035f7e	LOAD	CAST(INT_ZEXT(INT_ADD(LEAF(register:0010:2:ushort),CONST(0x2,2))))
035f52	FUN_035f52	035f8a	STORE	CAST(INT_ZEXT(INT_ADD(LEAF(register:0012:2:ushort),CONST(0x2,2))))
035f52	FUN_035f52	035f90	LOAD	CAST(INT_ZEXT(LEAF(register:0010:2:ushort)))
035f52	FUN_035f52	035f94	LOAD	CAST(INT_ZEXT(INT_ADD(LEAF(register:0010:2:ushort),CONST(0x2,2))))
035f52	FUN_035f52	035f9e	STORE	CAST(INT_ZEXT(LEAF(register:0012:2:ushort)))
035f52	FUN_035f52	035fa0	STORE	CAST(INT_ZEXT(INT_ADD(LEAF(register:0012:2:ushort),CONST(0x2,2))))
035f52	FUN_035f52	035fa4	LOAD	CAST(INT_ZEXT(INT_ADD(LEAF(register:0010:2:ushort),CONST(0x1,2))))
035f52	FUN_035f52	035fb2	STORE	CAST(INT_ZEXT(INT_ADD(LEAF(register:0012:2:ushort),CONST(0x1,2))))
035f52	FUN_035f52	035fb8	LOAD	CAST(INT_ZEXT(INT_ADD(LEAF(register:0010:2:ushort),CONST(0x3,2))))
035f52	FUN_035f52	035fc6	STORE	CAST(INT_ZEXT(INT_ADD(LEAF(register:0012:2:ushort),CONST(0x3,2))))
035f52	FUN_035f52	035fd0	LOAD	CAST(INT_ZEXT(INT_ADD(LEAF(register:0010:2:ushort),CONST(0x1,2))))
035f52	FUN_035f52	035fd6	LOAD	CAST(INT_ZEXT(INT_ADD(LEAF(register:0010:2:ushort),CONST(0x3,2))))
035f52	FUN_035f52	035fe0	STORE	CAST(INT_ZEXT(INT_ADD(LEAF(register:0012:2:ushort),CONST(0x1,2))))
035f52	FUN_035f52	035fe4	STORE	CAST(INT_ZEXT(INT_ADD(LEAF(register:0012:2:ushort),CONST(0x3,2))))
035f52	FUN_035f52	035ff0	LOAD	CAST(INT_ZEXT(INT_ADD(LEAF(register:0012:2:ushort),CONST(0x4,2))))
035f52	FUN_035f52	035ff6	STORE	CAST(INT_ZEXT(INT_ADD(LEAF(register:0012:2:ushort),CONST(0x4,2))))
035f52	FUN_035f52	035ffc	STORE	CAST(INT_ZEXT(INT_ADD(LEAF(register:0012:2:ushort),CONST(0x5,2))))
035f6a	FUN_035f6a	035f72	LOAD	CAST(INT_ZEXT(LEAF(register:0010:2:ushort)))
035f6a	FUN_035f6a	035f7c	STORE	CAST(INT_ZEXT(LEAF(register:0012:2:ushort)))
035f6a	FUN_035f6a	035f7e	LOAD	CAST(INT_ZEXT(INT_ADD(LEAF(register:0010:2:ushort),CONST(0x2,2))))
035f6a	FUN_035f6a	035f8a	STORE	CAST(INT_ZEXT(INT_ADD(LEAF(register:0012:2:ushort),CONST(0x2,2))))
035f6a	FUN_035f6a	035f90	LOAD	CAST(INT_ZEXT(LEAF(register:0010:2:ushort)))
035f6a	FUN_035f6a	035f94	LOAD	CAST(INT_ZEXT(INT_ADD(LEAF(register:0010:2:ushort),CONST(0x2,2))))
035f6a	FUN_035f6a	035f9e	STORE	CAST(INT_ZEXT(LEAF(register:0012:2:ushort)))
035f6a	FUN_035f6a	035fa0	STORE	CAST(INT_ZEXT(INT_ADD(LEAF(register:0012:2:ushort),CONST(0x2,2))))
035f6a	FUN_035f6a	035fa4	LOAD	CAST(INT_ZEXT(INT_ADD(LEAF(register:0010:2:ushort),CONST(0x1,2))))
035f6a	FUN_035f6a	035fb2	STORE	CAST(INT_ZEXT(INT_ADD(LEAF(register:0012:2:ushort),CONST(0x1,2))))
035f6a	FUN_035f6a	035fb8	LOAD	CAST(INT_ZEXT(INT_ADD(LEAF(register:0010:2:ushort),CONST(0x3,2))))
035f6a	FUN_035f6a	035fc6	STORE	CAST(INT_ZEXT(INT_ADD(LEAF(register:0012:2:ushort),CONST(0x3,2))))
035f6a	FUN_035f6a	035fd0	LOAD	CAST(INT_ZEXT(INT_ADD(LEAF(register:0010:2:ushort),CONST(0x1,2))))
035f6a	FUN_035f6a	035fd6	LOAD	CAST(INT_ZEXT(INT_ADD(LEAF(register:0010:2:ushort),CONST(0x3,2))))
035f6a	FUN_035f6a	035fe0	STORE	CAST(INT_ZEXT(INT_ADD(LEAF(register:0012:2:ushort),CONST(0x1,2))))
035f6a	FUN_035f6a	035fe4	STORE	CAST(INT_ZEXT(INT_ADD(LEAF(register:0012:2:ushort),CONST(0x3,2))))
035f6a	FUN_035f6a	035ff0	LOAD	CAST(INT_ZEXT(INT_ADD(LEAF(register:0012:2:ushort),CONST(0x4,2))))
035f6a	FUN_035f6a	035ff6	STORE	CAST(INT_ZEXT(INT_ADD(LEAF(register:0012:2:ushort),CONST(0x4,2))))
035f6a	FUN_035f6a	035ffc	STORE	CAST(INT_ZEXT(INT_ADD(LEAF(register:0012:2:ushort),CONST(0x5,2))))
035fbc	FUN_035fbc	035fc6	STORE	CAST(INT_ZEXT(INT_ADD(LEAF(register:0012:2:short),CONST(0x3,2))))
035fbc	FUN_035fbc	035fd0	LOAD	CAST(INT_ZEXT(INT_ADD(LEAF(register:0010:2:short),CONST(0x1,2))))
035fbc	FUN_035fbc	035fd6	LOAD	CAST(INT_ZEXT(INT_ADD(LEAF(register:0010:2:short),CONST(0x3,2))))
035fbc	FUN_035fbc	035fe0	STORE	CAST(INT_ZEXT(INT_ADD(LEAF(register:0012:2:short),CONST(0x1,2))))
035fbc	FUN_035fbc	035fe4	STORE	CAST(INT_ZEXT(INT_ADD(LEAF(register:0012:2:short),CONST(0x3,2))))
035fbc	FUN_035fbc	035ff0	LOAD	CAST(INT_ZEXT(INT_ADD(LEAF(register:0012:2:short),CONST(0x4,2))))
035fbc	FUN_035fbc	035ff6	STORE	CAST(INT_ZEXT(INT_ADD(LEAF(register:0012:2:short),CONST(0x4,2))))
035fbc	FUN_035fbc	035ffc	STORE	CAST(INT_ZEXT(INT_ADD(LEAF(register:0012:2:short),CONST(0x5,2))))
035fcc	FUN_035fcc	035fd0	LOAD	CAST(INT_ZEXT(INT_ADD(LEAF(register:0010:2:short),CONST(0x1,2))))
035fcc	FUN_035fcc	035fd6	LOAD	CAST(INT_ZEXT(INT_ADD(LEAF(register:0010:2:short),CONST(0x3,2))))
035fcc	FUN_035fcc	035fe0	STORE	CAST(INT_ZEXT(INT_ADD(LEAF(register:0012:2:short),CONST(0x1,2))))
035fcc	FUN_035fcc	035fe4	STORE	CAST(INT_ZEXT(INT_ADD(LEAF(register:0012:2:short),CONST(0x3,2))))
035fcc	FUN_035fcc	035ff0	LOAD	CAST(INT_ZEXT(INT_ADD(LEAF(register:0012:2:short),CONST(0x4,2))))
035fcc	FUN_035fcc	035ff6	STORE	CAST(INT_ZEXT(INT_ADD(LEAF(register:0012:2:short),CONST(0x4,2))))
035fcc	FUN_035fcc	035ffc	STORE	CAST(INT_ZEXT(INT_ADD(LEAF(register:0012:2:short),CONST(0x5,2))))
035fdc	FUN_035fdc	035fe0	STORE	CAST(INT_ZEXT(INT_ADD(LEAF(register:0012:2:short),CONST(0x1,2))))
035fdc	FUN_035fdc	035fe4	STORE	CAST(INT_ZEXT(INT_ADD(LEAF(register:0012:2:short),CONST(0x3,2))))
035fdc	FUN_035fdc	035ff0	LOAD	CAST(INT_ZEXT(INT_ADD(LEAF(register:0012:2:short),CONST(0x4,2))))
035fdc	FUN_035fdc	035ff6	STORE	CAST(INT_ZEXT(INT_ADD(LEAF(register:0012:2:short),CONST(0x4,2))))
035fdc	FUN_035fdc	035ffc	STORE	CAST(INT_ZEXT(INT_ADD(LEAF(register:0012:2:short),CONST(0x5,2))))
03600e	FUN_03600e	036052	LOAD	CAST(INT_ZEXT(INT_ADD(SUBPIECE(PTRSUB(CONST(0x0,3),CONST(0xa5cd,3)),CONST(0x0,4)),INT_MULT(INT_ZEXT(LEAF(register:000e:1:byte)),CONST(0x10,2)))))
03600e	FUN_03600e	03606c	LOAD	CAST(INT_ZEXT(INT_ADD(SUBPIECE(PTRSUB(CONST(0x0,3),CONST(0xa5cd,3)),CONST(0x0,4)),INT_MULT(INT_ZEXT(LEAF(register:000e:1:byte)),CONST(0x10,2)))))
03600e	FUN_03600e	036084	LOAD	CAST(INT_ZEXT(INT_ADD(SUBPIECE(PTRSUB(CONST(0x0,3),CONST(0xa5cd,3)),CONST(0x0,4)),INT_MULT(INT_ZEXT(LEAF(register:000e:1:byte)),CONST(0x10,2)))))
03600e	FUN_03600e	0360a0	LOAD	CAST(INT_ZEXT(INT_ADD(SUBPIECE(PTRSUB(CONST(0x0,3),CONST(0xa5cd,3)),CONST(0x0,4)),INT_MULT(INT_ZEXT(LEAF(register:000e:1:byte)),CONST(0x10,2)))))
036066	FUN_036066	03606c	LOAD	CAST(INT_ZEXT(INT_ADD(SUBPIECE(PTRSUB(CONST(0x0,3),CONST(0xa5cd,3)),CONST(0x0,4)),INT_MULT(INT_AND(LEAF(register:000e:2:ushort),CONST(0xff,2)),CONST(0x10,2)))))
036066	FUN_036066	036084	LOAD	CAST(INT_ZEXT(INT_ADD(SUBPIECE(PTRSUB(CONST(0x0,3),CONST(0xa5cd,3)),CONST(0x0,4)),INT_MULT(INT_AND(LEAF(register:000e:2:ushort),CONST(0xff,2)),CONST(0x10,2)))))
0361b4	FUN_0361b4	0361ba	LOAD	CAST(INT_ZEXT(INT_ADD(SUBPIECE(PTRSUB(CONST(0x0,3),CONST(0xa5cd,3)),CONST(0x0,4)),INT_MULT(INT_ZEXT(MULTIEQUAL(LEAF(register:0018:1:byte),INT_ADD(LEAF(register:0018:1:byte),CONST(0x1,1)))),CONST(0x10,2)))))
0361b4	FUN_0361b4	0361de	LOAD	CAST(INT_ZEXT(INT_ADD(SUBPIECE(PTRSUB(CONST(0x0,3),CONST(0xf63a,3)),CONST(0x0,4)),INT_MULT(INT_ZEXT(INT_RIGHT(MULTIEQUAL(LEAF(register:0018:1:byte),INT_ADD(LEAF(register:0018:1:byte),CONST(0x1,1))),CONST(0x4,4))),CONST(0x2,2)))))
0361b4	FUN_0361b4	0361e2	STORE	CAST(INT_ZEXT(INT_ADD(SUBPIECE(PTRSUB(CONST(0x0,3),CONST(0xf63a,3)),CONST(0x0,4)),INT_MULT(INT_ZEXT(INT_RIGHT(MULTIEQUAL(LEAF(register:0018:1:byte),INT_ADD(LEAF(register:0018:1:byte),CONST(0x1,1))),CONST(0x4,4))),CONST(0x2,2)))))
0361b4	FUN_0361b4	0361fe	LOAD	CAST(INT_ZEXT(INT_ADD(SUBPIECE(PTRSUB(CONST(0x0,3),CONST(0xf648,3)),CONST(0x0,4)),INT_MULT(INT_ZEXT(INT_RIGHT(MULTIEQUAL(LEAF(register:0018:1:byte),INT_ADD(LEAF(register:0018:1:byte),CONST(0x1,1))),CONST(0x4,4))),CONST(0x2,2)))))
0361b4	FUN_0361b4	036202	STORE	CAST(INT_ZEXT(INT_ADD(SUBPIECE(PTRSUB(CONST(0x0,3),CONST(0xf648,3)),CONST(0x0,4)),INT_MULT(INT_ZEXT(INT_RIGHT(MULTIEQUAL(LEAF(register:0018:1:byte),INT_ADD(LEAF(register:0018:1:byte),CONST(0x1,1))),CONST(0x4,4))),CONST(0x2,2)))))
0361e8	FUN_0361e8	0361ba	LOAD	CAST(INT_ZEXT(INT_ADD(SUBPIECE(PTRSUB(CONST(0x0,3),CONST(0xa5cd,3)),CONST(0x0,4)),INT_MULT(INT_ZEXT(INT_ADD(SUBPIECE(MULTIEQUAL(COPY(MULTIEQUAL(COPY(LEAF(register:0008:2:ushort)),LEAF(register:0018:2:ushort))),LEAF(register:0008:2:ushort)),CONST(0x0,2)),CONST(0x1,1))),CONST(0x10,2)))))
0361e8	FUN_0361e8	0361de	LOAD	CAST(INT_ZEXT(INT_ADD(SUBPIECE(PTRSUB(CONST(0x0,3),CONST(0xf63a,3)),CONST(0x0,4)),INT_MULT(INT_ZEXT(INT_RIGHT(INT_ADD(SUBPIECE(MULTIEQUAL(COPY(MULTIEQUAL(COPY(INT_ZEXT(LEAF(unique:00022d00:1:byte))),LEAF(register:0018:2:ushort))),LEAF(register:0008:2:ushort)),CONST(0x0,2)),CONST(0x1,1)),CONST(0x4,4))),CONST(0x2,2)))))
0361e8	FUN_0361e8	0361e2	STORE	CAST(INT_ZEXT(INT_ADD(SUBPIECE(PTRSUB(CONST(0x0,3),CONST(0xf63a,3)),CONST(0x0,4)),INT_MULT(INT_ZEXT(INT_RIGHT(INT_ADD(SUBPIECE(MULTIEQUAL(COPY(MULTIEQUAL(COPY(INT_ZEXT(LEAF(unique:00022d00:1:byte))),LEAF(register:0018:2:ushort))),LEAF(register:0008:2:ushort)),CONST(0x0,2)),CONST(0x1,1)),CONST(0x4,4))),CONST(0x2,2)))))
0361e8	FUN_0361e8	0361fe	LOAD	CAST(INT_ZEXT(INT_ADD(SUBPIECE(PTRSUB(CONST(0x0,3),CONST(0xf648,3)),CONST(0x0,4)),INT_MULT(INT_RIGHT(INT_AND(MULTIEQUAL(COPY(INT_ZEXT(INT_ADD(SUBPIECE(MULTIEQUAL(COPY(LEAF(register:0018:2:ushort)),LEAF(register:0008:2:ushort)),CONST(0x0,2)),CONST(0x1,1)))),LEAF(register:0018:2:ushort)),CONST(0xff,2)),CONST(0x4,4)),CONST(0x2,2)))))
0361e8	FUN_0361e8	036202	STORE	CAST(INT_ZEXT(INT_ADD(SUBPIECE(PTRSUB(CONST(0x0,3),CONST(0xf648,3)),CONST(0x0,4)),INT_MULT(INT_RIGHT(INT_AND(MULTIEQUAL(COPY(INT_ZEXT(INT_ADD(SUBPIECE(MULTIEQUAL(COPY(LEAF(register:0018:2:ushort)),LEAF(register:0008:2:ushort)),CONST(0x0,2)),CONST(0x1,1)))),LEAF(register:0018:2:ushort)),CONST(0xff,2)),CONST(0x4,4)),CONST(0x2,2)))))
036208	FUN_036208	0361ba	LOAD	CAST(INT_ZEXT(INT_ADD(SUBPIECE(PTRSUB(CONST(0x0,3),CONST(0xa5cd,3)),CONST(0x0,4)),INT_MULT(INT_ZEXT(MULTIEQUAL(INT_ADD(LEAF(register:0008:1:byte),CONST(0x1,1)),LEAF(register:0008:1:byte))),CONST(0x10,2)))))
036208	FUN_036208	0361de	LOAD	CAST(INT_ZEXT(INT_ADD(SUBPIECE(PTRSUB(CONST(0x0,3),CONST(0xf63a,3)),CONST(0x0,4)),INT_MULT(INT_ZEXT(INT_RIGHT(MULTIEQUAL(INT_ADD(LEAF(register:0008:1:byte),CONST(0x1,1)),LEAF(register:0008:1:byte)),CONST(0x4,4))),CONST(0x2,2)))))
036208	FUN_036208	0361e2	STORE	CAST(INT_ZEXT(INT_ADD(SUBPIECE(PTRSUB(CONST(0x0,3),CONST(0xf63a,3)),CONST(0x0,4)),INT_MULT(INT_ZEXT(INT_RIGHT(MULTIEQUAL(INT_ADD(LEAF(register:0008:1:byte),CONST(0x1,1)),LEAF(register:0008:1:byte)),CONST(0x4,4))),CONST(0x2,2)))))
036208	FUN_036208	0361fe	LOAD	CAST(INT_ZEXT(INT_ADD(SUBPIECE(PTRSUB(CONST(0x0,3),CONST(0xf648,3)),CONST(0x0,4)),INT_MULT(INT_ZEXT(INT_RIGHT(MULTIEQUAL(INT_ADD(LEAF(register:0008:1:byte),CONST(0x1,1)),LEAF(register:0008:1:byte)),CONST(0x4,4))),CONST(0x2,2)))))
036208	FUN_036208	036202	STORE	CAST(INT_ZEXT(INT_ADD(SUBPIECE(PTRSUB(CONST(0x0,3),CONST(0xf648,3)),CONST(0x0,4)),INT_MULT(INT_ZEXT(INT_RIGHT(MULTIEQUAL(INT_ADD(LEAF(register:0008:1:byte),CONST(0x1,1)),LEAF(register:0008:1:byte)),CONST(0x4,4))),CONST(0x2,2)))))
0362e8	FUN_0362e8	0362e4	LOAD	CAST(INT_ZEXT(INT_ADD(SUBPIECE(PTRSUB(CONST(0x0,3),CONST(0xa5cd,3)),CONST(0x0,4)),INT_MULT(INT_ZEXT(CAST(INT_ADD(SUBPIECE(MULTIEQUAL(LEAF(register:0008:2:ushort),LEAF(register:0018:2:ushort)),CONST(0x0,2)),CONST(0x1,1)))),CONST(0x10,2)))))
0362e8	FUN_0362e8	036308	LOAD	CAST(INT_ZEXT(INT_ADD(SUBPIECE(PTRSUB(CONST(0x0,3),CONST(0xf656,3)),CONST(0x0,4)),INT_MULT(INT_RIGHT(INT_AND(MULTIEQUAL(INT_ZEXT(CAST(INT_ADD(SUBPIECE(LEAF(register:0018:2:ushort),CONST(0x0,2)),CONST(0x1,1)))),LEAF(register:0018:2:ushort)),CONST(0xff,2)),CONST(0x4,4)),CONST(0x2,2)))))
0362e8	FUN_0362e8	03630c	STORE	CAST(INT_ZEXT(INT_ADD(SUBPIECE(PTRSUB(CONST(0x0,3),CONST(0xf656,3)),CONST(0x0,4)),INT_MULT(INT_RIGHT(INT_AND(MULTIEQUAL(INT_ZEXT(CAST(INT_ADD(SUBPIECE(LEAF(register:0018:2:ushort),CONST(0x0,2)),CONST(0x1,1)))),LEAF(register:0018:2:ushort)),CONST(0xff,2)),CONST(0x4,4)),CONST(0x2,2)))))
0363cc	FUN_0363cc	0363ba	LOAD	CAST(INT_ZEXT(INT_ADD(SUBPIECE(PTRSUB(CONST(0x0,3),CONST(0xa5cd,3)),CONST(0x0,4)),INT_MULT(INT_ZEXT(INT_ADD(MULTIEQUAL(MULTIEQUAL(LEAF(unique:00022d00:1:byte),LEAF(register:0018:1:byte)),LEAF(unique:00022d00:1:byte)),CONST(0x1,1))),CONST(0x10,2)))))
0363cc	FUN_0363cc	0363de	LOAD	CAST(INT_ZEXT(INT_ADD(SUBPIECE(PTRSUB(CONST(0x0,3),CONST(0xf664,3)),CONST(0x0,4)),INT_MULT(INT_ZEXT(INT_RIGHT(MULTIEQUAL(INT_ADD(MULTIEQUAL(LEAF(register:0018:1:byte),LEAF(unique:00022d00:1:byte)),CONST(0x1,1)),LEAF(register:0018:1:byte)),CONST(0x4,4))),CONST(0x2,2)))))
0363cc	FUN_0363cc	0363e2	STORE	CAST(INT_ZEXT(INT_ADD(SUBPIECE(PTRSUB(CONST(0x0,3),CONST(0xf664,3)),CONST(0x0,4)),INT_MULT(INT_ZEXT(INT_RIGHT(MULTIEQUAL(INT_ADD(MULTIEQUAL(LEAF(register:0018:1:byte),LEAF(unique:00022d00:1:byte)),CONST(0x1,1)),LEAF(register:0018:1:byte)),CONST(0x4,4))),CONST(0x2,2)))))
0363e0	FUN_0363e0	0363ba	LOAD	CAST(INT_ZEXT(INT_ADD(SUBPIECE(PTRSUB(CONST(0x0,3),CONST(0xa5cd,3)),CONST(0x0,4)),INT_MULT(INT_ZEXT(INT_ADD(MULTIEQUAL(MULTIEQUAL(LEAF(unique:00022d00:1:byte),LEAF(register:0018:1:byte)),LEAF(unique:00022d00:1:byte)),CONST(0x1,1))),CONST(0x10,2)))))
0363e0	FUN_0363e0	0363de	LOAD	CAST(INT_ZEXT(INT_ADD(SUBPIECE(PTRSUB(CONST(0x0,3),CONST(0xf664,3)),CONST(0x0,4)),INT_MULT(INT_ZEXT(INT_RIGHT(INT_ADD(MULTIEQUAL(MULTIEQUAL(LEAF(unique:00022d00:1:byte),LEAF(register:0018:1:byte)),LEAF(unique:00022d00:1:byte)),CONST(0x1,1)),CONST(0x4,4))),CONST(0x2,2)))))
0363e0	FUN_0363e0	0363e2	STORE	CAST(INT_ZEXT(MULTIEQUAL(INT_ADD(SUBPIECE(PTRSUB(CONST(0x0,3),CONST(0xf664,3)),CONST(0x0,4)),INT_MULT(INT_ZEXT(INT_RIGHT(INT_ADD(MULTIEQUAL(MULTIEQUAL(LEAF(unique:00022d00:1:byte),LEAF(register:0018:1:byte)),LEAF(unique:00022d00:1:byte)),CONST(0x1,1)),CONST(0x4,4))),CONST(0x2,2))),LEAF(register:0004:2:ushort))))
036566	FUN_036566	032caa	LOAD	CAST(INT_ZEXT(CAST(INT_ADD(SUBPIECE(PTRSUB(CONST(0x0,3),CONST(0xfc84,3)),CONST(0x0,4)),INT_MULT(LEAF(register:0012:2:short),CONST(0x4,2))))))
036566	FUN_036566	032cb8	LOAD	CAST(INT_ZEXT(CAST(INT_ADD(SUBPIECE(PTRSUB(CONST(0x0,3),CONST(0xfc5a,3)),CONST(0x0,4)),INT_MULT(LEAF(register:0012:2:short),CONST(0x2,2))))))
036566	FUN_036566	032cc8	STORE	CAST(INT_ZEXT(CAST(INT_ADD(SUBPIECE(PTRSUB(CONST(0x0,3),CONST(0xfc5a,3)),CONST(0x0,4)),INT_MULT(LEAF(register:0012:2:short),CONST(0x2,2))))))
036566	FUN_036566	032cd0	LOAD	CAST(INT_ZEXT(CAST(INT_ADD(SUBPIECE(PTRSUB(CONST(0x0,3),CONST(0xfc5a,3)),CONST(0x0,4)),INT_MULT(LEAF(register:0012:2:short),CONST(0x2,2))))))
036566	FUN_036566	032ce2	STORE	CAST(INT_ZEXT(CAST(INT_ADD(SUBPIECE(PTRSUB(CONST(0x0,3),CONST(0xfc5a,3)),CONST(0x0,4)),INT_MULT(LEAF(register:0012:2:short),CONST(0x2,2))))))
036566	FUN_036566	032cec	LOAD	CAST(INT_ZEXT(CAST(INT_ADD(SUBPIECE(PTRSUB(CONST(0x0,3),CONST(0xfc5a,3)),CONST(0x0,4)),INT_MULT(LEAF(register:0012:2:short),CONST(0x2,2))))))
036566	FUN_036566	032d1e	LOAD	CAST(INT_ZEXT(CAST(INT_ADD(SUBPIECE(PTRSUB(CONST(0x0,3),CONST(0xfc5a,3)),CONST(0x0,4)),INT_MULT(LEAF(register:0012:2:short),CONST(0x2,2))))))
036566	FUN_036566	032d30	STORE	CAST(INT_ZEXT(INT_ADD(INT_MULT(LEAF(register:0012:2:short),CONST(0x2,2)),CONST(0xe996,2))))
036566	FUN_036566	036570	LOAD	CAST(INT_ZEXT(INT_ADD(SUBPIECE(PTRSUB(CONST(0x0,3),CONST(0xa5cd,3)),CONST(0x0,4)),INT_MULT(INT_ZEXT(LEAF(register:000c:1:byte)),CONST(0x10,2)))))
036566	FUN_036566	03657c	LOAD	CAST(INT_ZEXT(INT_ADD(LEAF(register:0012:2:short),CONST(0xa,2))))
036566	FUN_036566	0365e6	STORE	CAST(INT_ZEXT(INT_ADD(LEAF(register:0012:2:short),CONST(0xa,2))))
036566	FUN_036566	0365f2	LOAD	CAST(INT_ZEXT(INT_ADD(SUBPIECE(PTRSUB(CONST(0x0,3),CONST(0xa5cd,3)),CONST(0x0,4)),INT_MULT(INT_ZEXT(LEAF(register:000c:1:byte)),CONST(0x10,2)))))
036566	FUN_036566	03661a	LOAD	CAST(INT_ZEXT(INT_ADD(SUBPIECE(PTRSUB(CONST(0x0,3),CONST(0xf59e,3)),CONST(0x0,4)),INT_MULT(INT_ZEXT(CALL(LEAF(031eec:8:?),INT_ZEXT(LEAF(register:000c:1:byte)))),CONST(0x6,2)))))
0365aa	FUN_0365aa	032caa	LOAD	CAST(INT_ZEXT(CAST(INT_ADD(SUBPIECE(PTRSUB(CONST(0x0,3),CONST(0xfc84,3)),CONST(0x0,4)),INT_MULT(LEAF(register:0012:2:short),CONST(0x4,2))))))
0365aa	FUN_0365aa	032cb8	LOAD	CAST(INT_ZEXT(CAST(INT_ADD(SUBPIECE(PTRSUB(CONST(0x0,3),CONST(0xfc5a,3)),CONST(0x0,4)),INT_MULT(LEAF(register:0012:2:short),CONST(0x2,2))))))
0365aa	FUN_0365aa	032cc8	STORE	CAST(INT_ZEXT(CAST(INT_ADD(SUBPIECE(PTRSUB(CONST(0x0,3),CONST(0xfc5a,3)),CONST(0x0,4)),INT_MULT(LEAF(register:0012:2:short),CONST(0x2,2))))))
0365aa	FUN_0365aa	032cd0	LOAD	CAST(INT_ZEXT(CAST(INT_ADD(SUBPIECE(PTRSUB(CONST(0x0,3),CONST(0xfc5a,3)),CONST(0x0,4)),INT_MULT(LEAF(register:0012:2:short),CONST(0x2,2))))))
0365aa	FUN_0365aa	032ce2	STORE	CAST(INT_ZEXT(CAST(INT_ADD(SUBPIECE(PTRSUB(CONST(0x0,3),CONST(0xfc5a,3)),CONST(0x0,4)),INT_MULT(LEAF(register:0012:2:short),CONST(0x2,2))))))
0365aa	FUN_0365aa	032cec	LOAD	CAST(INT_ZEXT(CAST(INT_ADD(SUBPIECE(PTRSUB(CONST(0x0,3),CONST(0xfc5a,3)),CONST(0x0,4)),INT_MULT(LEAF(register:0012:2:short),CONST(0x2,2))))))
0365aa	FUN_0365aa	032d1e	LOAD	CAST(INT_ZEXT(CAST(INT_ADD(SUBPIECE(PTRSUB(CONST(0x0,3),CONST(0xfc5a,3)),CONST(0x0,4)),INT_MULT(LEAF(register:0012:2:short),CONST(0x2,2))))))
0365aa	FUN_0365aa	032d30	STORE	CAST(INT_ZEXT(INT_ADD(INT_MULT(LEAF(register:0012:2:short),CONST(0x2,2)),CONST(0xe996,2))))
0365aa	FUN_0365aa	0365e6	STORE	CAST(INT_ZEXT(INT_ADD(LEAF(register:0012:2:short),CONST(0xa,2))))
0365e0	FUN_0365e0	032caa	LOAD	CAST(INT_ZEXT(CAST(INT_ADD(SUBPIECE(PTRSUB(CONST(0x0,3),CONST(0xfc84,3)),CONST(0x0,4)),INT_MULT(LEAF(register:0012:2:short),CONST(0x4,2))))))
0365e0	FUN_0365e0	032cb8	LOAD	CAST(INT_ZEXT(CAST(INT_ADD(SUBPIECE(PTRSUB(CONST(0x0,3),CONST(0xfc5a,3)),CONST(0x0,4)),INT_MULT(LEAF(register:0012:2:short),CONST(0x2,2))))))
0365e0	FUN_0365e0	032cc8	STORE	CAST(INT_ZEXT(CAST(INT_ADD(SUBPIECE(PTRSUB(CONST(0x0,3),CONST(0xfc5a,3)),CONST(0x0,4)),INT_MULT(LEAF(register:0012:2:short),CONST(0x2,2))))))
0365e0	FUN_0365e0	032cd0	LOAD	CAST(INT_ZEXT(CAST(INT_ADD(SUBPIECE(PTRSUB(CONST(0x0,3),CONST(0xfc5a,3)),CONST(0x0,4)),INT_MULT(LEAF(register:0012:2:short),CONST(0x2,2))))))
0365e0	FUN_0365e0	032ce2	STORE	CAST(INT_ZEXT(CAST(INT_ADD(SUBPIECE(PTRSUB(CONST(0x0,3),CONST(0xfc5a,3)),CONST(0x0,4)),INT_MULT(LEAF(register:0012:2:short),CONST(0x2,2))))))
0365e0	FUN_0365e0	032cec	LOAD	CAST(INT_ZEXT(CAST(INT_ADD(SUBPIECE(PTRSUB(CONST(0x0,3),CONST(0xfc5a,3)),CONST(0x0,4)),INT_MULT(LEAF(register:0012:2:short),CONST(0x2,2))))))
0365e0	FUN_0365e0	032d1e	LOAD	CAST(INT_ZEXT(CAST(INT_ADD(SUBPIECE(PTRSUB(CONST(0x0,3),CONST(0xfc5a,3)),CONST(0x0,4)),INT_MULT(LEAF(register:0012:2:short),CONST(0x2,2))))))
0365e0	FUN_0365e0	032d30	STORE	CAST(INT_ZEXT(INT_ADD(INT_MULT(LEAF(register:0012:2:short),CONST(0x2,2)),CONST(0xe996,2))))
0365e0	FUN_0365e0	0365e6	STORE	CAST(INT_ZEXT(INT_ADD(LEAF(register:0012:2:short),CONST(0xa,2))))
036678	FUN_036678	03298a	STORE	CAST(INT_ZEXT(INT_ADD(SUBPIECE(PTRSUB(CONST(0x0,3),CONST(0xfc76,3)),CONST(0x0,4)),INT_ZEXT(INDIRECT(LEAF(00f6d7:1:byte),CONST(0x260,4))))))
036678	FUN_036678	03677e	STORE	CAST(INT_ZEXT(INT_ADD(SUBPIECE(PTRSUB(CONST(0x0,3),CONST(0xf59e,3)),CONST(0x0,4)),INT_MULT(INT_AND(LEAF(register:0010:2:ushort),CONST(0xff,2)),CONST(0x6,2)))))
036678	FUN_036678	03678e	LOAD	CAST(INT_ZEXT(INT_ADD(SUBPIECE(PTRSUB(CONST(0x0,3),CONST(0xf5c2,3)),CONST(0x0,4)),INT_MULT(INT_AND(LEAF(register:0010:2:ushort),CONST(0xff,2)),CONST(0x6,2)))))
03669e	FUN_03669e	03298a	STORE	CAST(INT_ZEXT(INT_ADD(SUBPIECE(PTRSUB(CONST(0x0,3),CONST(0xfc76,3)),CONST(0x0,4)),INT_ZEXT(INDIRECT(LEAF(00f6d7:1:byte),CONST(0x11f,4))))))
03669e	FUN_03669e	03677e	STORE	CAST(INT_ZEXT(INT_ADD(SUBPIECE(PTRSUB(CONST(0x0,3),CONST(0xf59e,3)),CONST(0x0,4)),INT_MULT(INT_AND(LEAF(register:0010:2:ushort),CONST(0xff,2)),CONST(0x6,2)))))
03669e	FUN_03669e	03678e	LOAD	CAST(INT_ZEXT(INT_ADD(SUBPIECE(PTRSUB(CONST(0x0,3),CONST(0xf5c2,3)),CONST(0x0,4)),INT_MULT(INT_AND(LEAF(register:0010:2:ushort),CONST(0xff,2)),CONST(0x6,2)))))
0366c8	FUN_0366c8	03298a	STORE	CAST(INT_ZEXT(INT_ADD(SUBPIECE(PTRSUB(CONST(0x0,3),CONST(0xfc76,3)),CONST(0x0,4)),INT_ZEXT(INDIRECT(MULTIEQUAL(LEAF(00f6d7:1:byte),INDIRECT(LEAF(00f6d7:1:byte),CONST(0xdc6,4)),LEAF(00f6d7:1:byte)),CONST(0x166,4))))))
0366c8	FUN_0366c8	036738	LOAD	CAST(INT_ZEXT(INT_SUB(INT_MULT(INT_AND(LEAF(register:0010:2:ushort),CONST(0xff,2)),CONST(0x6,2)),CONST(0xa61,2))))
0366c8	FUN_0366c8	03673c	STORE	CAST(INT_ZEXT(INT_SUB(INT_MULT(INT_AND(LEAF(register:0010:2:ushort),CONST(0xff,2)),CONST(0x6,2)),CONST(0xa61,2))))
0366c8	FUN_0366c8	03677e	STORE	CAST(INT_ZEXT(INT_ADD(SUBPIECE(PTRSUB(CONST(0x0,3),CONST(0xf59e,3)),CONST(0x0,4)),INT_MULT(INT_AND(LEAF(register:0010:2:ushort),CONST(0xff,2)),CONST(0x6,2)))))
0366c8	FUN_0366c8	03678e	LOAD	CAST(INT_ZEXT(INT_ADD(SUBPIECE(PTRSUB(CONST(0x0,3),CONST(0xf5c2,3)),CONST(0x0,4)),INT_MULT(INT_AND(LEAF(register:0010:2:ushort),CONST(0xff,2)),CONST(0x6,2)))))
03671c	FUN_03671c	03298a	STORE	CAST(INT_ZEXT(INT_ADD(SUBPIECE(PTRSUB(CONST(0x0,3),CONST(0xfc76,3)),CONST(0x0,4)),INT_ZEXT(INDIRECT(LEAF(00f6d7:1:byte),CONST(0x101,4))))))
03671c	FUN_03671c	03677e	STORE	CAST(INT_ZEXT(INT_ADD(SUBPIECE(PTRSUB(CONST(0x0,3),CONST(0xf59e,3)),CONST(0x0,4)),INT_MULT(INT_AND(LEAF(register:0010:2:ushort),CONST(0xff,2)),CONST(0x6,2)))))
03671c	FUN_03671c	03678e	LOAD	CAST(INT_ZEXT(INT_ADD(SUBPIECE(PTRSUB(CONST(0x0,3),CONST(0xf5c2,3)),CONST(0x0,4)),INT_MULT(INT_AND(LEAF(register:0010:2:ushort),CONST(0xff,2)),CONST(0x6,2)))))
036728	FUN_036728	03298a	STORE	CAST(INT_ZEXT(INT_ADD(SUBPIECE(PTRSUB(CONST(0x0,3),CONST(0xfc76,3)),CONST(0x0,4)),INT_ZEXT(INDIRECT(INDIRECT(LEAF(00f6d7:1:byte),CONST(0x12e,4)),CONST(0x242,4))))))
036728	FUN_036728	036738	LOAD	CAST(INT_ZEXT(INT_SUB(INT_MULT(INT_AND(LEAF(register:0008:2:ushort),CONST(0xff,2)),CONST(0x6,2)),CONST(0xa61,2))))
036728	FUN_036728	03673c	STORE	CAST(INT_ZEXT(INT_SUB(INT_MULT(INT_AND(LEAF(register:0008:2:ushort),CONST(0xff,2)),CONST(0x6,2)),CONST(0xa61,2))))
036728	FUN_036728	03677e	STORE	CAST(INT_ZEXT(INT_ADD(SUBPIECE(PTRSUB(CONST(0x0,3),CONST(0xf59e,3)),CONST(0x0,4)),INT_MULT(INT_AND(LEAF(register:0010:2:ushort),CONST(0xff,2)),CONST(0x6,2)))))
036728	FUN_036728	03678e	LOAD	CAST(INT_ZEXT(INT_ADD(SUBPIECE(PTRSUB(CONST(0x0,3),CONST(0xf5c2,3)),CONST(0x0,4)),INT_MULT(INT_AND(LEAF(register:0010:2:ushort),CONST(0xff,2)),CONST(0x6,2)))))
036768	FUN_036768	03298a	STORE	CAST(INT_ZEXT(INT_ADD(SUBPIECE(PTRSUB(CONST(0x0,3),CONST(0xfc76,3)),CONST(0x0,4)),INT_ZEXT(INDIRECT(LEAF(00f6d7:1:byte),CONST(0x11d,4))))))
036768	FUN_036768	03677e	STORE	CAST(INT_ZEXT(INT_ADD(SUBPIECE(PTRSUB(CONST(0x0,3),CONST(0xf59e,3)),CONST(0x0,4)),INT_MULT(INT_AND(LEAF(register:0010:2:ushort),CONST(0xff,2)),CONST(0x6,2)))))
036768	FUN_036768	03678e	LOAD	CAST(INT_ZEXT(INT_ADD(SUBPIECE(PTRSUB(CONST(0x0,3),CONST(0xf5c2,3)),CONST(0x0,4)),INT_MULT(INT_AND(LEAF(register:0010:2:ushort),CONST(0xff,2)),CONST(0x6,2)))))
036782	FUN_036782	03298a	STORE	CAST(INT_ZEXT(INT_ADD(SUBPIECE(PTRSUB(CONST(0x0,3),CONST(0xfc76,3)),CONST(0x0,4)),INT_ZEXT(LEAF(00f6d7:1:byte)))))
036782	FUN_036782	03678e	LOAD	CAST(INT_ZEXT(INT_ADD(SUBPIECE(PTRSUB(CONST(0x0,3),CONST(0xf5c2,3)),CONST(0x0,4)),INT_MULT(INT_AND(LEAF(register:0010:2:ushort),CONST(0xff,2)),CONST(0x6,2)))))
036aa0	FUN_036aa0	032caa	LOAD	CAST(INT_ZEXT(CAST(INT_ADD(SUBPIECE(PTRSUB(CONST(0x0,3),CONST(0xfc84,3)),CONST(0x0,4)),INT_MULT(LEAF(register:0012:2:short),CONST(0x4,2))))))
036aa0	FUN_036aa0	032cb8	LOAD	CAST(INT_ZEXT(CAST(INT_ADD(SUBPIECE(PTRSUB(CONST(0x0,3),CONST(0xfc5a,3)),CONST(0x0,4)),INT_MULT(LEAF(register:0012:2:short),CONST(0x2,2))))))
036aa0	FUN_036aa0	032cc8	STORE	CAST(INT_ZEXT(CAST(INT_ADD(SUBPIECE(PTRSUB(CONST(0x0,3),CONST(0xfc5a,3)),CONST(0x0,4)),INT_MULT(LEAF(register:0012:2:short),CONST(0x2,2))))))
036aa0	FUN_036aa0	032cd0	LOAD	CAST(INT_ZEXT(CAST(INT_ADD(SUBPIECE(PTRSUB(CONST(0x0,3),CONST(0xfc5a,3)),CONST(0x0,4)),INT_MULT(LEAF(register:0012:2:short),CONST(0x2,2))))))
036aa0	FUN_036aa0	032ce2	STORE	CAST(INT_ZEXT(CAST(INT_ADD(SUBPIECE(PTRSUB(CONST(0x0,3),CONST(0xfc5a,3)),CONST(0x0,4)),INT_MULT(LEAF(register:0012:2:short),CONST(0x2,2))))))
036aa0	FUN_036aa0	032cec	LOAD	CAST(INT_ZEXT(CAST(INT_ADD(SUBPIECE(PTRSUB(CONST(0x0,3),CONST(0xfc5a,3)),CONST(0x0,4)),INT_MULT(LEAF(register:0012:2:short),CONST(0x2,2))))))
036aa0	FUN_036aa0	032d1e	LOAD	CAST(INT_ZEXT(CAST(INT_ADD(SUBPIECE(PTRSUB(CONST(0x0,3),CONST(0xfc5a,3)),CONST(0x0,4)),INT_MULT(LEAF(register:0012:2:short),CONST(0x2,2))))))
036aa0	FUN_036aa0	032d30	STORE	CAST(INT_ZEXT(INT_ADD(INT_MULT(LEAF(register:0012:2:short),CONST(0x2,2)),CONST(0xe996,2))))
036aa0	FUN_036aa0	036aae	LOAD	CAST(INT_ZEXT(INT_ADD(SUBPIECE(PTRSUB(CONST(0x0,3),CONST(0xf5e6,3)),CONST(0x0,4)),INT_MULT(INT_AND(LEAF(register:0010:2:ushort),CONST(0xff,2)),CONST(0x6,2)))))
036aa0	FUN_036aa0	036ac8	STORE	CAST(INT_ZEXT(INT_ADD(LEAF(register:0012:2:short),CONST(0xa,2))))
036c94	FUN_036c94	036c9c	STORE	CAST(INT_ZEXT(INT_ADD(LEAF(register:0012:2:short),CONST(0xa,2))))
036d38	FUN_036d38	036d54	LOAD	CAST(INT_ZEXT(INT_ADD(SUBPIECE(PTRSUB(CONST(0x0,3),CONST(0xf59e,3)),CONST(0x0,4)),INT_MULT(INT_ZEXT(MULTIEQUAL(COPY(CONST(0x0,1)),INT_ADD(LEAF(register:000c:1:byte),CONST(0x1,1)))),CONST(0x6,2)))))
036d38	FUN_036d38	036d5a	STORE	CAST(INT_ZEXT(INT_ADD(SUBPIECE(PTRSUB(CONST(0x0,3),CONST(0xf59e,3)),CONST(0x0,4)),INT_MULT(INT_ZEXT(MULTIEQUAL(COPY(CONST(0x0,1)),INT_ADD(LEAF(register:000c:1:byte),CONST(0x1,1)))),CONST(0x6,2)))))
036d38	FUN_036d38	036d6c	LOAD	CAST(INT_ZEXT(INT_ADD(SUBPIECE(PTRSUB(CONST(0x0,3),CONST(0xf5c2,3)),CONST(0x0,4)),INT_MULT(INT_ZEXT(MULTIEQUAL(COPY(CONST(0x0,1)),INT_ADD(LEAF(register:000c:1:byte),CONST(0x1,1)))),CONST(0x6,2)))))
036d38	FUN_036d38	036d72	STORE	CAST(INT_ZEXT(INT_ADD(SUBPIECE(PTRSUB(CONST(0x0,3),CONST(0xf5c2,3)),CONST(0x0,4)),INT_MULT(INT_ZEXT(MULTIEQUAL(COPY(CONST(0x0,1)),INT_ADD(LEAF(register:000c:1:byte),CONST(0x1,1)))),CONST(0x6,2)))))
036d38	FUN_036d38	036d84	LOAD	CAST(INT_ZEXT(INT_ADD(SUBPIECE(PTRSUB(CONST(0x0,3),CONST(0xf5e6,3)),CONST(0x0,4)),INT_MULT(INT_ZEXT(MULTIEQUAL(COPY(CONST(0x0,1)),INT_ADD(LEAF(register:000c:1:byte),CONST(0x1,1)))),CONST(0x6,2)))))
036d38	FUN_036d38	036d8a	STORE	CAST(INT_ZEXT(INT_ADD(SUBPIECE(PTRSUB(CONST(0x0,3),CONST(0xf5e6,3)),CONST(0x0,4)),INT_MULT(INT_ZEXT(MULTIEQUAL(COPY(CONST(0x0,1)),INT_ADD(LEAF(register:000c:1:byte),CONST(0x1,1)))),CONST(0x6,2)))))
036d38	FUN_036d38	036da4	LOAD	CAST(INT_ZEXT(INT_ADD(SUBPIECE(PTRSUB(CONST(0x0,3),CONST(0xf60a,3)),CONST(0x0,4)),INT_MULT(INT_ZEXT(MULTIEQUAL(COPY(CONST(0x0,1)),INT_ADD(LEAF(register:000c:1:byte),CONST(0x1,1)))),CONST(0x6,2)))))
036d38	FUN_036d38	036daa	STORE	CAST(INT_ZEXT(INT_ADD(SUBPIECE(PTRSUB(CONST(0x0,3),CONST(0xf60a,3)),CONST(0x0,4)),INT_MULT(INT_ZEXT(MULTIEQUAL(COPY(CONST(0x0,1)),INT_ADD(LEAF(register:000c:1:byte),CONST(0x1,1)))),CONST(0x6,2)))))
036dea	FUN_036dea	032dba	STORE	CAST(INT_ZEXT(CAST(INT_ADD(SUBPIECE(PTRSUB(CONST(0x0,3),CONST(0xfc5a,3)),CONST(0x0,4)),INT_MULT(LEAF(register:0012:2:short),CONST(0x2,2))))))
036dea	FUN_036dea	032ee2	STORE	CAST(INT_ZEXT(CAST(INT_ADD(SUBPIECE(PTRSUB(CONST(0x0,3),CONST(0xfc5a,3)),CONST(0x0,4)),INT_MULT(LEAF(register:0012:2:short),CONST(0x2,2))))))
036dea	FUN_036dea	036dea	LOAD	CAST(INT_ZEXT(INT_ADD(LEAF(register:0012:2:short),CONST(0xa,2))))
036dea	FUN_036dea	036e00	LOAD	CAST(INT_ZEXT(INT_ADD(SUBPIECE(PTRSUB(CONST(0x0,3),CONST(0xf56d,3)),CONST(0x0,4)),INT_ZEXT(MULTIEQUAL(COPY(CONST(0x0,1)),INT_ADD(LEAF(register:000c:1:byte),CONST(0x1,1)))))))
036dea	FUN_036dea	036e06	STORE	CAST(INT_ZEXT(INT_ADD(SUBPIECE(PTRSUB(CONST(0x0,3),CONST(0xf56d,3)),CONST(0x0,4)),INT_ZEXT(MULTIEQUAL(COPY(CONST(0x0,1)),INT_ADD(LEAF(register:000c:1:byte),CONST(0x1,1)))))))
036e14	FUN_036e14	032dba	STORE	CAST(INT_ZEXT(CAST(INT_ADD(SUBPIECE(PTRSUB(CONST(0x0,3),CONST(0xfc5a,3)),CONST(0x0,4)),INT_MULT(LEAF(register:0012:2:short),CONST(0x2,2))))))
036e14	FUN_036e14	036e14	LOAD	CAST(INT_ZEXT(INT_ADD(LEAF(register:0012:2:short),CONST(0xa,2))))
036e14	FUN_036e14	036e28	LOAD	CAST(INT_ZEXT(INT_ADD(SUBPIECE(PTRSUB(CONST(0x0,3),CONST(0xf56d,3)),CONST(0x0,4)),INT_ZEXT(MULTIEQUAL(COPY(CONST(0x0,1)),INT_ADD(LEAF(register:000c:1:byte),CONST(0x1,1)))))))
036e14	FUN_036e14	036e2e	STORE	CAST(INT_ZEXT(INT_ADD(SUBPIECE(PTRSUB(CONST(0x0,3),CONST(0xf56d,3)),CONST(0x0,4)),INT_ZEXT(MULTIEQUAL(COPY(CONST(0x0,1)),INT_ADD(LEAF(register:000c:1:byte),CONST(0x1,1)))))))
036e3c	FUN_036e3c	032dba	STORE	CAST(INT_ZEXT(CAST(INT_ADD(SUBPIECE(PTRSUB(CONST(0x0,3),CONST(0xfc5a,3)),CONST(0x0,4)),INT_MULT(LEAF(register:0012:2:short),CONST(0x2,2))))))
036e3c	FUN_036e3c	036e3c	LOAD	CAST(INT_ZEXT(INT_ADD(LEAF(register:0012:2:short),CONST(0xa,2))))
036e3c	FUN_036e3c	036e50	LOAD	CAST(INT_ZEXT(INT_ADD(SUBPIECE(PTRSUB(CONST(0x0,3),CONST(0xf56d,3)),CONST(0x0,4)),INT_ZEXT(MULTIEQUAL(COPY(CONST(0x0,1)),INT_ADD(LEAF(register:000c:1:byte),CONST(0x1,1)))))))
036e3c	FUN_036e3c	036e56	STORE	CAST(INT_ZEXT(INT_ADD(SUBPIECE(PTRSUB(CONST(0x0,3),CONST(0xf56d,3)),CONST(0x0,4)),INT_ZEXT(MULTIEQUAL(COPY(CONST(0x0,1)),INT_ADD(LEAF(register:000c:1:byte),CONST(0x1,1)))))))
036e64	FUN_036e64	032dba	STORE	CAST(INT_ZEXT(CAST(INT_ADD(SUBPIECE(PTRSUB(CONST(0x0,3),CONST(0xfc5a,3)),CONST(0x0,4)),INT_MULT(LEAF(register:0012:2:short),CONST(0x2,2))))))
036e64	FUN_036e64	036e64	LOAD	CAST(INT_ZEXT(INT_ADD(LEAF(register:0012:2:short),CONST(0xa,2))))
036e64	FUN_036e64	036e78	LOAD	CAST(INT_ZEXT(INT_ADD(SUBPIECE(PTRSUB(CONST(0x0,3),CONST(0xf56d,3)),CONST(0x0,4)),INT_ZEXT(MULTIEQUAL(COPY(CONST(0x0,1)),INT_ADD(LEAF(register:000c:1:byte),CONST(0x1,1)))))))
036e64	FUN_036e64	036e7e	STORE	CAST(INT_ZEXT(INT_ADD(SUBPIECE(PTRSUB(CONST(0x0,3),CONST(0xf56d,3)),CONST(0x0,4)),INT_ZEXT(MULTIEQUAL(COPY(CONST(0x0,1)),INT_ADD(LEAF(register:000c:1:byte),CONST(0x1,1)))))))
036e8c	FUN_036e8c	032dba	STORE	CAST(INT_ZEXT(CAST(INT_ADD(SUBPIECE(PTRSUB(CONST(0x0,3),CONST(0xfc5a,3)),CONST(0x0,4)),INT_MULT(LEAF(register:0012:2:short),CONST(0x2,2))))))
036e8c	FUN_036e8c	036e8c	LOAD	CAST(INT_ZEXT(INT_ADD(LEAF(register:0012:2:short),CONST(0xa,2))))
036e8c	FUN_036e8c	036ea0	LOAD	CAST(INT_ZEXT(INT_ADD(SUBPIECE(PTRSUB(CONST(0x0,3),CONST(0xf56d,3)),CONST(0x0,4)),INT_ZEXT(MULTIEQUAL(COPY(CONST(0x0,1)),INT_ADD(LEAF(register:000c:1:byte),CONST(0x1,1)))))))
036e8c	FUN_036e8c	036ea6	STORE	CAST(INT_ZEXT(INT_ADD(SUBPIECE(PTRSUB(CONST(0x0,3),CONST(0xf56d,3)),CONST(0x0,4)),INT_ZEXT(MULTIEQUAL(COPY(CONST(0x0,1)),INT_ADD(LEAF(register:000c:1:byte),CONST(0x1,1)))))))
036eb4	FUN_036eb4	032dba	STORE	CAST(INT_ZEXT(CAST(INT_ADD(SUBPIECE(PTRSUB(CONST(0x0,3),CONST(0xfc5a,3)),CONST(0x0,4)),INT_MULT(LEAF(register:0012:2:short),CONST(0x2,2))))))
036eb4	FUN_036eb4	036eb4	LOAD	CAST(INT_ZEXT(INT_ADD(LEAF(register:0012:2:short),CONST(0xa,2))))
036eb4	FUN_036eb4	036ec8	LOAD	CAST(INT_ZEXT(INT_ADD(SUBPIECE(PTRSUB(CONST(0x0,3),CONST(0xf56d,3)),CONST(0x0,4)),INT_ZEXT(MULTIEQUAL(COPY(CONST(0x0,1)),INT_ADD(LEAF(register:000c:1:byte),CONST(0x1,1)))))))
036eb4	FUN_036eb4	036ece	STORE	CAST(INT_ZEXT(INT_ADD(SUBPIECE(PTRSUB(CONST(0x0,3),CONST(0xf56d,3)),CONST(0x0,4)),INT_ZEXT(MULTIEQUAL(COPY(CONST(0x0,1)),INT_ADD(LEAF(register:000c:1:byte),CONST(0x1,1)))))))
036ef2	FUN_036ef2	0330a2	LOAD	CAST(INT_ZEXT(INT_ADD(SUBPIECE(PTRSUB(CONST(0x0,3),CONST(0xfc85,3)),CONST(0x0,4)),INT_MULT(MULTIEQUAL(LEAF(register:0012:2:ushort),CALL(LEAF(031eec:8:?),LEAF(Stack[0x2]:1:byte)),LEAF(register:0008:2:ushort),LEAF(register:0008:2:ushort),LEAF(register:0008:2:ushort)),CONST(0x4,2)))))
036ef2	FUN_036ef2	0330bc	LOAD	CAST(INT_ZEXT(INT_SUB(INT_MULT(MULTIEQUAL(LEAF(register:0012:2:ushort),CALL(LEAF(031eec:8:?),LEAF(Stack[0x2]:1:byte)),LEAF(register:0008:2:ushort),LEAF(register:0008:2:ushort),LEAF(register:0008:2:ushort)),CONST(0x4,2)),CONST(0x37e,2))))
036ef2	FUN_036ef2	0330f6	LOAD	CAST(INT_ZEXT(INT_SUB(INT_MULT(MULTIEQUAL(LEAF(register:0012:2:ushort),CALL(LEAF(031eec:8:?),LEAF(Stack[0x2]:1:byte)),LEAF(register:0008:2:ushort),LEAF(register:0008:2:ushort),LEAF(register:0008:2:ushort)),CONST(0x4,2)),CONST(0x37e,2))))
036ef2	FUN_036ef2	036f1e	LOAD	CAST(INT_ZEXT(INT_ADD(SUBPIECE(PTRSUB(CONST(0x0,3),CONST(0xf59e,3)),CONST(0x0,4)),INT_MULT(INT_AND(CALL(LEAF(031eec:8:?),LEAF(Stack[0x2]:1:byte)),CONST(0xff,2)),CONST(0x6,2)))))
036ef2	FUN_036ef2	036f30	LOAD	CAST(INT_ZEXT(INT_ADD(SUBPIECE(PTRSUB(CONST(0x0,3),CONST(0xf5c2,3)),CONST(0x0,4)),INT_MULT(INT_AND(CALL(LEAF(031eec:8:?),LEAF(Stack[0x2]:1:byte)),CONST(0xff,2)),CONST(0x6,2)))))
036ef2	FUN_036ef2	036f40	LOAD	CAST(INT_ZEXT(INT_ADD(SUBPIECE(PTRSUB(CONST(0x0,3),CONST(0xf5e6,3)),CONST(0x0,4)),INT_MULT(INT_AND(CALL(LEAF(031eec:8:?),LEAF(Stack[0x2]:1:byte)),CONST(0xff,2)),CONST(0x6,2)))))
036ef2	FUN_036ef2	036f94	LOAD	CAST(INT_ZEXT(INT_ADD(SUBPIECE(PTRSUB(CONST(0x0,3),CONST(0xf59e,3)),CONST(0x0,4)),INT_MULT(INT_AND(CALL(LEAF(031eec:8:?),LEAF(Stack[0x2]:1:byte)),CONST(0xff,2)),CONST(0x6,2)))))
036ef2	FUN_036ef2	036f9a	STORE	CAST(INT_ZEXT(INT_ADD(SUBPIECE(PTRSUB(CONST(0x0,3),CONST(0xf59e,3)),CONST(0x0,4)),INT_MULT(INT_AND(CALL(LEAF(031eec:8:?),LEAF(Stack[0x2]:1:byte)),CONST(0xff,2)),CONST(0x6,2)))))
036ef2	FUN_036ef2	036faa	LOAD	CAST(INT_ZEXT(INT_ADD(SUBPIECE(PTRSUB(CONST(0x0,3),CONST(0xea24,3)),CONST(0x0,4)),INT_MULT(INT_ZEXT(LEAF(Stack[0x2]:1:byte)),CONST(0xc,2)))))
036ef2	FUN_036ef2	036fde	LOAD	CAST(INT_ZEXT(INT_ADD(SUBPIECE(PTRSUB(CONST(0x0,3),CONST(0xf59e,3)),CONST(0x0,4)),INT_MULT(INT_AND(CALL(LEAF(031eec:8:?),LEAF(Stack[0x2]:1:byte)),CONST(0xff,2)),CONST(0x6,2)))))
036ef2	FUN_036ef2	03707e	STORE	CAST(INT_ZEXT(INT_ADD(SUBPIECE(PTRSUB(CONST(0x0,3),CONST(0xf59e,3)),CONST(0x0,4)),INT_MULT(INT_AND(CALL(LEAF(031eec:8:?),LEAF(Stack[0x2]:1:byte)),CONST(0xff,2)),CONST(0x6,2)))))
036ef2	FUN_036ef2	037094	STORE	CAST(INT_ZEXT(INT_ADD(SUBPIECE(PTRSUB(CONST(0x0,3),CONST(0xea24,3)),CONST(0x0,4)),INT_MULT(INT_ZEXT(LEAF(Stack[0x2]:1:byte)),CONST(0xc,2)))))
036ef2	FUN_036ef2	037238	LOAD	CAST(INT_ZEXT(INT_ADD(SUBPIECE(PTRSUB(CONST(0x0,3),CONST(0xf5e6,3)),CONST(0x0,4)),INT_MULT(INT_AND(MULTIEQUAL(LEAF(register:0010:2:ushort),INT_ZEXT(LOAD(CONST(0x1f1,4),CAST(INT_ZEXT(INT_ADD(SUBPIECE(PTRSUB(CONST(0x0,3),CONST(0xf59e,3)),CONST(0x0,4)),INT_MULT(INT_AND(CALL(LEAF(031eec:8:?),LEAF(Stack[0x2]:1:byte)),CONST(0xff,2)),CONST(0x6,2))))))),LEAF(register:0008:2:ushort),LEAF(register:0008:2:ushort),LEAF(register:0010:2:ushort)),CONST(0xff,2)),CONST(0x6,2)))))
036ef2	FUN_036ef2	037298	STORE	CAST(INT_ZEXT(INT_ADD(SUBPIECE(PTRSUB(CONST(0x0,3),CONST(0xf5e6,3)),CONST(0x0,4)),INT_MULT(INT_AND(MULTIEQUAL(LEAF(register:0010:2:ushort),INT_ZEXT(LOAD(CONST(0x1f1,4),CAST(INT_ZEXT(INT_ADD(SUBPIECE(PTRSUB(CONST(0x0,3),CONST(0xf59e,3)),CONST(0x0,4)),INT_MULT(INT_AND(CALL(LEAF(031eec:8:?),LEAF(Stack[0x2]:1:byte)),CONST(0xff,2)),CONST(0x6,2))))))),LEAF(register:0008:2:ushort),LEAF(register:0008:2:ushort),LEAF(register:0010:2:ushort)),CONST(0xff,2)),CONST(0x6,2)))))
036ef2	FUN_036ef2	0372ac	STORE	CAST(INT_ZEXT(INT_ADD(SUBPIECE(PTRSUB(CONST(0x0,3),CONST(0xea24,3)),CONST(0x0,4)),INT_MULT(INT_AND(MULTIEQUAL(MULTIEQUAL(LEAF(register:0012:2:ushort),CALL(LEAF(031eec:8:?),LEAF(Stack[0x2]:1:byte)),LEAF(register:0008:2:ushort),LEAF(register:0008:2:ushort),LEAF(register:0008:2:ushort)),LEAF(register:0012:2:ushort),COPY(CONST(0x6,2)),LEAF(register:0012:2:ushort),LEAF(register:0012:2:ushort)),CONST(0xff,2)),CONST(0xc,2)))))
0372d2	FUN_0372d2	0372f6	LOAD	CAST(INT_ZEXT(INT_ADD(SUBPIECE(PTRSUB(CONST(0x0,3),CONST(0xf60a,3)),CONST(0x0,4)),INT_MULT(INT_ZEXT(INT_SUB(CALL(LEAF(031eec:8:?),LEAF(register:0010:1:byte)),CONST(0x6,1))),CONST(0x6,2)))))
0372d2	FUN_0372d2	037312	LOAD	CAST(INT_ZEXT(INT_ADD(SUBPIECE(PTRSUB(CONST(0x0,3),CONST(0xf60a,3)),CONST(0x0,4)),INT_MULT(INT_ZEXT(INT_SUB(CALL(LEAF(031eec:8:?),LEAF(register:0010:1:byte)),CONST(0x6,1))),CONST(0x6,2)))))
0372d2	FUN_0372d2	037318	STORE	CAST(INT_ZEXT(INT_ADD(SUBPIECE(PTRSUB(CONST(0x0,3),CONST(0xf60a,3)),CONST(0x0,4)),INT_MULT(INT_ZEXT(INT_SUB(CALL(LEAF(031eec:8:?),LEAF(register:0010:1:byte)),CONST(0x6,1))),CONST(0x6,2)))))
0372d2	FUN_0372d2	037326	LOAD	CAST(INT_ZEXT(INT_ADD(SUBPIECE(PTRSUB(CONST(0x0,3),CONST(0xea24,3)),CONST(0x0,4)),INT_MULT(INT_ZEXT(LEAF(register:0010:1:byte)),CONST(0xc,2)))))
0372d2	FUN_0372d2	037356	LOAD	CAST(INT_ZEXT(INT_ADD(SUBPIECE(PTRSUB(CONST(0x0,3),CONST(0xf60a,3)),CONST(0x0,4)),INT_MULT(INT_ZEXT(INT_SUB(CALL(LEAF(031eec:8:?),LEAF(register:0010:1:byte)),CONST(0x6,1))),CONST(0x6,2)))))
0372d2	FUN_0372d2	0373a6	STORE	CAST(INT_ZEXT(INT_ADD(SUBPIECE(PTRSUB(CONST(0x0,3),CONST(0xf60a,3)),CONST(0x0,4)),INT_MULT(INT_ZEXT(INT_SUB(CALL(LEAF(031eec:8:?),LEAF(register:0010:1:byte)),CONST(0x6,1))),CONST(0x6,2)))))
0372d2	FUN_0372d2	0373ba	STORE	CAST(INT_ZEXT(INT_ADD(SUBPIECE(PTRSUB(CONST(0x0,3),CONST(0xea24,3)),CONST(0x0,4)),INT_MULT(INT_ZEXT(LEAF(register:0010:1:byte)),CONST(0xc,2)))))
0373b4	FUN_0373b4	0373ba	STORE	CAST(INT_ZEXT(CAST(INT_ADD(SUBPIECE(PTRSUB(CONST(0x0,3),CONST(0xea24,3)),CONST(0x0,4)),INT_MULT(INT_SUB(INT_MULT(LEAF(register:0004:2:short),CONST(0x4,2)),LEAF(register:000a:2:short)),CONST(0x4,2))))))
037902	FUN_037902	03792c	LOAD	CAST(INT_ZEXT(INT_ADD(SUBPIECE(PTRSUB(CONST(0x0,3),CONST(0xac28,3)),CONST(0x0,4)),INT_ZEXT(MULTIEQUAL(COPY(CONST(0x0,1)),INT_ADD(MULTIEQUAL(COPY(CONST(0x6,1)),LEAF(register:000e:1:byte)),CONST(0x1,1)))))))
037902	FUN_037902	03793a	LOAD	CAST(INT_ZEXT(INT_ADD(SUBPIECE(PTRSUB(CONST(0x0,3),CONST(0xea24,3)),CONST(0x0,4)),INT_MULT(INT_ZEXT(LOAD(CONST(0x1f1,4),CAST(INT_ZEXT(INT_ADD(SUBPIECE(PTRSUB(CONST(0x0,3),CONST(0xac28,3)),CONST(0x0,4)),INT_ZEXT(MULTIEQUAL(COPY(CONST(0x0,1)),INT_ADD(MULTIEQUAL(COPY(CONST(0x6,1)),LEAF(register:000e:1:byte)),CONST(0x1,1))))))))),CONST(0xc,2)))))
037902	FUN_037902	03794c	STORE	CAST(INT_ZEXT(INT_ADD(SUBPIECE(PTRSUB(CONST(0x0,3),CONST(0xf73e,3)),CONST(0x0,4)),INT_AND(MULTIEQUAL(COPY(CONST(0x0,2)),MULTIEQUAL(INT_ADD(LEAF(register:0010:2:ushort),CONST(0x2,2)),LEAF(register:0010:2:ushort))),CONST(0xff,2)))))
037902	FUN_037902	03795a	STORE	CAST(INT_ZEXT(INT_ADD(SUBPIECE(PTRSUB(CONST(0x0,3),CONST(0xf73e,3)),CONST(0x0,4)),INT_AND(INT_ADD(MULTIEQUAL(COPY(CONST(0x0,2)),MULTIEQUAL(INT_ADD(LEAF(register:0010:2:ushort),CONST(0x2,2)),LEAF(register:0010:2:ushort))),CONST(0x1,2)),CONST(0xff,2)))))
037902	FUN_037902	03796a	LOAD	CAST(INT_ZEXT(INT_ADD(SUBPIECE(PTRSUB(CONST(0x0,3),CONST(0xac28,3)),CONST(0x0,4)),INT_ZEXT(MULTIEQUAL(COPY(CONST(0x0,1)),INT_ADD(MULTIEQUAL(COPY(CONST(0xd,1)),LEAF(register:000e:1:byte)),CONST(0x1,1)))))))
037902	FUN_037902	037978	LOAD	CAST(INT_ZEXT(INT_ADD(SUBPIECE(PTRSUB(CONST(0x0,3),CONST(0xea24,3)),CONST(0x0,4)),INT_MULT(INT_ZEXT(LOAD(CONST(0x1f1,4),CAST(INT_ZEXT(INT_ADD(SUBPIECE(PTRSUB(CONST(0x0,3),CONST(0xac28,3)),CONST(0x0,4)),INT_ZEXT(MULTIEQUAL(COPY(CONST(0x0,1)),INT_ADD(MULTIEQUAL(COPY(CONST(0xd,1)),LEAF(register:000e:1:byte)),CONST(0x1,1))))))))),CONST(0xc,2)))))
037902	FUN_037902	037992	STORE	CAST(INT_ZEXT(INT_ADD(SUBPIECE(PTRSUB(CONST(0x0,3),CONST(0xf73e,3)),CONST(0x0,4)),INT_AND(MULTIEQUAL(MULTIEQUAL(MULTIEQUAL(INT_ADD(MULTIEQUAL(COPY(CONST(0x0,2)),LEAF(register:0010:2:ushort)),CONST(0x2,2)),LEAF(register:0010:2:ushort)),LEAF(register:0010:2:ushort)),MULTIEQUAL(INT_ADD(LEAF(register:0010:2:ushort),CONST(0x2,2)),LEAF(register:0010:2:ushort))),CONST(0xff,2)))))
037902	FUN_037902	0379a0	STORE	CAST(INT_ZEXT(INT_ADD(SUBPIECE(PTRSUB(CONST(0x0,3),CONST(0xf73e,3)),CONST(0x0,4)),INT_AND(INT_ADD(MULTIEQUAL(MULTIEQUAL(MULTIEQUAL(INT_ADD(MULTIEQUAL(COPY(CONST(0x0,2)),LEAF(register:0010:2:ushort)),CONST(0x2,2)),LEAF(register:0010:2:ushort)),LEAF(register:0010:2:ushort)),MULTIEQUAL(INT_ADD(LEAF(register:0010:2:ushort),CONST(0x2,2)),LEAF(register:0010:2:ushort))),CONST(0x1,2)),CONST(0xff,2)))))
037902	FUN_037902	0379b4	LOAD	CAST(INT_ZEXT(INT_ADD(SUBPIECE(PTRSUB(CONST(0x0,3),CONST(0xf56d,3)),CONST(0x0,4)),INT_ZEXT(MULTIEQUAL(COPY(CONST(0x0,1)),INT_ADD(LEAF(register:000e:1:byte),CONST(0x1,1)))))))
037902	FUN_037902	0379d6	STORE	CAST(INT_ZEXT(INT_ADD(SUBPIECE(PTRSUB(CONST(0x0,3),CONST(0xf73e,3)),CONST(0x0,4)),INT_AND(MULTIEQUAL(INT_ADD(MULTIEQUAL(MULTIEQUAL(MULTIEQUAL(INT_ADD(MULTIEQUAL(COPY(CONST(0x0,2)),LEAF(register:0010:2:ushort)),CONST(0x2,2)),LEAF(register:0010:2:ushort)),LEAF(register:0010:2:ushort)),LEAF(register:0010:2:ushort)),CONST(0x2,2)),LEAF(register:0010:2:ushort)),CONST(0xff,2)))))
037902	FUN_037902	0379e2	STORE	CAST(INT_ZEXT(INT_ADD(SUBPIECE(PTRSUB(CONST(0x0,3),CONST(0xf73e,3)),CONST(0x0,4)),INT_AND(INT_ADD(MULTIEQUAL(INT_ADD(MULTIEQUAL(MULTIEQUAL(MULTIEQUAL(INT_ADD(MULTIEQUAL(COPY(CONST(0x0,2)),LEAF(register:0010:2:ushort)),CONST(0x2,2)),LEAF(register:0010:2:ushort)),LEAF(register:0010:2:ushort)),LEAF(register:0010:2:ushort)),CONST(0x2,2)),LEAF(register:0010:2:ushort)),CONST(0x1,2)),CONST(0xff,2)))))
0379ea	FUN_0379ea	0379f8	STORE	CAST(INT_ZEXT(INT_ADD(SUBPIECE(PTRSUB(CONST(0x0,3),CONST(0xf73e,3)),CONST(0x0,4)),INT_ZEXT(LEAF(register:0010:1:byte)))))
0379ea	FUN_0379ea	037a02	STORE	CAST(INT_ZEXT(INT_ADD(SUBPIECE(PTRSUB(CONST(0x0,3),CONST(0xf73e,3)),CONST(0x0,4)),INT_ZEXT(CAST(INT_ADD(LEAF(register:0010:1:byte),CONST(0x1,1)))))))
0379ea	FUN_0379ea	037a1c	LOAD	CAST(INT_ZEXT(INT_ADD(SUBPIECE(PTRSUB(CONST(0x0,3),CONST(0xeeaa,3)),CONST(0x0,4)),INT_ZEXT(INT_SUB(LEAF(00dbea:1:byte),CONST(0x1,1))))))
0379ea	FUN_0379ea	037a2a	LOAD	CAST(INT_ZEXT(INT_ADD(SUBPIECE(PTRSUB(CONST(0x0,3),CONST(0xea24,3)),CONST(0x0,4)),INT_MULT(INT_ZEXT(LOAD(CONST(0x1f1,4),CAST(INT_ZEXT(INT_ADD(SUBPIECE(PTRSUB(CONST(0x0,3),CONST(0xeeaa,3)),CONST(0x0,4)),INT_ZEXT(INT_SUB(LEAF(00dbea:1:byte),CONST(0x1,1)))))))),CONST(0xc,2)))))
0379ea	FUN_0379ea	037a36	LOAD	CAST(INT_ZEXT(INT_ADD(SUBPIECE(PTRSUB(CONST(0x0,3),CONST(0xeeaa,3)),CONST(0x0,4)),INT_ZEXT(INT_SUB(LEAF(00dbea:1:byte),CONST(0x1,1))))))
0379ea	FUN_0379ea	037a3e	LOAD	CAST(INT_ZEXT(INT_ADD(SUBPIECE(PTRSUB(CONST(0x0,3),CONST(0xa5cd,3)),CONST(0x0,4)),INT_MULT(INT_ZEXT(LOAD(CONST(0x1f1,4),CAST(INT_ZEXT(INT_ADD(SUBPIECE(PTRSUB(CONST(0x0,3),CONST(0xeeaa,3)),CONST(0x0,4)),INT_ZEXT(INT_SUB(LEAF(00dbea:1:byte),CONST(0x1,1)))))))),CONST(0x10,2)))))
0379ea	FUN_0379ea	037a56	LOAD	CAST(INT_ZEXT(INT_ADD(SUBPIECE(PTRSUB(CONST(0x0,3),CONST(0xeeaa,3)),CONST(0x0,4)),INT_ZEXT(INT_SUB(LEAF(00dbea:1:byte),CONST(0x1,1))))))
0379ea	FUN_0379ea	037a64	LOAD	CAST(INT_ZEXT(INT_ADD(SUBPIECE(PTRSUB(CONST(0x0,3),CONST(0xea1a,3)),CONST(0x0,4)),INT_MULT(INT_ZEXT(LOAD(CONST(0x1f1,4),CAST(INT_ZEXT(INT_ADD(SUBPIECE(PTRSUB(CONST(0x0,3),CONST(0xeeaa,3)),CONST(0x0,4)),INT_ZEXT(INT_SUB(LEAF(00dbea:1:byte),CONST(0x1,1)))))))),CONST(0xc,2)))))
0379ea	FUN_0379ea	037a74	LOAD	CAST(INT_ZEXT(INT_ADD(SUBPIECE(PTRSUB(CONST(0x0,3),CONST(0xeeaa,3)),CONST(0x0,4)),INT_ZEXT(INT_SUB(LEAF(00dbea:1:byte),CONST(0x1,1))))))
0379ea	FUN_0379ea	037a7c	LOAD	CAST(INT_ZEXT(INT_ADD(SUBPIECE(PTRSUB(CONST(0x0,3),CONST(0xa5cd,3)),CONST(0x0,4)),INT_MULT(INT_ZEXT(LOAD(CONST(0x1f1,4),CAST(INT_ZEXT(INT_ADD(SUBPIECE(PTRSUB(CONST(0x0,3),CONST(0xeeaa,3)),CONST(0x0,4)),INT_ZEXT(INT_SUB(LEAF(00dbea:1:byte),CONST(0x1,1)))))))),CONST(0x10,2)))))
0379ea	FUN_0379ea	037a8a	LOAD	CAST(INT_ZEXT(INT_ADD(SUBPIECE(PTRSUB(CONST(0x0,3),CONST(0xeeaa,3)),CONST(0x0,4)),INT_ZEXT(INT_SUB(LEAF(00dbea:1:byte),CONST(0x1,1))))))
0379ea	FUN_0379ea	037a98	LOAD	CAST(INT_ZEXT(INT_ADD(SUBPIECE(PTRSUB(CONST(0x0,3),CONST(0xea1a,3)),CONST(0x0,4)),INT_MULT(INT_ZEXT(LOAD(CONST(0x1f1,4),CAST(INT_ZEXT(INT_ADD(SUBPIECE(PTRSUB(CONST(0x0,3),CONST(0xeeaa,3)),CONST(0x0,4)),INT_ZEXT(INT_SUB(LEAF(00dbea:1:byte),CONST(0x1,1)))))))),CONST(0xc,2)))))
0379ea	FUN_0379ea	037aa4	LOAD	CAST(INT_ZEXT(INT_ADD(SUBPIECE(PTRSUB(CONST(0x0,3),CONST(0xeeaa,3)),CONST(0x0,4)),INT_ZEXT(INT_SUB(LEAF(00dbea:1:byte),CONST(0x1,1))))))
0379ea	FUN_0379ea	037aac	LOAD	CAST(INT_ZEXT(INT_ADD(INT_MULT(INT_ZEXT(LOAD(CONST(0x1f1,4),CAST(INT_ZEXT(INT_ADD(SUBPIECE(PTRSUB(CONST(0x0,3),CONST(0xeeaa,3)),CONST(0x0,4)),INT_ZEXT(INT_SUB(LEAF(00dbea:1:byte),CONST(0x1,1)))))))),CONST(0x10,2)),CONST(0xa5ce,2))))
0379ea	FUN_0379ea	037ab8	STORE	CAST(INT_ZEXT(INT_ADD(SUBPIECE(PTRSUB(CONST(0x0,3),CONST(0xf73e,3)),CONST(0x0,4)),INT_ZEXT(LEAF(register:0010:1:byte)))))
0379ea	FUN_0379ea	037ac0	LOAD	CAST(INT_ZEXT(INT_ADD(SUBPIECE(PTRSUB(CONST(0x0,3),CONST(0xeeaa,3)),CONST(0x0,4)),INT_ZEXT(INDIRECT(INT_SUB(LEAF(00dbea:1:byte),CONST(0x1,1)),CONST(0x123e,4))))))
0379ea	FUN_0379ea	037ac8	LOAD	CAST(INT_ZEXT(INT_ADD(INT_MULT(INT_ZEXT(LOAD(CONST(0x1f1,4),CAST(INT_ZEXT(INT_ADD(SUBPIECE(PTRSUB(CONST(0x0,3),CONST(0xeeaa,3)),CONST(0x0,4)),INT_ZEXT(INDIRECT(INT_SUB(LEAF(00dbea:1:byte),CONST(0x1,1)),CONST(0x123e,4)))))))),CONST(0x10,2)),CONST(0xa5ce,2))))
0379ea	FUN_0379ea	037ad2	STORE	CAST(INT_ZEXT(INT_ADD(SUBPIECE(PTRSUB(CONST(0x0,3),CONST(0xf73e,3)),CONST(0x0,4)),INT_ZEXT(INT_ADD(LEAF(register:0010:1:byte),CONST(0x1,1))))))
0379ea	FUN_0379ea	037adc	LOAD	CAST(INT_ZEXT(INT_ADD(SUBPIECE(PTRSUB(CONST(0x0,3),CONST(0xeeaa,3)),CONST(0x0,4)),INT_ZEXT(INT_SUB(LEAF(00dbea:1:byte),CONST(0x1,1))))))
0379ea	FUN_0379ea	037aea	LOAD	CAST(INT_ZEXT(INT_ADD(SUBPIECE(PTRSUB(CONST(0x0,3),CONST(0xea1a,3)),CONST(0x0,4)),INT_MULT(INT_ZEXT(LOAD(CONST(0x1f1,4),CAST(INT_ZEXT(INT_ADD(SUBPIECE(PTRSUB(CONST(0x0,3),CONST(0xeeaa,3)),CONST(0x0,4)),INT_ZEXT(INT_SUB(LEAF(00dbea:1:byte),CONST(0x1,1)))))))),CONST(0xc,2)))))
0379ea	FUN_0379ea	037af6	LOAD	CAST(INT_ZEXT(INT_ADD(SUBPIECE(PTRSUB(CONST(0x0,3),CONST(0xeeaa,3)),CONST(0x0,4)),INT_ZEXT(INT_SUB(LEAF(00dbea:1:byte),CONST(0x1,1))))))
0379ea	FUN_0379ea	037afe	LOAD	CAST(INT_ZEXT(INT_ADD(INT_MULT(INT_ZEXT(LOAD(CONST(0x1f1,4),CAST(INT_ZEXT(INT_ADD(SUBPIECE(PTRSUB(CONST(0x0,3),CONST(0xeeaa,3)),CONST(0x0,4)),INT_ZEXT(INT_SUB(LEAF(00dbea:1:byte),CONST(0x1,1)))))))),CONST(0x10,2)),CONST(0xa5d0,2))))
0379ea	FUN_0379ea	037b0a	STORE	CAST(INT_ZEXT(INT_ADD(SUBPIECE(PTRSUB(CONST(0x0,3),CONST(0xf73e,3)),CONST(0x0,4)),INT_ZEXT(LEAF(register:0010:1:byte)))))
0379ea	FUN_0379ea	037b12	LOAD	CAST(INT_ZEXT(INT_ADD(SUBPIECE(PTRSUB(CONST(0x0,3),CONST(0xeeaa,3)),CONST(0x0,4)),INT_ZEXT(INDIRECT(INT_SUB(LEAF(00dbea:1:byte),CONST(0x1,1)),CONST(0xfec,4))))))
0379ea	FUN_0379ea	037b1a	LOAD	CAST(INT_ZEXT(INT_ADD(INT_MULT(INT_ZEXT(LOAD(CONST(0x1f1,4),CAST(INT_ZEXT(INT_ADD(SUBPIECE(PTRSUB(CONST(0x0,3),CONST(0xeeaa,3)),CONST(0x0,4)),INT_ZEXT(INDIRECT(INT_SUB(LEAF(00dbea:1:byte),CONST(0x1,1)),CONST(0xfec,4)))))))),CONST(0x10,2)),CONST(0xa5d0,2))))
0379ea	FUN_0379ea	037b24	STORE	CAST(INT_ZEXT(INT_ADD(SUBPIECE(PTRSUB(CONST(0x0,3),CONST(0xf73e,3)),CONST(0x0,4)),INT_ZEXT(INT_ADD(LEAF(register:0010:1:byte),CONST(0x1,1))))))
0379ea	FUN_0379ea	037b2e	LOAD	CAST(INT_ZEXT(INT_ADD(SUBPIECE(PTRSUB(CONST(0x0,3),CONST(0xeeaa,3)),CONST(0x0,4)),INT_ZEXT(INT_SUB(LEAF(00dbea:1:byte),CONST(0x1,1))))))
0379ea	FUN_0379ea	037b36	LOAD	CAST(INT_ZEXT(INT_ADD(INT_MULT(INT_ZEXT(LOAD(CONST(0x1f1,4),CAST(INT_ZEXT(INT_ADD(SUBPIECE(PTRSUB(CONST(0x0,3),CONST(0xeeaa,3)),CONST(0x0,4)),INT_ZEXT(INT_SUB(LEAF(00dbea:1:byte),CONST(0x1,1)))))))),CONST(0x10,2)),CONST(0xa5d2,2))))
0379ea	FUN_0379ea	037b42	STORE	CAST(INT_ZEXT(INT_ADD(SUBPIECE(PTRSUB(CONST(0x0,3),CONST(0xf73e,3)),CONST(0x0,4)),INT_ZEXT(LEAF(register:0010:1:byte)))))
0379ea	FUN_0379ea	037b4a	LOAD	CAST(INT_ZEXT(INT_ADD(SUBPIECE(PTRSUB(CONST(0x0,3),CONST(0xeeaa,3)),CONST(0x0,4)),INT_ZEXT(INDIRECT(INT_SUB(LEAF(00dbea:1:byte),CONST(0x1,1)),CONST(0xd9e,4))))))
0379ea	FUN_0379ea	037b52	LOAD	CAST(INT_ZEXT(INT_ADD(INT_MULT(INT_ZEXT(LOAD(CONST(0x1f1,4),CAST(INT_ZEXT(INT_ADD(SUBPIECE(PTRSUB(CONST(0x0,3),CONST(0xeeaa,3)),CONST(0x0,4)),INT_ZEXT(INDIRECT(INT_SUB(LEAF(00dbea:1:byte),CONST(0x1,1)),CONST(0xd9e,4)))))))),CONST(0x10,2)),CONST(0xa5d2,2))))
0379ea	FUN_0379ea	037b5c	STORE	CAST(INT_ZEXT(INT_ADD(SUBPIECE(PTRSUB(CONST(0x0,3),CONST(0xf73e,3)),CONST(0x0,4)),INT_ZEXT(INT_ADD(LEAF(register:0010:1:byte),CONST(0x1,1))))))
037c66	FUN_037c66	037c66	LOAD	CAST(INT_ZEXT(INT_ADD(LEAF(register:0012:2:short),CONST(0xb1,2))))
037c78	FUN_037c78	037c78	LOAD	CAST(INT_ZEXT(INT_ADD(LEAF(register:0012:2:short),CONST(0xb0,2))))
037c88	FUN_037c88	037c88	LOAD	CAST(INT_ZEXT(INT_ADD(LEAF(register:0012:2:short),CONST(0xad,2))))
037c88	FUN_037c88	037c90	LOAD	CAST(INT_ZEXT(INT_ADD(LEAF(register:0012:2:short),CONST(0xaf,2))))
037c9c	FUN_037c9c	037c9c	LOAD	CAST(INT_ZEXT(INT_ADD(LEAF(register:0012:2:short),CONST(0xac,2))))
037c9c	FUN_037c9c	037ca4	LOAD	CAST(INT_ZEXT(INT_ADD(LEAF(register:0012:2:short),CONST(0xae,2))))
037cb0	FUN_037cb0	037cb0	LOAD	CAST(INT_ZEXT(INT_ADD(LEAF(register:0012:2:short),CONST(0xaa,2))))
037cb0	FUN_037cb0	037cb8	LOAD	CAST(INT_ZEXT(INT_ADD(LEAF(register:0012:2:short),CONST(0xab,2))))
037e26	FUN_037e26	037e2a	LOAD	CAST(INT_ZEXT(INT_ADD(SUBPIECE(PTRSUB(CONST(0x0,3),CONST(0xeeaa,3)),CONST(0x0,4)),INT_ZEXT(MULTIEQUAL(LEAF(register:001a:1:byte),INT_ADD(LEAF(register:001a:1:byte),CONST(0x1,1)))))))
037e26	FUN_037e26	037e32	LOAD	CAST(INT_ZEXT(INT_ADD(SUBPIECE(PTRSUB(CONST(0x0,3),CONST(0xa5cd,3)),CONST(0x0,4)),INT_MULT(INT_ZEXT(LOAD(CONST(0x1f1,4),CAST(INT_ZEXT(INT_ADD(SUBPIECE(PTRSUB(CONST(0x0,3),CONST(0xeeaa,3)),CONST(0x0,4)),INT_ZEXT(MULTIEQUAL(LEAF(register:001a:1:byte),INT_ADD(LEAF(register:001a:1:byte),CONST(0x1,1))))))))),CONST(0x10,2)))))
037e26	FUN_037e26	037e40	LOAD	CAST(INT_ZEXT(INT_ADD(SUBPIECE(PTRSUB(CONST(0x0,3),CONST(0xeeaa,3)),CONST(0x0,4)),INT_ZEXT(MULTIEQUAL(LEAF(register:001a:1:byte),INT_ADD(LEAF(register:001a:1:byte),CONST(0x1,1)))))))
037e26	FUN_037e26	037e4e	LOAD	CAST(INT_ZEXT(INT_ADD(SUBPIECE(PTRSUB(CONST(0x0,3),CONST(0xea24,3)),CONST(0x0,4)),INT_MULT(INT_ZEXT(LOAD(CONST(0x1f1,4),CAST(INT_ZEXT(INT_ADD(SUBPIECE(PTRSUB(CONST(0x0,3),CONST(0xeeaa,3)),CONST(0x0,4)),INT_ZEXT(MULTIEQUAL(LEAF(register:001a:1:byte),INT_ADD(LEAF(register:001a:1:byte),CONST(0x1,1))))))))),CONST(0xc,2)))))
037e26	FUN_037e26	037e60	LOAD	CAST(INT_ZEXT(INT_ADD(SUBPIECE(PTRSUB(CONST(0x0,3),CONST(0xeeaa,3)),CONST(0x0,4)),INT_ZEXT(MULTIEQUAL(LEAF(register:001a:1:byte),INT_ADD(LEAF(register:001a:1:byte),CONST(0x1,1)))))))
037e26	FUN_037e26	037e6e	LOAD	CAST(INT_ZEXT(INT_ADD(SUBPIECE(PTRSUB(CONST(0x0,3),CONST(0xea24,3)),CONST(0x0,4)),INT_MULT(INT_ZEXT(LOAD(CONST(0x1f1,4),CAST(INT_ZEXT(INT_ADD(SUBPIECE(PTRSUB(CONST(0x0,3),CONST(0xeeaa,3)),CONST(0x0,4)),INT_ZEXT(MULTIEQUAL(LEAF(register:001a:1:byte),INT_ADD(LEAF(register:001a:1:byte),CONST(0x1,1))))))))),CONST(0xc,2)))))
037e26	FUN_037e26	037ec0	LOAD	CAST(INT_ZEXT(INT_ADD(MULTIEQUAL(COPY(CONST(0x0,2)),INT_ZEXT(CAST(INT_ADD(MULTIEQUAL(COPY(CONST(0x2,1)),SUBPIECE(LEAF(register:001a:2:ushort),CONST(0x0,4))),CONST(0x1,1))))),CONST(0xac18,2))))
037e26	FUN_037e26	037eca	LOAD	CAST(INT_ZEXT(INT_ADD(SUBPIECE(PTRSUB(CONST(0x0,3),CONST(0xf664,3)),CONST(0x0,4)),INT_MULT(INT_ZEXT(INT_RIGHT(LOAD(CONST(0x1f1,4),CAST(INT_ZEXT(INT_ADD(MULTIEQUAL(COPY(CONST(0x0,2)),INT_ZEXT(CAST(INT_ADD(MULTIEQUAL(COPY(CONST(0x2,1)),SUBPIECE(LEAF(register:001a:2:ushort),CONST(0x0,4))),CONST(0x1,1))))),CONST(0xac18,2))))),CONST(0x4,4))),CONST(0x2,2)))))
037e26	FUN_037e26	037ed2	LOAD	CAST(INT_ZEXT(INT_ADD(MULTIEQUAL(COPY(CONST(0x0,2)),INT_ZEXT(CAST(INT_ADD(MULTIEQUAL(COPY(CONST(0x2,1)),SUBPIECE(LEAF(register:001a:2:ushort),CONST(0x0,4))),CONST(0x1,1))))),CONST(0xac18,2))))
037e26	FUN_037e26	037efe	LOAD	CAST(INT_ZEXT(INT_ADD(MULTIEQUAL(COPY(CONST(0x0,2)),INT_ZEXT(CAST(INT_ADD(MULTIEQUAL(COPY(CONST(0x5,1)),SUBPIECE(LEAF(register:001a:2:ushort),CONST(0x0,4))),CONST(0x1,1))))),CONST(0xac1a,2))))
037e26	FUN_037e26	037f08	LOAD	CAST(INT_ZEXT(INT_ADD(SUBPIECE(PTRSUB(CONST(0x0,3),CONST(0xf664,3)),CONST(0x0,4)),INT_MULT(INT_ZEXT(INT_RIGHT(LOAD(CONST(0x1f1,4),CAST(INT_ZEXT(INT_ADD(MULTIEQUAL(COPY(CONST(0x0,2)),INT_ZEXT(CAST(INT_ADD(MULTIEQUAL(COPY(CONST(0x5,1)),SUBPIECE(LEAF(register:001a:2:ushort),CONST(0x0,4))),CONST(0x1,1))))),CONST(0xac1a,2))))),CONST(0x4,4))),CONST(0x2,2)))))
037e26	FUN_037e26	037f10	LOAD	CAST(INT_ZEXT(INT_ADD(MULTIEQUAL(COPY(CONST(0x0,2)),INT_ZEXT(CAST(INT_ADD(MULTIEQUAL(COPY(CONST(0x5,1)),SUBPIECE(LEAF(register:001a:2:ushort),CONST(0x0,4))),CONST(0x1,1))))),CONST(0xac1a,2))))
037e26	FUN_037e26	037f3c	LOAD	CAST(INT_ZEXT(INT_ADD(MULTIEQUAL(COPY(CONST(0x0,2)),INT_ZEXT(CAST(INT_ADD(MULTIEQUAL(COPY(CONST(0x3,1)),SUBPIECE(LEAF(register:001a:2:ushort),CONST(0x0,4))),CONST(0x1,1))))),CONST(0xac1f,2))))
037e26	FUN_037e26	037f46	LOAD	CAST(INT_ZEXT(INT_ADD(SUBPIECE(PTRSUB(CONST(0x0,3),CONST(0xf664,3)),CONST(0x0,4)),INT_MULT(INT_ZEXT(INT_RIGHT(LOAD(CONST(0x1f1,4),CAST(INT_ZEXT(INT_ADD(MULTIEQUAL(COPY(CONST(0x0,2)),INT_ZEXT(CAST(INT_ADD(MULTIEQUAL(COPY(CONST(0x3,1)),SUBPIECE(LEAF(register:001a:2:ushort),CONST(0x0,4))),CONST(0x1,1))))),CONST(0xac1f,2))))),CONST(0x4,4))),CONST(0x2,2)))))
037e26	FUN_037e26	037f4e	LOAD	CAST(INT_ZEXT(INT_ADD(MULTIEQUAL(COPY(CONST(0x0,2)),INT_ZEXT(CAST(INT_ADD(MULTIEQUAL(COPY(CONST(0x3,1)),SUBPIECE(LEAF(register:001a:2:ushort),CONST(0x0,4))),CONST(0x1,1))))),CONST(0xac1f,2))))
037e26	FUN_037e26	037f7a	LOAD	CAST(INT_ZEXT(INT_ADD(MULTIEQUAL(COPY(CONST(0x0,2)),INT_ZEXT(CAST(INT_ADD(MULTIEQUAL(COPY(CONST(0x4,1)),SUBPIECE(LEAF(register:001a:2:ushort),CONST(0x0,4))),CONST(0x1,1))))),CONST(0xac22,2))))
037e26	FUN_037e26	037f84	LOAD	CAST(INT_ZEXT(INT_ADD(SUBPIECE(PTRSUB(CONST(0x0,3),CONST(0xf664,3)),CONST(0x0,4)),INT_MULT(INT_ZEXT(INT_RIGHT(LOAD(CONST(0x1f1,4),CAST(INT_ZEXT(INT_ADD(MULTIEQUAL(COPY(CONST(0x0,2)),INT_ZEXT(CAST(INT_ADD(MULTIEQUAL(COPY(CONST(0x4,1)),SUBPIECE(LEAF(register:001a:2:ushort),CONST(0x0,4))),CONST(0x1,1))))),CONST(0xac22,2))))),CONST(0x4,4))),CONST(0x2,2)))))
037e26	FUN_037e26	037f8c	LOAD	CAST(INT_ZEXT(INT_ADD(MULTIEQUAL(COPY(CONST(0x0,2)),INT_ZEXT(CAST(INT_ADD(MULTIEQUAL(COPY(CONST(0x4,1)),SUBPIECE(LEAF(register:001a:2:ushort),CONST(0x0,4))),CONST(0x1,1))))),CONST(0xac22,2))))
037e26	FUN_037e26	037fba	LOAD	CAST(INT_ZEXT(INT_ADD(MULTIEQUAL(COPY(CONST(0x0,2)),INT_ZEXT(CAST(INT_ADD(MULTIEQUAL(COPY(CONST(0x2,1)),SUBPIECE(LEAF(register:001a:2:ushort),CONST(0x0,4))),CONST(0x1,1))))),CONST(0xac26,2))))
037e26	FUN_037e26	037fc4	LOAD	CAST(INT_ZEXT(INT_ADD(SUBPIECE(PTRSUB(CONST(0x0,3),CONST(0xf664,3)),CONST(0x0,4)),INT_MULT(INT_ZEXT(INT_RIGHT(LOAD(CONST(0x1f1,4),CAST(INT_ZEXT(INT_ADD(MULTIEQUAL(COPY(CONST(0x0,2)),INT_ZEXT(CAST(INT_ADD(MULTIEQUAL(COPY(CONST(0x2,1)),SUBPIECE(LEAF(register:001a:2:ushort),CONST(0x0,4))),CONST(0x1,1))))),CONST(0xac26,2))))),CONST(0x4,4))),CONST(0x2,2)))))
037e26	FUN_037e26	037fcc	LOAD	CAST(INT_ZEXT(INT_ADD(MULTIEQUAL(COPY(CONST(0x0,2)),INT_ZEXT(CAST(INT_ADD(MULTIEQUAL(COPY(CONST(0x2,1)),SUBPIECE(LEAF(register:001a:2:ushort),CONST(0x0,4))),CONST(0x1,1))))),CONST(0xac26,2))))
037e66	FUN_037e66	037e2a	LOAD	CAST(INT_ZEXT(INT_ADD(SUBPIECE(PTRSUB(CONST(0x0,3),CONST(0xeeaa,3)),CONST(0x0,4)),INT_ZEXT(INT_ADD(SUBPIECE(MULTIEQUAL(MULTIEQUAL(LEAF(register:0008:2:ushort),LEAF(register:001a:2:ushort)),LEAF(register:0008:2:ushort),LEAF(register:0008:2:ushort)),CONST(0x0,2)),CONST(0x1,1))))))
037e66	FUN_037e66	037e32	LOAD	CAST(INT_ZEXT(INT_ADD(SUBPIECE(PTRSUB(CONST(0x0,3),CONST(0xa5cd,3)),CONST(0x0,4)),INT_MULT(INT_ZEXT(LOAD(CONST(0x1f1,4),CAST(INT_ZEXT(INT_ADD(SUBPIECE(PTRSUB(CONST(0x0,3),CONST(0xeeaa,3)),CONST(0x0,4)),INT_ZEXT(INT_ADD(SUBPIECE(MULTIEQUAL(MULTIEQUAL(LEAF(register:0008:2:ushort),LEAF(register:001a:2:ushort)),LEAF(register:0008:2:ushort),LEAF(register:0008:2:ushort)),CONST(0x0,2)),CONST(0x1,1)))))))),CONST(0x10,2)))))
037e66	FUN_037e66	037e40	LOAD	CAST(INT_ZEXT(INT_ADD(SUBPIECE(PTRSUB(CONST(0x0,3),CONST(0xeeaa,3)),CONST(0x0,4)),INT_ZEXT(INT_ADD(SUBPIECE(MULTIEQUAL(MULTIEQUAL(LEAF(register:0008:2:ushort),LEAF(register:001a:2:ushort)),LEAF(register:0008:2:ushort),LEAF(register:0008:2:ushort)),CONST(0x0,2)),CONST(0x1,1))))))
037e66	FUN_037e66	037e4e	LOAD	CAST(INT_ZEXT(INT_ADD(SUBPIECE(PTRSUB(CONST(0x0,3),CONST(0xea24,3)),CONST(0x0,4)),INT_MULT(INT_ZEXT(LOAD(CONST(0x1f1,4),CAST(INT_ZEXT(INT_ADD(SUBPIECE(PTRSUB(CONST(0x0,3),CONST(0xeeaa,3)),CONST(0x0,4)),INT_ZEXT(INT_ADD(SUBPIECE(MULTIEQUAL(MULTIEQUAL(LEAF(register:0008:2:ushort),LEAF(register:001a:2:ushort)),LEAF(register:0008:2:ushort),LEAF(register:0008:2:ushort)),CONST(0x0,2)),CONST(0x1,1)))))))),CONST(0xc,2)))))
037e66	FUN_037e66	037e60	LOAD	CAST(INT_ZEXT(INT_ADD(SUBPIECE(PTRSUB(CONST(0x0,3),CONST(0xeeaa,3)),CONST(0x0,4)),INT_ZEXT(INT_ADD(SUBPIECE(MULTIEQUAL(MULTIEQUAL(LEAF(register:0008:2:ushort),LEAF(register:001a:2:ushort)),LEAF(register:0008:2:ushort),LEAF(register:0008:2:ushort)),CONST(0x0,2)),CONST(0x1,1))))))
037e66	FUN_037e66	037e6e	LOAD	CAST(INT_ZEXT(INT_ADD(SUBPIECE(PTRSUB(CONST(0x0,3),CONST(0xea24,3)),CONST(0x0,4)),INT_MULT(MULTIEQUAL(INT_ZEXT(LOAD(CONST(0x1f1,4),CAST(INT_ZEXT(INT_ADD(SUBPIECE(PTRSUB(CONST(0x0,3),CONST(0xeeaa,3)),CONST(0x0,4)),INT_ZEXT(INT_ADD(SUBPIECE(MULTIEQUAL(MULTIEQUAL(LEAF(register:0008:2:ushort),LEAF(register:001a:2:ushort)),LEAF(register:0008:2:ushort),LEAF(register:0008:2:ushort)),CONST(0x0,2)),CONST(0x1,1)))))))),LEAF(register:0008:2:ushort)),CONST(0xc,2)))))
037e66	FUN_037e66	037ec0	LOAD	CAST(INT_ZEXT(INT_ADD(MULTIEQUAL(COPY(CONST(0x0,2)),INT_ZEXT(CAST(INT_ADD(MULTIEQUAL(COPY(CONST(0x2,1)),SUBPIECE(LEAF(register:001a:2:ushort),CONST(0x0,4))),CONST(0x1,1))))),CONST(0xac18,2))))
037e66	FUN_037e66	037eca	LOAD	CAST(INT_ZEXT(INT_ADD(SUBPIECE(PTRSUB(CONST(0x0,3),CONST(0xf664,3)),CONST(0x0,4)),INT_MULT(INT_ZEXT(INT_RIGHT(LOAD(CONST(0x1f1,4),CAST(INT_ZEXT(INT_ADD(MULTIEQUAL(COPY(CONST(0x0,2)),INT_ZEXT(CAST(INT_ADD(MULTIEQUAL(COPY(CONST(0x2,1)),SUBPIECE(LEAF(register:001a:2:ushort),CONST(0x0,4))),CONST(0x1,1))))),CONST(0xac18,2))))),CONST(0x4,4))),CONST(0x2,2)))))
037e66	FUN_037e66	037ed2	LOAD	CAST(INT_ZEXT(INT_ADD(MULTIEQUAL(COPY(CONST(0x0,2)),INT_ZEXT(CAST(INT_ADD(MULTIEQUAL(COPY(CONST(0x2,1)),SUBPIECE(LEAF(register:001a:2:ushort),CONST(0x0,4))),CONST(0x1,1))))),CONST(0xac18,2))))
037e66	FUN_037e66	037efe	LOAD	CAST(INT_ZEXT(INT_ADD(MULTIEQUAL(COPY(CONST(0x0,2)),INT_ZEXT(CAST(INT_ADD(MULTIEQUAL(COPY(CONST(0x5,1)),SUBPIECE(LEAF(register:001a:2:ushort),CONST(0x0,4))),CONST(0x1,1))))),CONST(0xac1a,2))))
037e66	FUN_037e66	037f08	LOAD	CAST(INT_ZEXT(INT_ADD(SUBPIECE(PTRSUB(CONST(0x0,3),CONST(0xf664,3)),CONST(0x0,4)),INT_MULT(INT_ZEXT(INT_RIGHT(LOAD(CONST(0x1f1,4),CAST(INT_ZEXT(INT_ADD(MULTIEQUAL(COPY(CONST(0x0,2)),INT_ZEXT(CAST(INT_ADD(MULTIEQUAL(COPY(CONST(0x5,1)),SUBPIECE(LEAF(register:001a:2:ushort),CONST(0x0,4))),CONST(0x1,1))))),CONST(0xac1a,2))))),CONST(0x4,4))),CONST(0x2,2)))))
037e66	FUN_037e66	037f10	LOAD	CAST(INT_ZEXT(INT_ADD(MULTIEQUAL(COPY(CONST(0x0,2)),INT_ZEXT(CAST(INT_ADD(MULTIEQUAL(COPY(CONST(0x5,1)),SUBPIECE(LEAF(register:001a:2:ushort),CONST(0x0,4))),CONST(0x1,1))))),CONST(0xac1a,2))))
037e66	FUN_037e66	037f3c	LOAD	CAST(INT_ZEXT(INT_ADD(MULTIEQUAL(COPY(CONST(0x0,2)),INT_ZEXT(CAST(INT_ADD(MULTIEQUAL(COPY(CONST(0x3,1)),SUBPIECE(LEAF(register:001a:2:ushort),CONST(0x0,4))),CONST(0x1,1))))),CONST(0xac1f,2))))
037e66	FUN_037e66	037f46	LOAD	CAST(INT_ZEXT(INT_ADD(SUBPIECE(PTRSUB(CONST(0x0,3),CONST(0xf664,3)),CONST(0x0,4)),INT_MULT(INT_ZEXT(INT_RIGHT(LOAD(CONST(0x1f1,4),CAST(INT_ZEXT(INT_ADD(MULTIEQUAL(COPY(CONST(0x0,2)),INT_ZEXT(CAST(INT_ADD(MULTIEQUAL(COPY(CONST(0x3,1)),SUBPIECE(LEAF(register:001a:2:ushort),CONST(0x0,4))),CONST(0x1,1))))),CONST(0xac1f,2))))),CONST(0x4,4))),CONST(0x2,2)))))
037e66	FUN_037e66	037f4e	LOAD	CAST(INT_ZEXT(INT_ADD(MULTIEQUAL(COPY(CONST(0x0,2)),INT_ZEXT(CAST(INT_ADD(MULTIEQUAL(COPY(CONST(0x3,1)),SUBPIECE(LEAF(register:001a:2:ushort),CONST(0x0,4))),CONST(0x1,1))))),CONST(0xac1f,2))))
037e66	FUN_037e66	037f7a	LOAD	CAST(INT_ZEXT(INT_ADD(MULTIEQUAL(COPY(CONST(0x0,2)),INT_ZEXT(CAST(INT_ADD(MULTIEQUAL(COPY(CONST(0x4,1)),SUBPIECE(LEAF(register:001a:2:ushort),CONST(0x0,4))),CONST(0x1,1))))),CONST(0xac22,2))))
037e66	FUN_037e66	037f84	LOAD	CAST(INT_ZEXT(INT_ADD(SUBPIECE(PTRSUB(CONST(0x0,3),CONST(0xf664,3)),CONST(0x0,4)),INT_MULT(INT_ZEXT(INT_RIGHT(LOAD(CONST(0x1f1,4),CAST(INT_ZEXT(INT_ADD(MULTIEQUAL(COPY(CONST(0x0,2)),INT_ZEXT(CAST(INT_ADD(MULTIEQUAL(COPY(CONST(0x4,1)),SUBPIECE(LEAF(register:001a:2:ushort),CONST(0x0,4))),CONST(0x1,1))))),CONST(0xac22,2))))),CONST(0x4,4))),CONST(0x2,2)))))
037e66	FUN_037e66	037f8c	LOAD	CAST(INT_ZEXT(INT_ADD(MULTIEQUAL(COPY(CONST(0x0,2)),INT_ZEXT(CAST(INT_ADD(MULTIEQUAL(COPY(CONST(0x4,1)),SUBPIECE(LEAF(register:001a:2:ushort),CONST(0x0,4))),CONST(0x1,1))))),CONST(0xac22,2))))
037e66	FUN_037e66	037fba	LOAD	CAST(INT_ZEXT(INT_ADD(MULTIEQUAL(COPY(CONST(0x0,2)),INT_ZEXT(CAST(INT_ADD(MULTIEQUAL(COPY(CONST(0x2,1)),SUBPIECE(LEAF(register:001a:2:ushort),CONST(0x0,4))),CONST(0x1,1))))),CONST(0xac26,2))))
037e66	FUN_037e66	037fc4	LOAD	CAST(INT_ZEXT(INT_ADD(SUBPIECE(PTRSUB(CONST(0x0,3),CONST(0xf664,3)),CONST(0x0,4)),INT_MULT(INT_ZEXT(INT_RIGHT(LOAD(CONST(0x1f1,4),CAST(INT_ZEXT(INT_ADD(MULTIEQUAL(COPY(CONST(0x0,2)),INT_ZEXT(CAST(INT_ADD(MULTIEQUAL(COPY(CONST(0x2,1)),SUBPIECE(LEAF(register:001a:2:ushort),CONST(0x0,4))),CONST(0x1,1))))),CONST(0xac26,2))))),CONST(0x4,4))),CONST(0x2,2)))))
037e66	FUN_037e66	037fcc	LOAD	CAST(INT_ZEXT(INT_ADD(MULTIEQUAL(COPY(CONST(0x0,2)),INT_ZEXT(CAST(INT_ADD(MULTIEQUAL(COPY(CONST(0x2,1)),SUBPIECE(LEAF(register:001a:2:ushort),CONST(0x0,4))),CONST(0x1,1))))),CONST(0xac26,2))))
037f1a	FUN_037f1a	037efe	LOAD	CAST(INT_ZEXT(INT_ADD(INT_ZEXT(CAST(INT_ADD(MULTIEQUAL(COPY(CONST(0x5,1)),SUBPIECE(MULTIEQUAL(LEAF(register:0008:2:ushort),LEAF(register:001a:2:ushort)),CONST(0x0,4))),CONST(0x1,1)))),CONST(0xac1a,2))))
037f1a	FUN_037f1a	037f08	LOAD	CAST(INT_ZEXT(INT_ADD(SUBPIECE(PTRSUB(CONST(0x0,3),CONST(0xf664,3)),CONST(0x0,4)),INT_MULT(INT_ZEXT(INT_RIGHT(LOAD(CONST(0x1f1,4),CAST(INT_ZEXT(INT_ADD(INT_ZEXT(CAST(INT_ADD(MULTIEQUAL(COPY(CONST(0x5,1)),SUBPIECE(MULTIEQUAL(LEAF(register:0008:2:ushort),LEAF(register:001a:2:ushort)),CONST(0x0,4))),CONST(0x1,1)))),CONST(0xac1a,2))))),CONST(0x4,4))),CONST(0x2,2)))))
037f1a	FUN_037f1a	037f10	LOAD	CAST(INT_ZEXT(INT_ADD(INT_ZEXT(CAST(INT_ADD(MULTIEQUAL(COPY(CONST(0x5,1)),SUBPIECE(MULTIEQUAL(LEAF(register:0008:2:ushort),LEAF(register:001a:2:ushort)),CONST(0x0,4))),CONST(0x1,1)))),CONST(0xac1a,2))))
037f1a	FUN_037f1a	037f3c	LOAD	CAST(INT_ZEXT(INT_ADD(MULTIEQUAL(COPY(CONST(0x0,2)),INT_ZEXT(CAST(INT_ADD(MULTIEQUAL(COPY(CONST(0x3,1)),SUBPIECE(LEAF(register:001a:2:ushort),CONST(0x0,4))),CONST(0x1,1))))),CONST(0xac1f,2))))
037f1a	FUN_037f1a	037f46	LOAD	CAST(INT_ZEXT(INT_ADD(SUBPIECE(PTRSUB(CONST(0x0,3),CONST(0xf664,3)),CONST(0x0,4)),INT_MULT(INT_ZEXT(INT_RIGHT(LOAD(CONST(0x1f1,4),CAST(INT_ZEXT(INT_ADD(MULTIEQUAL(COPY(CONST(0x0,2)),INT_ZEXT(CAST(INT_ADD(MULTIEQUAL(COPY(CONST(0x3,1)),SUBPIECE(LEAF(register:001a:2:ushort),CONST(0x0,4))),CONST(0x1,1))))),CONST(0xac1f,2))))),CONST(0x4,4))),CONST(0x2,2)))))
037f1a	FUN_037f1a	037f4e	LOAD	CAST(INT_ZEXT(INT_ADD(MULTIEQUAL(COPY(CONST(0x0,2)),INT_ZEXT(CAST(INT_ADD(MULTIEQUAL(COPY(CONST(0x3,1)),SUBPIECE(LEAF(register:001a:2:ushort),CONST(0x0,4))),CONST(0x1,1))))),CONST(0xac1f,2))))
037f1a	FUN_037f1a	037f7a	LOAD	CAST(INT_ZEXT(INT_ADD(MULTIEQUAL(COPY(CONST(0x0,2)),INT_ZEXT(CAST(INT_ADD(MULTIEQUAL(COPY(CONST(0x4,1)),SUBPIECE(LEAF(register:001a:2:ushort),CONST(0x0,4))),CONST(0x1,1))))),CONST(0xac22,2))))
037f1a	FUN_037f1a	037f84	LOAD	CAST(INT_ZEXT(INT_ADD(SUBPIECE(PTRSUB(CONST(0x0,3),CONST(0xf664,3)),CONST(0x0,4)),INT_MULT(INT_ZEXT(INT_RIGHT(LOAD(CONST(0x1f1,4),CAST(INT_ZEXT(INT_ADD(MULTIEQUAL(COPY(CONST(0x0,2)),INT_ZEXT(CAST(INT_ADD(MULTIEQUAL(COPY(CONST(0x4,1)),SUBPIECE(LEAF(register:001a:2:ushort),CONST(0x0,4))),CONST(0x1,1))))),CONST(0xac22,2))))),CONST(0x4,4))),CONST(0x2,2)))))
037f1a	FUN_037f1a	037f8c	LOAD	CAST(INT_ZEXT(INT_ADD(MULTIEQUAL(COPY(CONST(0x0,2)),INT_ZEXT(CAST(INT_ADD(MULTIEQUAL(COPY(CONST(0x4,1)),SUBPIECE(LEAF(register:001a:2:ushort),CONST(0x0,4))),CONST(0x1,1))))),CONST(0xac22,2))))
037f1a	FUN_037f1a	037fba	LOAD	CAST(INT_ZEXT(INT_ADD(MULTIEQUAL(COPY(CONST(0x0,2)),INT_ZEXT(CAST(INT_ADD(MULTIEQUAL(COPY(CONST(0x2,1)),SUBPIECE(LEAF(register:001a:2:ushort),CONST(0x0,4))),CONST(0x1,1))))),CONST(0xac26,2))))
037f1a	FUN_037f1a	037fc4	LOAD	CAST(INT_ZEXT(INT_ADD(SUBPIECE(PTRSUB(CONST(0x0,3),CONST(0xf664,3)),CONST(0x0,4)),INT_MULT(INT_ZEXT(INT_RIGHT(LOAD(CONST(0x1f1,4),CAST(INT_ZEXT(INT_ADD(MULTIEQUAL(COPY(CONST(0x0,2)),INT_ZEXT(CAST(INT_ADD(MULTIEQUAL(COPY(CONST(0x2,1)),SUBPIECE(LEAF(register:001a:2:ushort),CONST(0x0,4))),CONST(0x1,1))))),CONST(0xac26,2))))),CONST(0x4,4))),CONST(0x2,2)))))
037f1a	FUN_037f1a	037fcc	LOAD	CAST(INT_ZEXT(INT_ADD(MULTIEQUAL(COPY(CONST(0x0,2)),INT_ZEXT(CAST(INT_ADD(MULTIEQUAL(COPY(CONST(0x2,1)),SUBPIECE(LEAF(register:001a:2:ushort),CONST(0x0,4))),CONST(0x1,1))))),CONST(0xac26,2))))
037f7a	FUN_037f7a	037f7a	LOAD	CAST(INT_ZEXT(INT_ADD(MULTIEQUAL(LEAF(register:0008:2:ushort),INT_ZEXT(CAST(INT_ADD(MULTIEQUAL(COPY(CONST(0x4,1)),SUBPIECE(MULTIEQUAL(COPY(LEAF(register:001a:2:ushort)),COPY(LEAF(register:0008:2:ushort))),CONST(0x0,4))),CONST(0x1,1))))),CONST(0xac22,2))))
037f7a	FUN_037f7a	037f84	LOAD	CAST(INT_ZEXT(INT_ADD(SUBPIECE(PTRSUB(CONST(0x0,3),CONST(0xf664,3)),CONST(0x0,4)),INT_MULT(INT_ZEXT(INT_RIGHT(LOAD(CONST(0x1f1,4),CAST(INT_ZEXT(INT_ADD(MULTIEQUAL(LEAF(register:0008:2:ushort),INT_ZEXT(CAST(INT_ADD(MULTIEQUAL(COPY(CONST(0x4,1)),SUBPIECE(LEAF(register:001a:2:ushort),CONST(0x0,4))),CONST(0x1,1))))),CONST(0xac22,2))))),CONST(0x4,4))),CONST(0x2,2)))))
037f7a	FUN_037f7a	037f8c	LOAD	CAST(INT_ZEXT(INT_ADD(INT_AND(MULTIEQUAL(COPY(LEAF(register:001a:2:ushort)),COPY(INT_ZEXT(CAST(INT_ADD(MULTIEQUAL(COPY(CONST(0x4,1)),SUBPIECE(LEAF(register:001a:2:ushort),CONST(0x0,4))),CONST(0x1,1)))))),CONST(0xff,2)),CONST(0xac22,2))))
037f7a	FUN_037f7a	037fba	LOAD	CAST(INT_ZEXT(INT_ADD(MULTIEQUAL(COPY(CONST(0x0,2)),INT_ZEXT(CAST(INT_ADD(MULTIEQUAL(COPY(CONST(0x2,1)),SUBPIECE(LEAF(register:001a:2:ushort),CONST(0x0,4))),CONST(0x1,1))))),CONST(0xac26,2))))
037f7a	FUN_037f7a	037fc4	LOAD	CAST(INT_ZEXT(INT_ADD(SUBPIECE(PTRSUB(CONST(0x0,3),CONST(0xf664,3)),CONST(0x0,4)),INT_MULT(INT_ZEXT(INT_RIGHT(LOAD(CONST(0x1f1,4),CAST(INT_ZEXT(INT_ADD(MULTIEQUAL(COPY(CONST(0x0,2)),INT_ZEXT(CAST(INT_ADD(MULTIEQUAL(COPY(CONST(0x2,1)),SUBPIECE(LEAF(register:001a:2:ushort),CONST(0x0,4))),CONST(0x1,1))))),CONST(0xac26,2))))),CONST(0x4,4))),CONST(0x2,2)))))
037f7a	FUN_037f7a	037fcc	LOAD	CAST(INT_ZEXT(INT_ADD(MULTIEQUAL(COPY(CONST(0x0,2)),INT_ZEXT(CAST(INT_ADD(MULTIEQUAL(COPY(CONST(0x2,1)),SUBPIECE(LEAF(register:001a:2:ushort),CONST(0x0,4))),CONST(0x1,1))))),CONST(0xac26,2))))
037fa6	FUN_037fa6	037f7a	LOAD	CAST(INT_ZEXT(INT_ADD(INT_ZEXT(INT_ADD(SUBPIECE(MULTIEQUAL(COPY(CONST(0x4,2)),LEAF(register:0008:2:ushort)),CONST(0x0,2)),CONST(0x1,1))),CONST(0xac22,2))))
037fa6	FUN_037fa6	037f84	LOAD	CAST(INT_ZEXT(INT_ADD(SUBPIECE(PTRSUB(CONST(0x0,3),CONST(0xf664,3)),CONST(0x0,4)),INT_MULT(INT_ZEXT(INT_RIGHT(LOAD(CONST(0x1f1,4),CAST(INT_ZEXT(INT_ADD(INT_ZEXT(INT_ADD(SUBPIECE(MULTIEQUAL(COPY(CONST(0x4,2)),LEAF(register:0008:2:ushort)),CONST(0x0,2)),CONST(0x1,1))),CONST(0xac22,2))))),CONST(0x4,4))),CONST(0x2,2)))))
037fa6	FUN_037fa6	037f8c	LOAD	CAST(INT_ZEXT(INT_ADD(INT_ZEXT(INT_ADD(SUBPIECE(MULTIEQUAL(COPY(CONST(0x4,2)),LEAF(register:0008:2:ushort)),CONST(0x0,2)),CONST(0x1,1))),CONST(0xac22,2))))
037fa6	FUN_037fa6	037fba	LOAD	CAST(INT_ZEXT(INT_ADD(MULTIEQUAL(COPY(CONST(0x0,2)),INT_ZEXT(CAST(INT_ADD(MULTIEQUAL(COPY(CONST(0x2,1)),SUBPIECE(LEAF(register:001a:2:ushort),CONST(0x0,4))),CONST(0x1,1))))),CONST(0xac26,2))))
037fa6	FUN_037fa6	037fc4	LOAD	CAST(INT_ZEXT(INT_ADD(SUBPIECE(PTRSUB(CONST(0x0,3),CONST(0xf664,3)),CONST(0x0,4)),INT_MULT(INT_ZEXT(INT_RIGHT(LOAD(CONST(0x1f1,4),CAST(INT_ZEXT(INT_ADD(MULTIEQUAL(COPY(CONST(0x0,2)),INT_ZEXT(CAST(INT_ADD(MULTIEQUAL(COPY(CONST(0x2,1)),SUBPIECE(LEAF(register:001a:2:ushort),CONST(0x0,4))),CONST(0x1,1))))),CONST(0xac26,2))))),CONST(0x4,4))),CONST(0x2,2)))))
037fa6	FUN_037fa6	037fcc	LOAD	CAST(INT_ZEXT(INT_ADD(MULTIEQUAL(COPY(CONST(0x0,2)),INT_ZEXT(CAST(INT_ADD(MULTIEQUAL(COPY(CONST(0x2,1)),SUBPIECE(LEAF(register:001a:2:ushort),CONST(0x0,4))),CONST(0x1,1))))),CONST(0xac26,2))))
03878e	FUN_03878e	03c906	LOAD	CAST(INT_ZEXT(INT_ADD(LEAF(00ef7e:2:short),CONST(0x35,2))))
03878e	FUN_03878e	03c938	LOAD	CAST(INT_ZEXT(INT_ADD(LEAF(00ef7e:2:short),CONST(0x20,2))))
0389ea	FUN_0389ea	0389f2	LOAD	CAST(INT_ZEXT(INT_ADD(LEAF(register:001a:2:short),CONST(0x2da,2))))
03a780	FUN_03a780	03a78a	LOAD	CAST(INT_ZEXT(INT_ADD(INT_MULT(INT_ZEXT(LEAF(00fa80:1:byte)),CONST(0x2,2)),CONST(0xae1a,2))))
03a780	FUN_03a780	03a78e	STORE	CAST(INT_ZEXT(LOAD(CONST(0x1f1,4),CAST(INT_ZEXT(INT_ADD(INT_MULT(INT_ZEXT(LEAF(00fa80:1:byte)),CONST(0x2,2)),CONST(0xae1a,2)))))))
03a780	FUN_03a780	03a79e	STORE	CAST(INT_ZEXT(INT_ADD(LOAD(CONST(0x1f1,4),CAST(INT_ZEXT(INT_ADD(INT_MULT(INT_ZEXT(LEAF(00fa80:1:byte)),CONST(0x2,2)),CONST(0xae1a,2))))),CONST(0x2,2))))
03a82a	FUN_03a82a	03eacc	LOAD	CAST(INT_ZEXT(LEAF(register:0010:2:ushort)))
03ab6a	FUN_03ab6a	03ab6a	STORE	CAST(INT_ZEXT(LEAF(register:0008:2:ushort)))
03c500	FUN_03c500	03c52c	LOAD	CAST(INT_ZEXT(INT_ADD(LEAF(00ef7e:2:short),CONST(0x35,2))))
03c500	FUN_03c500	03c53c	STORE	CAST(INT_ZEXT(INT_ADD(LEAF(00ef7e:2:short),CONST(0x35,2))))
03c500	FUN_03c500	03c544	LOAD	CAST(INT_ZEXT(INT_ADD(INDIRECT(LEAF(00ef7e:2:short),CONST(0x16f,4)),CONST(0x20,2))))
03c500	FUN_03c500	03c594	LOAD	CAST(INT_ZEXT(INT_ADD(INDIRECT(LEAF(00ef7e:2:short),CONST(0x306,4)),CONST(0x6,2))))
03c500	FUN_03c500	03c5fc	STORE	CAST(INT_ZEXT(INT_ADD(MULTIEQUAL(INDIRECT(INDIRECT(LEAF(00ef7e:2:short),CONST(0x306,4)),CONST(0xa0a,4)),LEAF(00ef7e:2:short),LEAF(00ef7e:2:short)),CONST(0x35,2))))
03c500	FUN_03c500	03c620	LOAD	CAST(INT_ZEXT(INT_ADD(INDIRECT(MULTIEQUAL(INDIRECT(INDIRECT(LEAF(00ef7e:2:short),CONST(0x306,4)),CONST(0xa0a,4)),LEAF(00ef7e:2:short),LEAF(00ef7e:2:short)),CONST(0x390,4)),CONST(0x6,2))))
03c540	FUN_03c540	03c544	LOAD	CAST(INT_ZEXT(INT_ADD(LEAF(00ef7e:2:short),CONST(0x20,2))))
03c5cc	FUN_03c5cc	03c620	LOAD	CAST(INT_ZEXT(INT_ADD(LEAF(00ef7e:2:short),CONST(0x6,2))))
03c5f0	FUN_03c5f0	03c620	LOAD	CAST(INT_ZEXT(INT_ADD(LEAF(00ef7e:2:short),CONST(0x6,2))))
03c696	FUN_03c696	03c69a	LOAD	CAST(INT_ZEXT(INT_ADD(LEAF(00ef7e:2:ushort),CONST(0x35,2))))
03c696	FUN_03c696	03c6ac	STORE	CAST(INT_ZEXT(INT_ADD(LEAF(00ef7e:2:ushort),CONST(0x35,2))))
03c696	FUN_03c696	03c6b8	LOAD	CAST(INT_ZEXT(INT_ADD(INDIRECT(INDIRECT(LEAF(00ef7e:2:ushort),CONST(0x10ca,4)),CONST(0x10d9,4)),CONST(0x20,2))))
03c696	FUN_03c696	03c786	LOAD	CAST(INT_ZEXT(INT_ADD(INDIRECT(INDIRECT(INDIRECT(MULTIEQUAL(INDIRECT(INDIRECT(INDIRECT(INDIRECT(LEAF(00ef7e:2:ushort),CONST(0x10ca,4)),CONST(0x10d9,4)),CONST(0x112e,4)),CONST(0x1716,4)),LEAF(00ef7e:2:ushort),LEAF(00ef7e:2:ushort),LEAF(00ef7e:2:ushort),LEAF(00ef7e:2:ushort),LEAF(00ef7e:2:ushort)),CONST(0x11c9,4)),CONST(0x1308,4)),CONST(0x1340,4)),CONST(0x20,2))))
03c696	FUN_03c696	03c78e	LOAD	CAST(INT_ZEXT(INT_ADD(INDIRECT(INDIRECT(INDIRECT(MULTIEQUAL(INDIRECT(INDIRECT(INDIRECT(INDIRECT(LEAF(00ef7e:2:ushort),CONST(0x10ca,4)),CONST(0x10d9,4)),CONST(0x112e,4)),CONST(0x1716,4)),LEAF(00ef7e:2:ushort),LEAF(00ef7e:2:ushort),LEAF(00ef7e:2:ushort),LEAF(00ef7e:2:ushort),LEAF(00ef7e:2:ushort)),CONST(0x11c9,4)),CONST(0x1308,4)),CONST(0x1340,4)),CONST(0x20,2))))
03c696	FUN_03c696	03c906	LOAD	CAST(INT_ZEXT(INT_ADD(LEAF(00ef7e:2:ushort),CONST(0x35,2))))
03c696	FUN_03c696	03c938	LOAD	CAST(INT_ZEXT(INT_ADD(LEAF(00ef7e:2:ushort),CONST(0x20,2))))
03c7b0	FUN_03c7b0	03c7c6	LOAD	CAST(INT_ZEXT(INT_ADD(LEAF(00ef7e:2:short),CONST(0x6,2))))
03c872	FUN_03c872	03c906	LOAD	CAST(INT_ZEXT(INT_ADD(INDIRECT(LEAF(00ef7e:2:short),CONST(0x18f,4)),CONST(0x35,2))))
03c872	FUN_03c872	03c938	LOAD	CAST(INT_ZEXT(INT_ADD(INDIRECT(LEAF(00ef7e:2:short),CONST(0x18f,4)),CONST(0x20,2))))
03cb54	FUN_03cb54	03cc3c	LOAD	CAST(INT_ZEXT(INT_ADD(LEAF(00ef7e:2:short),CONST(0x4,2))))
03cb54	FUN_03cb54	03cc42	STORE	CAST(INT_ZEXT(INT_ADD(LEAF(00ef7e:2:short),CONST(0x4,2))))
03cb54	FUN_03cb54	03cc4a	STORE	CAST(INT_ZEXT(INT_ADD(INDIRECT(LEAF(00ef7e:2:short),CONST(0x965,4)),CONST(0x35,2))))
03cb54	FUN_03cb54	03cce4	LOAD	CAST(INT_ZEXT(INT_ADD(MULTIEQUAL(INDIRECT(INDIRECT(LEAF(00ef7e:2:short),CONST(0x2ae,4)),CONST(0x30c,4)),INDIRECT(LEAF(00ef7e:2:short),CONST(0x71e,4))),CONST(0x4,2))))
03cb54	FUN_03cb54	03ccea	STORE	CAST(INT_ZEXT(INT_ADD(MULTIEQUAL(INDIRECT(INDIRECT(LEAF(00ef7e:2:short),CONST(0x2ae,4)),CONST(0x30c,4)),INDIRECT(LEAF(00ef7e:2:short),CONST(0x71e,4))),CONST(0x4,2))))
03cb54	FUN_03cb54	03ccf6	STORE	CAST(INT_ZEXT(INT_ADD(INDIRECT(MULTIEQUAL(INDIRECT(INDIRECT(LEAF(00ef7e:2:short),CONST(0x2ae,4)),CONST(0x30c,4)),INDIRECT(LEAF(00ef7e:2:short),CONST(0x71e,4))),CONST(0x52c,4)),CONST(0x35,2))))
03dfd2	FUN_03dfd2	03dfd6	LOAD	CAST(INT_ZEXT(LEAF(register:0014:2:ushort)))
03dfd2	FUN_03dfd2	03dfd6	STORE	CAST(INT_ZEXT(LEAF(register:001e:2:ushort)))
03eab6	FUN_03eab6	03eacc	LOAD	CAST(INT_ZEXT(LEAF(register:0010:2:ushort)))
03eaf8	FUN_03eaf8	03eafa	LOAD	CAST(INT_ZEXT(INT_ADD(LEAF(register:0010:2:short),CONST(0x4,2))))
03eaf8	FUN_03eaf8	03eb0c	STORE	CAST(INT_ZEXT(INT_ADD(LEAF(register:0010:2:short),CONST(0xa,2))))
03f02a	FUN_03f02a	03f02a	LOAD	CAST(INT_ZEXT(LEAF(register:001e:2:ushort)))
03f02a	FUN_03f02a	03f02a	STORE	CAST(INT_ZEXT(LEAF(register:001c:2:ushort)))
