entry	function	pc	op	expression
0000c0	FUN_0000c0	0000c4	LOAD	CAST(INT_ZEXT(INT_ADD(LEAF(register:000c:2:short),CONST(0xa9de,2))))
0000c0	FUN_0000c0	0000ca	LOAD	CAST(INT_ZEXT(INT_ADD(LEAF(register:000c:2:short),CONST(0xa9cc,2))))
0000c0	FUN_0000c0	0000d2	LOAD	CAST(INT_ZEXT(INT_ADD(LEAF(register:0006:2:short),CONST(0x2,2))))
0000c0	FUN_0000c0	0001ac	LOAD	SEGMENTOP(CONST(0x11999a5c210,8),CONST(0x0,2),LEAF(register:0002:2:char *))
0000c0	FUN_0000c0	000284	LOAD	CAST(INT_ZEXT(INT_ADD(INT_RIGHT(LEAF(register:0008:2:ushort),CONST(0x8,2)),CONST(0xaa26,2))))
0000c0	FUN_0000c0	004262	LOAD	CAST(INT_ZEXT(INT_ADD(INDIRECT(MULTIEQUAL(INDIRECT(INDIRECT(MULTIEQUAL(LEAF(00e73c:2:short),LEAF(00e73c:2:short)),CONST(0xc01,4)),CONST(0xc1d,4)),LEAF(00e73c:2:short)),CONST(0xc6c,4)),INT_ZEXT(INT_ADD(SUBPIECE(MULTIEQUAL(INT_ZEXT(CAST(INT_ADD(LEAF(register:0008:1:char),CONST(0x2,1)))),LEAF(register:001c:2:ushort)),CONST(0x0,2)),CONST(0x1,1))))))
0000c0	FUN_0000c0	004274	LOAD	CAST(INT_ZEXT(INT_ADD(INDIRECT(MULTIEQUAL(INDIRECT(INDIRECT(MULTIEQUAL(LEAF(00e73c:2:short),LEAF(00e73c:2:short)),CONST(0xc01,4)),CONST(0xc1d,4)),LEAF(00e73c:2:short)),CONST(0xc6c,4)),INT_ZEXT(CAST(INT_ADD(SUBPIECE(MULTIEQUAL(LEAF(register:000a:2:ushort),LEAF(register:001c:2:ushort)),CONST(0x0,2)),CONST(0x2,1)))))))
0000c0	FUN_0000c0	00427e	STORE	CAST(INT_ZEXT(MULTIEQUAL(MULTIEQUAL(COPY(CONST(0x0,2)),INT_ADD(LEAF(register:0018:2:ushort),CONST(0x2,2))),LEAF(register:0018:2:ushort))))
0000c0	FUN_0000c0	004280	STORE	CAST(INT_ZEXT(MULTIEQUAL(MULTIEQUAL(COPY(CONST(0x0,2)),INT_ADD(LEAF(register:0018:2:ushort),CONST(0x2,2))),LEAF(register:0018:2:ushort))))
0000c0	FUN_0000c0	00428a	STORE	CAST(INT_ZEXT(MULTIEQUAL(MULTIEQUAL(COPY(CONST(0x0,2)),INT_ADD(LEAF(register:0018:2:ushort),CONST(0x2,2))),LEAF(register:0018:2:ushort))))
0000c0	FUN_0000c0	00428c	LOAD	CAST(INT_ZEXT(MULTIEQUAL(MULTIEQUAL(COPY(CONST(0x0,2)),INT_ADD(LEAF(register:0018:2:ushort),CONST(0x2,2))),LEAF(register:0018:2:ushort))))
0000c0	FUN_0000c0	00430a	STORE	CAST(INT_ZEXT(MULTIEQUAL(MULTIEQUAL(COPY(CONST(0x0,2)),INT_ADD(MULTIEQUAL(LEAF(register:0018:2:ushort),LEAF(register:0018:2:ushort)),CONST(0x2,2))),LEAF(register:0018:2:ushort),LEAF(register:0018:2:ushort))))
0000c0	FUN_0000c0	004310	STORE	CAST(INT_ZEXT(MULTIEQUAL(MULTIEQUAL(COPY(CONST(0x0,2)),INT_ADD(MULTIEQUAL(LEAF(register:0018:2:ushort),LEAF(register:0018:2:ushort)),CONST(0x2,2))),LEAF(register:0018:2:ushort),LEAF(register:0018:2:ushort))))
0006ec	FUN_0006ec	004262	LOAD	CAST(INT_ZEXT(INT_ADD(MULTIEQUAL(LEAF(00e73c:2:short),INDIRECT(MULTIEQUAL(INDIRECT(INDIRECT(LEAF(00e73c:2:short),CONST(0x359,4)),CONST(0x375,4)),LEAF(00e73c:2:short)),CONST(0x3c4,4)),LEAF(00e73c:2:short)),INT_ZEXT(MULTIEQUAL(LEAF(register:001c:1:byte),INT_ADD(LEAF(register:001c:1:byte),CONST(0x2,1)),LEAF(register:001c:1:byte))))))
0006ec	FUN_0006ec	004264	STORE	CAST(MULTIEQUAL(CAST(PIECE(SUBPIECE(INT_RIGHT(CAST(PTRSUB(LEAF(register:0000:2:void *),CONST(0x0,2))),CONST(0x8,4)),CONST(0x0,4)),CONST(0x3c,1))),LEAF(register:0000:2:void *),LEAF(register:0000:2:void *)))
0006ec	FUN_0006ec	004274	LOAD	CAST(INT_ZEXT(INT_ADD(MULTIEQUAL(LEAF(00e73c:2:short),INDIRECT(MULTIEQUAL(INDIRECT(INDIRECT(LEAF(00e73c:2:short),CONST(0x359,4)),CONST(0x375,4)),LEAF(00e73c:2:short)),CONST(0x3c4,4)),LEAF(00e73c:2:short)),INT_ZEXT(CAST(INT_ADD(MULTIEQUAL(LEAF(register:001c:1:byte),INT_ADD(LEAF(register:001c:1:byte),CONST(0x2,1)),LEAF(register:001c:1:byte)),CONST(0x1,1)))))))
0006ec	FUN_0006ec	004276	STORE	CAST(INT_ADD(CAST(MULTIEQUAL(CAST(PIECE(SUBPIECE(INT_RIGHT(CAST(PTRSUB(LEAF(register:0000:2:void *),CONST(0x0,2))),CONST(0x8,4)),CONST(0x0,4)),CONST(0x3c,1))),LEAF(register:0000:2:void *),LEAF(register:0000:2:void *))),CONST(0x1,2)))
0006ec	FUN_0006ec	00427e	STORE	CAST(INT_ZEXT(MULTIEQUAL(LEAF(register:0018:2:ushort),MULTIEQUAL(COPY(CONST(0x0,2)),INT_ADD(LEAF(register:0018:2:ushort),CONST(0x2,2))),LEAF(register:0018:2:ushort))))
0006ec	FUN_0006ec	004280	LOAD	CAST(MULTIEQUAL(CAST(PIECE(SUBPIECE(INT_RIGHT(CAST(PTRSUB(LEAF(register:0000:2:void *),CONST(0x0,2))),CONST(0x8,4)),CONST(0x0,4)),CONST(0x3c,1))),LEAF(register:0000:2:void *),LEAF(register:0000:2:void *)))
0006ec	FUN_0006ec	004280	STORE	CAST(INT_ZEXT(MULTIEQUAL(LEAF(register:0018:2:ushort),MULTIEQUAL(COPY(CONST(0x0,2)),INT_ADD(LEAF(register:0018:2:ushort),CONST(0x2,2))),LEAF(register:0018:2:ushort))))
0006ec	FUN_0006ec	00428a	STORE	CAST(INT_ZEXT(MULTIEQUAL(LEAF(register:0018:2:ushort),MULTIEQUAL(COPY(CONST(0x0,2)),INT_ADD(LEAF(register:0018:2:ushort),CONST(0x2,2))),LEAF(register:0018:2:ushort))))
0006ec	FUN_0006ec	00428c	LOAD	CAST(INT_ZEXT(MULTIEQUAL(LEAF(register:0018:2:ushort),MULTIEQUAL(COPY(CONST(0x0,2)),INT_ADD(LEAF(register:0018:2:ushort),CONST(0x2,2))),LEAF(register:0018:2:ushort))))
0006ec	FUN_0006ec	00430a	STORE	CAST(INT_ZEXT(MULTIEQUAL(LEAF(register:0018:2:ushort),MULTIEQUAL(COPY(CONST(0x0,2)),INT_ADD(LEAF(register:0018:2:ushort),CONST(0x2,2))),LEAF(register:0018:2:ushort))))
0006ec	FUN_0006ec	004310	STORE	CAST(INT_ZEXT(MULTIEQUAL(LEAF(register:0018:2:ushort),MULTIEQUAL(COPY(CONST(0x0,2)),INT_ADD(LEAF(register:0018:2:ushort),CONST(0x2,2))),LEAF(register:0018:2:ushort))))
000720	FUN_000720	004262	LOAD	CAST(INT_ZEXT(INT_ADD(MULTIEQUAL(LEAF(00e73c:2:short),INDIRECT(MULTIEQUAL(INDIRECT(INDIRECT(LEAF(00e73c:2:short),CONST(0x32b,4)),CONST(0x347,4)),LEAF(00e73c:2:short)),CONST(0x396,4))),INT_ZEXT(MULTIEQUAL(LEAF(register:001c:1:byte),INT_ADD(LEAF(register:001c:1:byte),CONST(0x2,1)))))))
000720	FUN_000720	004274	LOAD	CAST(INT_ZEXT(INT_ADD(MULTIEQUAL(LEAF(00e73c:2:short),INDIRECT(MULTIEQUAL(INDIRECT(INDIRECT(LEAF(00e73c:2:short),CONST(0x32b,4)),CONST(0x347,4)),LEAF(00e73c:2:short)),CONST(0x396,4))),INT_ZEXT(CAST(INT_ADD(MULTIEQUAL(LEAF(register:001c:1:byte),INT_ADD(LEAF(register:001c:1:byte),CONST(0x2,1))),CONST(0x1,1)))))))
000720	FUN_000720	00427e	STORE	CAST(INT_ZEXT(MULTIEQUAL(LEAF(register:0018:2:ushort),MULTIEQUAL(COPY(CONST(0x0,2)),INT_ADD(LEAF(register:0018:2:ushort),CONST(0x2,2))))))
000720	FUN_000720	004280	STORE	CAST(INT_ZEXT(MULTIEQUAL(LEAF(register:0018:2:ushort),MULTIEQUAL(COPY(CONST(0x0,2)),INT_ADD(LEAF(register:0018:2:ushort),CONST(0x2,2))))))
000720	FUN_000720	00428a	STORE	CAST(INT_ZEXT(MULTIEQUAL(LEAF(register:0018:2:ushort),MULTIEQUAL(COPY(CONST(0x0,2)),INT_ADD(LEAF(register:0018:2:ushort),CONST(0x2,2))))))
000720	FUN_000720	00428c	LOAD	CAST(INT_ZEXT(MULTIEQUAL(LEAF(register:0018:2:ushort),MULTIEQUAL(COPY(CONST(0x0,2)),INT_ADD(LEAF(register:0018:2:ushort),CONST(0x2,2))))))
000720	FUN_000720	00430a	STORE	CAST(INT_ZEXT(MULTIEQUAL(LEAF(register:0018:2:ushort),MULTIEQUAL(COPY(CONST(0x0,2)),INT_ADD(LEAF(register:0018:2:ushort),CONST(0x2,2))))))
000720	FUN_000720	004310	STORE	CAST(INT_ZEXT(MULTIEQUAL(LEAF(register:0018:2:ushort),MULTIEQUAL(COPY(CONST(0x0,2)),INT_ADD(LEAF(register:0018:2:ushort),CONST(0x2,2))))))
000a24	FUN_000a24	004262	LOAD	CAST(INT_ZEXT(INT_ADD(MULTIEQUAL(LEAF(00e73c:2:short),INDIRECT(MULTIEQUAL(INDIRECT(INDIRECT(LEAF(00e73c:2:short),CONST(0x313,4)),CONST(0x32f,4)),LEAF(00e73c:2:short)),CONST(0x37e,4)),LEAF(00e73c:2:short)),INT_ZEXT(MULTIEQUAL(LEAF(register:001c:1:byte),INT_ADD(LEAF(register:001c:1:byte),CONST(0x2,1)),LEAF(register:001c:1:byte))))))
000a24	FUN_000a24	004264	STORE	CAST(MULTIEQUAL(CAST(PIECE(SUBPIECE(INT_RIGHT(CAST(PTRSUB(LEAF(register:0000:2:void *),CONST(0x0,2))),CONST(0x8,4)),CONST(0x0,4)),CONST(0x74,1))),LEAF(register:0000:2:void *),LEAF(register:0000:2:void *)))
000a24	FUN_000a24	004274	LOAD	CAST(INT_ZEXT(INT_ADD(MULTIEQUAL(LEAF(00e73c:2:short),INDIRECT(MULTIEQUAL(INDIRECT(INDIRECT(LEAF(00e73c:2:short),CONST(0x313,4)),CONST(0x32f,4)),LEAF(00e73c:2:short)),CONST(0x37e,4)),LEAF(00e73c:2:short)),INT_ZEXT(CAST(INT_ADD(MULTIEQUAL(LEAF(register:001c:1:byte),INT_ADD(LEAF(register:001c:1:byte),CONST(0x2,1)),LEAF(register:001c:1:byte)),CONST(0x1,1)))))))
000a24	FUN_000a24	004276	STORE	CAST(INT_ADD(CAST(MULTIEQUAL(CAST(PIECE(SUBPIECE(INT_RIGHT(CAST(PTRSUB(LEAF(register:0000:2:void *),CONST(0x0,2))),CONST(0x8,4)),CONST(0x0,4)),CONST(0x74,1))),LEAF(register:0000:2:void *),LEAF(register:0000:2:void *))),CONST(0x1,2)))
000a24	FUN_000a24	00427e	STORE	CAST(INT_ZEXT(MULTIEQUAL(LEAF(register:0018:2:ushort),MULTIEQUAL(COPY(CONST(0x0,2)),INT_ADD(LEAF(register:0018:2:ushort),CONST(0x2,2))),LEAF(register:0018:2:ushort))))
000a24	FUN_000a24	004280	LOAD	CAST(MULTIEQUAL(CAST(PIECE(SUBPIECE(INT_RIGHT(CAST(PTRSUB(LEAF(register:0000:2:void *),CONST(0x0,2))),CONST(0x8,4)),CONST(0x0,4)),CONST(0x74,1))),LEAF(register:0000:2:void *),LEAF(register:0000:2:void *)))
000a24	FUN_000a24	004280	STORE	CAST(INT_ZEXT(MULTIEQUAL(LEAF(register:0018:2:ushort),MULTIEQUAL(COPY(CONST(0x0,2)),INT_ADD(LEAF(register:0018:2:ushort),CONST(0x2,2))),LEAF(register:0018:2:ushort))))
000a24	FUN_000a24	00428a	STORE	CAST(INT_ZEXT(MULTIEQUAL(LEAF(register:0018:2:ushort),MULTIEQUAL(COPY(CONST(0x0,2)),INT_ADD(LEAF(register:0018:2:ushort),CONST(0x2,2))),LEAF(register:0018:2:ushort))))
000a24	FUN_000a24	00428c	LOAD	CAST(INT_ZEXT(MULTIEQUAL(LEAF(register:0018:2:ushort),MULTIEQUAL(COPY(CONST(0x0,2)),INT_ADD(LEAF(register:0018:2:ushort),CONST(0x2,2))),LEAF(register:0018:2:ushort))))
000a24	FUN_000a24	00430a	STORE	CAST(INT_ZEXT(MULTIEQUAL(LEAF(register:0018:2:ushort),MULTIEQUAL(COPY(CONST(0x0,2)),INT_ADD(LEAF(register:0018:2:ushort),CONST(0x2,2))),LEAF(register:0018:2:ushort))))
000a24	FUN_000a24	004310	STORE	CAST(INT_ZEXT(MULTIEQUAL(LEAF(register:0018:2:ushort),MULTIEQUAL(COPY(CONST(0x0,2)),INT_ADD(LEAF(register:0018:2:ushort),CONST(0x2,2))),LEAF(register:0018:2:ushort))))
000a60	FUN_000a60	004262	LOAD	CAST(INT_ZEXT(INT_ADD(MULTIEQUAL(LEAF(00e73c:2:short),INDIRECT(MULTIEQUAL(INDIRECT(INDIRECT(LEAF(00e73c:2:short),CONST(0x302,4)),CONST(0x31e,4)),LEAF(00e73c:2:short)),CONST(0x36d,4))),INT_ZEXT(MULTIEQUAL(LEAF(register:001c:1:byte),INT_ADD(LEAF(register:001c:1:byte),CONST(0x2,1)))))))
000a60	FUN_000a60	004274	LOAD	CAST(INT_ZEXT(INT_ADD(MULTIEQUAL(LEAF(00e73c:2:short),INDIRECT(MULTIEQUAL(INDIRECT(INDIRECT(LEAF(00e73c:2:short),CONST(0x302,4)),CONST(0x31e,4)),LEAF(00e73c:2:short)),CONST(0x36d,4))),INT_ZEXT(CAST(INT_ADD(MULTIEQUAL(LEAF(register:001c:1:byte),INT_ADD(LEAF(register:001c:1:byte),CONST(0x2,1))),CONST(0x1,1)))))))
000a60	FUN_000a60	00427e	STORE	CAST(INT_ZEXT(MULTIEQUAL(LEAF(register:0018:2:ushort),MULTIEQUAL(COPY(CONST(0x0,2)),INT_ADD(LEAF(register:0018:2:ushort),CONST(0x2,2))))))
000a60	FUN_000a60	004280	STORE	CAST(INT_ZEXT(MULTIEQUAL(LEAF(register:0018:2:ushort),MULTIEQUAL(COPY(CONST(0x0,2)),INT_ADD(LEAF(register:0018:2:ushort),CONST(0x2,2))))))
000a60	FUN_000a60	00428a	STORE	CAST(INT_ZEXT(MULTIEQUAL(LEAF(register:0018:2:ushort),MULTIEQUAL(COPY(CONST(0x0,2)),INT_ADD(LEAF(register:0018:2:ushort),CONST(0x2,2))))))
000a60	FUN_000a60	00428c	LOAD	CAST(INT_ZEXT(MULTIEQUAL(LEAF(register:0018:2:ushort),MULTIEQUAL(COPY(CONST(0x0,2)),INT_ADD(LEAF(register:0018:2:ushort),CONST(0x2,2))))))
000a60	FUN_000a60	00430a	STORE	CAST(INT_ZEXT(MULTIEQUAL(LEAF(register:0018:2:ushort),MULTIEQUAL(COPY(CONST(0x0,2)),INT_ADD(LEAF(register:0018:2:ushort),CONST(0x2,2))))))
000a60	FUN_000a60	004310	STORE	CAST(INT_ZEXT(MULTIEQUAL(LEAF(register:0018:2:ushort),MULTIEQUAL(COPY(CONST(0x0,2)),INT_ADD(LEAF(register:0018:2:ushort),CONST(0x2,2))))))
000a70	FUN_000a70	004262	LOAD	CAST(INT_ZEXT(INT_ADD(MULTIEQUAL(LEAF(00e73c:2:short),INDIRECT(MULTIEQUAL(INDIRECT(INDIRECT(LEAF(00e73c:2:short),CONST(0x281,4)),CONST(0x29d,4)),LEAF(00e73c:2:short)),CONST(0x2ec,4))),INT_ZEXT(MULTIEQUAL(LEAF(register:001c:1:byte),INT_ADD(LEAF(register:001c:1:byte),CONST(0x2,1)))))))
000a70	FUN_000a70	004274	LOAD	CAST(INT_ZEXT(INT_ADD(MULTIEQUAL(LEAF(00e73c:2:short),INDIRECT(MULTIEQUAL(INDIRECT(INDIRECT(LEAF(00e73c:2:short),CONST(0x281,4)),CONST(0x29d,4)),LEAF(00e73c:2:short)),CONST(0x2ec,4))),INT_ZEXT(CAST(INT_ADD(MULTIEQUAL(LEAF(register:001c:1:byte),INT_ADD(LEAF(register:001c:1:byte),CONST(0x2,1))),CONST(0x1,1)))))))
000a70	FUN_000a70	00427e	STORE	CAST(INT_ZEXT(MULTIEQUAL(LEAF(register:0018:2:ushort),MULTIEQUAL(COPY(CONST(0x0,2)),INT_ADD(LEAF(register:0018:2:ushort),CONST(0x2,2))))))
000a70	FUN_000a70	004280	STORE	CAST(INT_ZEXT(MULTIEQUAL(LEAF(register:0018:2:ushort),MULTIEQUAL(COPY(CONST(0x0,2)),INT_ADD(LEAF(register:0018:2:ushort),CONST(0x2,2))))))
000a70	FUN_000a70	00428a	STORE	CAST(INT_ZEXT(MULTIEQUAL(LEAF(register:0018:2:ushort),MULTIEQUAL(COPY(CONST(0x0,2)),INT_ADD(LEAF(register:0018:2:ushort),CONST(0x2,2))))))
000a70	FUN_000a70	00428c	LOAD	CAST(INT_ZEXT(MULTIEQUAL(LEAF(register:0018:2:ushort),MULTIEQUAL(COPY(CONST(0x0,2)),INT_ADD(LEAF(register:0018:2:ushort),CONST(0x2,2))))))
000a70	FUN_000a70	00430a	STORE	CAST(INT_ZEXT(MULTIEQUAL(LEAF(register:0018:2:ushort),MULTIEQUAL(COPY(CONST(0x0,2)),INT_ADD(LEAF(register:0018:2:ushort),CONST(0x2,2))))))
000a70	FUN_000a70	004310	STORE	CAST(INT_ZEXT(MULTIEQUAL(LEAF(register:0018:2:ushort),MULTIEQUAL(COPY(CONST(0x0,2)),INT_ADD(LEAF(register:0018:2:ushort),CONST(0x2,2))))))
000c32	FUN_000c32	004262	LOAD	CAST(INT_ZEXT(INT_ADD(MULTIEQUAL(INDIRECT(MULTIEQUAL(INDIRECT(INDIRECT(LEAF(00e73c:2:short),CONST(0x2f5,4)),CONST(0x311,4)),LEAF(00e73c:2:short)),CONST(0x360,4)),LEAF(00e73c:2:short)),INT_ZEXT(MULTIEQUAL(INT_ADD(LEAF(register:001c:1:byte),CONST(0x2,1)),LEAF(register:001c:1:byte))))))
000c32	FUN_000c32	004274	LOAD	CAST(INT_ZEXT(INT_ADD(MULTIEQUAL(INDIRECT(MULTIEQUAL(INDIRECT(INDIRECT(LEAF(00e73c:2:short),CONST(0x2f5,4)),CONST(0x311,4)),LEAF(00e73c:2:short)),CONST(0x360,4)),LEAF(00e73c:2:short)),INT_ZEXT(CAST(INT_ADD(MULTIEQUAL(INT_ADD(LEAF(register:001c:1:byte),CONST(0x2,1)),LEAF(register:001c:1:byte)),CONST(0x1,1)))))))
000c32	FUN_000c32	00427e	STORE	CAST(INT_ZEXT(MULTIEQUAL(MULTIEQUAL(COPY(CONST(0x0,2)),INT_ADD(LEAF(register:0018:2:ushort),CONST(0x2,2))),LEAF(register:0018:2:ushort))))
000c32	FUN_000c32	004280	STORE	CAST(INT_ZEXT(MULTIEQUAL(MULTIEQUAL(COPY(CONST(0x0,2)),INT_ADD(LEAF(register:0018:2:ushort),CONST(0x2,2))),LEAF(register:0018:2:ushort))))
000c32	FUN_000c32	00428a	STORE	CAST(INT_ZEXT(MULTIEQUAL(MULTIEQUAL(COPY(CONST(0x0,2)),INT_ADD(LEAF(register:0018:2:ushort),CONST(0x2,2))),LEAF(register:0018:2:ushort))))
000c32	FUN_000c32	00428c	LOAD	CAST(INT_ZEXT(MULTIEQUAL(MULTIEQUAL(COPY(CONST(0x0,2)),INT_ADD(LEAF(register:0018:2:ushort),CONST(0x2,2))),LEAF(register:0018:2:ushort))))
000c32	FUN_000c32	00430a	STORE	CAST(INT_ZEXT(MULTIEQUAL(MULTIEQUAL(COPY(CONST(0x0,2)),INT_ADD(LEAF(register:0018:2:ushort),CONST(0x2,2))),LEAF(register:0018:2:ushort))))
000c32	FUN_000c32	004310	STORE	CAST(INT_ZEXT(MULTIEQUAL(MULTIEQUAL(COPY(CONST(0x0,2)),INT_ADD(LEAF(register:0018:2:ushort),CONST(0x2,2))),LEAF(register:0018:2:ushort))))
000db0	FUN_000db0	004262	LOAD	CAST(INT_ZEXT(INT_ADD(MULTIEQUAL(LEAF(00e73c:2:short),INDIRECT(MULTIEQUAL(INDIRECT(INDIRECT(LEAF(00e73c:2:short),CONST(0x29f,4)),CONST(0x2bb,4)),LEAF(00e73c:2:short)),CONST(0x30a,4))),INT_ZEXT(MULTIEQUAL(LEAF(register:001c:1:byte),INT_ADD(LEAF(register:001c:1:byte),CONST(0x2,1)))))))
000db0	FUN_000db0	004274	LOAD	CAST(INT_ZEXT(INT_ADD(MULTIEQUAL(LEAF(00e73c:2:short),INDIRECT(MULTIEQUAL(INDIRECT(INDIRECT(LEAF(00e73c:2:short),CONST(0x29f,4)),CONST(0x2bb,4)),LEAF(00e73c:2:short)),CONST(0x30a,4))),INT_ZEXT(CAST(INT_ADD(MULTIEQUAL(LEAF(register:001c:1:byte),INT_ADD(LEAF(register:001c:1:byte),CONST(0x2,1))),CONST(0x1,1)))))))
000db0	FUN_000db0	00427e	STORE	CAST(INT_ZEXT(MULTIEQUAL(LEAF(register:0018:2:ushort),MULTIEQUAL(COPY(CONST(0x0,2)),INT_ADD(LEAF(register:0018:2:ushort),CONST(0x2,2))))))
000db0	FUN_000db0	004280	STORE	CAST(INT_ZEXT(MULTIEQUAL(LEAF(register:0018:2:ushort),MULTIEQUAL(COPY(CONST(0x0,2)),INT_ADD(LEAF(register:0018:2:ushort),CONST(0x2,2))))))
000db0	FUN_000db0	00428a	STORE	CAST(INT_ZEXT(MULTIEQUAL(LEAF(register:0018:2:ushort),MULTIEQUAL(COPY(CONST(0x0,2)),INT_ADD(LEAF(register:0018:2:ushort),CONST(0x2,2))))))
000db0	FUN_000db0	00428c	LOAD	CAST(INT_ZEXT(MULTIEQUAL(LEAF(register:0018:2:ushort),MULTIEQUAL(COPY(CONST(0x0,2)),INT_ADD(LEAF(register:0018:2:ushort),CONST(0x2,2))))))
000db0	FUN_000db0	00430a	STORE	CAST(INT_ZEXT(MULTIEQUAL(LEAF(register:0018:2:ushort),MULTIEQUAL(COPY(CONST(0x0,2)),INT_ADD(LEAF(register:0018:2:ushort),CONST(0x2,2))))))
000db0	FUN_000db0	004310	STORE	CAST(INT_ZEXT(MULTIEQUAL(LEAF(register:0018:2:ushort),MULTIEQUAL(COPY(CONST(0x0,2)),INT_ADD(LEAF(register:0018:2:ushort),CONST(0x2,2))))))
0015a6	thunk_FUN_00592e	005924	STORE	CAST(INT_ZEXT(MULTIEQUAL(MULTIEQUAL(MULTIEQUAL(LEAF(register:000e:2:ushort),LEAF(register:000e:2:ushort)),LEAF(register:000e:2:ushort),LEAF(register:000e:2:ushort)),INT_ADD(LEAF(register:000e:2:ushort),CONST(0x1,2)))))
0015a6	thunk_FUN_00592e	00592a	LOAD	CAST(INT_ZEXT(MULTIEQUAL(MULTIEQUAL(MULTIEQUAL(LEAF(register:000e:2:ushort),LEAF(register:000e:2:ushort)),LEAF(register:000e:2:ushort),LEAF(register:000e:2:ushort)),INT_ADD(LEAF(register:000e:2:ushort),CONST(0x1,2)))))
0016ce	thunk_FUN_00592e	005924	STORE	CAST(INT_ZEXT(MULTIEQUAL(MULTIEQUAL(MULTIEQUAL(LEAF(register:000e:2:ushort),LEAF(register:000e:2:ushort)),LEAF(register:000e:2:ushort),LEAF(register:000e:2:ushort)),INT_ADD(LEAF(register:000e:2:ushort),CONST(0x1,2)))))
0016ce	thunk_FUN_00592e	00592a	LOAD	CAST(INT_ZEXT(MULTIEQUAL(MULTIEQUAL(MULTIEQUAL(LEAF(register:000e:2:ushort),LEAF(register:000e:2:ushort)),LEAF(register:000e:2:ushort),LEAF(register:000e:2:ushort)),INT_ADD(LEAF(register:000e:2:ushort),CONST(0x1,2)))))
0017b4	thunk_FUN_00592e	005924	STORE	CAST(INT_ZEXT(MULTIEQUAL(MULTIEQUAL(MULTIEQUAL(LEAF(register:000e:2:ushort),LEAF(register:000e:2:ushort)),LEAF(register:000e:2:ushort),LEAF(register:000e:2:ushort)),INT_ADD(LEAF(register:000e:2:ushort),CONST(0x1,2)))))
0017b4	thunk_FUN_00592e	00592a	LOAD	CAST(INT_ZEXT(MULTIEQUAL(MULTIEQUAL(MULTIEQUAL(LEAF(register:000e:2:ushort),LEAF(register:000e:2:ushort)),LEAF(register:000e:2:ushort),LEAF(register:000e:2:ushort)),INT_ADD(LEAF(register:000e:2:ushort),CONST(0x1,2)))))
0018c8	FUN_0018c8	00195c	LOAD	CAST(INT_ZEXT(INT_ADD(INT_ZEXT(CAST(INT_ADD(MULTIEQUAL(SUBPIECE(INT_RIGHT(INT_LEFT(INT_RIGHT(INT_ADD(LEAF(register:0002:2:short),CONST(0xa55,2)),CONST(0x8,2)),CONST(0xa,4)),CONST(0x8,4)),CONST(0x0,4)),LEAF(00fabd:1:char)),LEAF(00fade:1:byte)))),CONST(0xacf6,2))))
0018c8	FUN_0018c8	001982	LOAD	CAST(INT_ZEXT(INT_ADD(INT_RIGHT(INT_ADD(LEAF(register:0002:2:short),CONST(0xa55,2)),CONST(0x9,4)),CONST(0xad56,2))))
0018c8	FUN_0018c8	001cbe	LOAD	CAST(INT_ZEXT(INT_ADD(INT_MULT(INT_ZEXT(LEAF(00fa80:1:byte)),CONST(0x2,2)),CONST(0xad26,2))))
0018c8	FUN_0018c8	001cc2	LOAD	LOAD(CONST(0x1f1,4),CAST(INT_ZEXT(INT_ADD(INT_MULT(INT_ZEXT(LEAF(00fa80:1:byte)),CONST(0x2,2)),CONST(0xad26,2)))))
0018c8	FUN_0018c8	001cfa	LOAD	PTRADD(MULTIEQUAL(SUBPIECE(PTRSUB(CONST(0x0,3),CONST(0xfa52,3)),CONST(0x0,4)),SUBPIECE(PTRSUB(CONST(0x0,3),CONST(0xfa46,3)),CONST(0x0,4))),CONST(0x4,2),CONST(0x1,2))
0018c8	FUN_0018c8	001cfe	STORE	CAST(INT_ZEXT(INT_ADD(MULTIEQUAL(SUBPIECE(PTRSUB(CONST(0x0,3),CONST(0xfa46,3)),CONST(0x0,4)),SUBPIECE(PTRSUB(CONST(0x0,3),CONST(0xfa52,3)),CONST(0x0,4))),CONST(0xa,2))))
0018c8	FUN_0018c8	001d0e	LOAD	CAST(INT_ZEXT(INT_ADD(INT_ZEXT(INDIRECT(LEAF(00fa80:1:byte),CONST(0x4e2,4))),CONST(0xace4,2))))
0018c8	FUN_0018c8	001d16	STORE	CAST(INT_ZEXT(INT_ADD(MULTIEQUAL(SUBPIECE(PTRSUB(CONST(0x0,3),CONST(0xfa46,3)),CONST(0x0,4)),SUBPIECE(PTRSUB(CONST(0x0,3),CONST(0xfa52,3)),CONST(0x0,4))),CONST(0x8,2))))
0018c8	FUN_0018c8	001d24	LOAD	CAST(INT_ZEXT(INT_ADD(INT_MULT(INT_ZEXT(LEAF(00fa80:1:byte)),CONST(0x2,2)),CONST(0xad3e,2))))
0018c8	FUN_0018c8	001d2c	LOAD	CAST(INT_ADD(SUBPIECE(PTRSUB(CONST(0x0,3),CONST(0xfb04,3)),CONST(0x0,4)),LOAD(CONST(0x1f1,4),CAST(INT_ZEXT(INT_ADD(INT_MULT(INT_ZEXT(LEAF(00fa80:1:byte)),CONST(0x2,2)),CONST(0xad3e,2)))))))
0018c8	FUN_0018c8	001d38	STORE	CAST(INT_ADD(LOAD(CONST(0x1f1,4),CAST(INT_ZEXT(INT_ADD(INT_MULT(INT_ZEXT(LEAF(00fa80:1:byte)),CONST(0x2,2)),CONST(0xad3e,2))))),CONST(0xfa68,2)))
0018c8	FUN_0018c8	001d6a	STORE	CAST(INT_ZEXT(INT_ADD(MULTIEQUAL(SUBPIECE(PTRSUB(CONST(0x0,3),CONST(0xfa46,3)),CONST(0x0,4)),SUBPIECE(PTRSUB(CONST(0x0,3),CONST(0xfa52,3)),CONST(0x0,4))),CONST(0x2,2))))
0018c8	FUN_0018c8	001d74	STORE	CAST(INT_ZEXT(INT_ADD(MULTIEQUAL(SUBPIECE(PTRSUB(CONST(0x0,3),CONST(0xfa46,3)),CONST(0x0,4)),SUBPIECE(PTRSUB(CONST(0x0,3),CONST(0xfa52,3)),CONST(0x0,4))),CONST(0x2,2))))
0018c8	FUN_0018c8	001d82	STORE	CAST(INT_ZEXT(MULTIEQUAL(SUBPIECE(PTRSUB(CONST(0x0,3),CONST(0xfa46,3)),CONST(0x0,4)),SUBPIECE(PTRSUB(CONST(0x0,3),CONST(0xfa52,3)),CONST(0x0,4)))))
0018c8	FUN_0018c8	001d92	LOAD	CAST(INT_ZEXT(INT_ADD(INT_MULT(INT_ZEXT(MULTIEQUAL(INDIRECT(MULTIEQUAL(INDIRECT(INDIRECT(INDIRECT(INDIRECT(INDIRECT(LEAF(00fa80:1:byte),CONST(0x4e2,4)),CONST(0x5d5,4)),CONST(0xf40,4)),CONST(0x1073,4)),CONST(0x1171,4)),LEAF(00fa80:1:byte)),CONST(0x10fc,4)),LEAF(00fa80:1:byte))),CONST(0x2,2)),CONST(0xad32,2))))
0018c8	FUN_0018c8	001d96	LOAD	LOAD(CONST(0x1f1,4),CAST(INT_ZEXT(INT_ADD(INT_MULT(INT_ZEXT(MULTIEQUAL(INDIRECT(MULTIEQUAL(INDIRECT(INDIRECT(INDIRECT(INDIRECT(INDIRECT(LEAF(00fa80:1:byte),CONST(0x4e2,4)),CONST(0x5d5,4)),CONST(0xf40,4)),CONST(0x1073,4)),CONST(0x1171,4)),LEAF(00fa80:1:byte)),CONST(0x10fc,4)),LEAF(00fa80:1:byte))),CONST(0x2,2)),CONST(0xad32,2)))))
0018c8	FUN_0018c8	001dc4	LOAD	CAST(INT_ZEXT(INT_ADD(INT_MULT(INT_ZEXT(MULTIEQUAL(INDIRECT(MULTIEQUAL(INDIRECT(INDIRECT(INDIRECT(INDIRECT(INDIRECT(LEAF(00fa80:1:byte),CONST(0x4e2,4)),CONST(0x5d5,4)),CONST(0xf40,4)),CONST(0x1073,4)),CONST(0x1171,4)),LEAF(00fa80:1:byte)),CONST(0x10fc,4)),LEAF(00fa80:1:byte))),CONST(0x2,2)),CONST(0xad4a,2))))
0018c8	FUN_0018c8	001dcc	LOAD	CAST(INT_ADD(SUBPIECE(PTRSUB(CONST(0x0,3),CONST(0xfb04,3)),CONST(0x0,4)),LOAD(CONST(0x1f1,4),CAST(INT_ZEXT(INT_ADD(INT_MULT(INT_ZEXT(MULTIEQUAL(INDIRECT(MULTIEQUAL(INDIRECT(INDIRECT(INDIRECT(INDIRECT(INDIRECT(LEAF(00fa80:1:byte),CONST(0x4e2,4)),CONST(0x5d5,4)),CONST(0xf40,4)),CONST(0x1073,4)),CONST(0x1171,4)),LEAF(00fa80:1:byte)),CONST(0x10fc,4)),LEAF(00fa80:1:byte))),CONST(0x2,2)),CONST(0xad4a,2)))))))
0018c8	FUN_0018c8	001dd8	STORE	CAST(INT_ADD(LOAD(CONST(0x1f1,4),CAST(INT_ZEXT(INT_ADD(INT_MULT(INT_ZEXT(MULTIEQUAL(INDIRECT(MULTIEQUAL(INDIRECT(INDIRECT(INDIRECT(INDIRECT(INDIRECT(LEAF(00fa80:1:byte),CONST(0x4e2,4)),CONST(0x5d5,4)),CONST(0xf40,4)),CONST(0x1073,4)),CONST(0x1171,4)),LEAF(00fa80:1:byte)),CONST(0x10fc,4)),LEAF(00fa80:1:byte))),CONST(0x2,2)),CONST(0xad4a,2))))),CONST(0xfa68,2)))
0018c8	FUN_0018c8	001e28	LOAD	CAST(INT_ZEXT(INT_ADD(INT_ZEXT(INDIRECT(MULTIEQUAL(INDIRECT(MULTIEQUAL(INDIRECT(INDIRECT(INDIRECT(INDIRECT(INDIRECT(LEAF(00fa80:1:byte),CONST(0x4e2,4)),CONST(0x5d5,4)),CONST(0xf40,4)),CONST(0x1073,4)),CONST(0x1171,4)),LEAF(00fa80:1:byte)),CONST(0x10fc,4)),LEAF(00fa80:1:byte)),CONST(0x824,4))),CONST(0xace4,2))))
0018c8	FUN_0018c8	001e40	STORE	CAST(INT_ZEXT(INT_ADD(MULTIEQUAL(SUBPIECE(PTRSUB(CONST(0x0,3),CONST(0xfa46,3)),CONST(0x0,4)),SUBPIECE(PTRSUB(CONST(0x0,3),CONST(0xfa52,3)),CONST(0x0,4))),CONST(0x4,2))))
0018c8	FUN_0018c8	001e5c	STORE	CAST(INT_ZEXT(INT_ADD(MULTIEQUAL(SUBPIECE(PTRSUB(CONST(0x0,3),CONST(0xfa46,3)),CONST(0x0,4)),SUBPIECE(PTRSUB(CONST(0x0,3),CONST(0xfa52,3)),CONST(0x0,4))),CONST(0x6,2))))
0018c8	FUN_0018c8	001e62	STORE	CAST(INT_ZEXT(INT_ADD(MULTIEQUAL(SUBPIECE(PTRSUB(CONST(0x0,3),CONST(0xfa46,3)),CONST(0x0,4)),SUBPIECE(PTRSUB(CONST(0x0,3),CONST(0xfa52,3)),CONST(0x0,4))),CONST(0x4,2))))
0018c8	FUN_0018c8	001e6a	STORE	CAST(INT_ZEXT(INT_ADD(MULTIEQUAL(SUBPIECE(PTRSUB(CONST(0x0,3),CONST(0xfa46,3)),CONST(0x0,4)),SUBPIECE(PTRSUB(CONST(0x0,3),CONST(0xfa52,3)),CONST(0x0,4))),CONST(0x2,2))))
0018c8	FUN_0018c8	001e6e	STORE	CAST(INT_ZEXT(MULTIEQUAL(SUBPIECE(PTRSUB(CONST(0x0,3),CONST(0xfa46,3)),CONST(0x0,4)),SUBPIECE(PTRSUB(CONST(0x0,3),CONST(0xfa52,3)),CONST(0x0,4)))))
001a1c	FUN_001a1c	001cbe	LOAD	CAST(INT_ZEXT(INT_ADD(INT_MULT(INT_ZEXT(LEAF(00fa80:1:byte)),CONST(0x2,2)),CONST(0xad26,2))))
001a1c	FUN_001a1c	001cc2	LOAD	LOAD(CONST(0x1f1,4),CAST(INT_ZEXT(INT_ADD(INT_MULT(INT_ZEXT(LEAF(00fa80:1:byte)),CONST(0x2,2)),CONST(0xad26,2)))))
001a1c	FUN_001a1c	001cfa	LOAD	PTRADD(MULTIEQUAL(SUBPIECE(PTRSUB(CONST(0x0,3),CONST(0xfa52,3)),CONST(0x0,4)),SUBPIECE(PTRSUB(CONST(0x0,3),CONST(0xfa46,3)),CONST(0x0,4))),CONST(0x4,2),CONST(0x1,2))
001a1c	FUN_001a1c	001cfe	STORE	CAST(INT_ZEXT(INT_ADD(MULTIEQUAL(SUBPIECE(PTRSUB(CONST(0x0,3),CONST(0xfa46,3)),CONST(0x0,4)),SUBPIECE(PTRSUB(CONST(0x0,3),CONST(0xfa52,3)),CONST(0x0,4))),CONST(0xa,2))))
001a1c	FUN_001a1c	001d0e	LOAD	CAST(INT_ZEXT(INT_ADD(INT_ZEXT(INDIRECT(LEAF(00fa80:1:byte),CONST(0x360,4))),CONST(0xace4,2))))
001a1c	FUN_001a1c	001d16	STORE	CAST(INT_ZEXT(INT_ADD(MULTIEQUAL(SUBPIECE(PTRSUB(CONST(0x0,3),CONST(0xfa46,3)),CONST(0x0,4)),SUBPIECE(PTRSUB(CONST(0x0,3),CONST(0xfa52,3)),CONST(0x0,4))),CONST(0x8,2))))
001a1c	FUN_001a1c	001d24	LOAD	CAST(INT_ZEXT(INT_ADD(INT_MULT(INT_ZEXT(LEAF(00fa80:1:byte)),CONST(0x2,2)),CONST(0xad3e,2))))
001a1c	FUN_001a1c	001d2c	LOAD	CAST(INT_ADD(SUBPIECE(PTRSUB(CONST(0x0,3),CONST(0xfb04,3)),CONST(0x0,4)),LOAD(CONST(0x1f1,4),CAST(INT_ZEXT(INT_ADD(INT_MULT(INT_ZEXT(LEAF(00fa80:1:byte)),CONST(0x2,2)),CONST(0xad3e,2)))))))
001a1c	FUN_001a1c	001d38	STORE	CAST(INT_ADD(LOAD(CONST(0x1f1,4),CAST(INT_ZEXT(INT_ADD(INT_MULT(INT_ZEXT(LEAF(00fa80:1:byte)),CONST(0x2,2)),CONST(0xad3e,2))))),CONST(0xfa68,2)))
001a1c	FUN_001a1c	001d6a	STORE	CAST(INT_ZEXT(INT_ADD(MULTIEQUAL(SUBPIECE(PTRSUB(CONST(0x0,3),CONST(0xfa46,3)),CONST(0x0,4)),SUBPIECE(PTRSUB(CONST(0x0,3),CONST(0xfa52,3)),CONST(0x0,4))),CONST(0x2,2))))
001a1c	FUN_001a1c	001d74	STORE	CAST(INT_ZEXT(INT_ADD(MULTIEQUAL(SUBPIECE(PTRSUB(CONST(0x0,3),CONST(0xfa46,3)),CONST(0x0,4)),SUBPIECE(PTRSUB(CONST(0x0,3),CONST(0xfa52,3)),CONST(0x0,4))),CONST(0x2,2))))
001a1c	FUN_001a1c	001d82	STORE	CAST(INT_ZEXT(MULTIEQUAL(SUBPIECE(PTRSUB(CONST(0x0,3),CONST(0xfa46,3)),CONST(0x0,4)),SUBPIECE(PTRSUB(CONST(0x0,3),CONST(0xfa52,3)),CONST(0x0,4)))))
001a1c	FUN_001a1c	001d92	LOAD	CAST(INT_ZEXT(INT_ADD(INT_MULT(INT_ZEXT(MULTIEQUAL(INDIRECT(MULTIEQUAL(INDIRECT(INDIRECT(INDIRECT(INDIRECT(INDIRECT(LEAF(00fa80:1:byte),CONST(0x360,4)),CONST(0x453,4)),CONST(0xdbe,4)),CONST(0xef1,4)),CONST(0xfef,4)),LEAF(00fa80:1:byte)),CONST(0xf7a,4)),LEAF(00fa80:1:byte))),CONST(0x2,2)),CONST(0xad32,2))))
001a1c	FUN_001a1c	001d96	LOAD	LOAD(CONST(0x1f1,4),CAST(INT_ZEXT(INT_ADD(INT_MULT(INT_ZEXT(MULTIEQUAL(INDIRECT(MULTIEQUAL(INDIRECT(INDIRECT(INDIRECT(INDIRECT(INDIRECT(LEAF(00fa80:1:byte),CONST(0x360,4)),CONST(0x453,4)),CONST(0xdbe,4)),CONST(0xef1,4)),CONST(0xfef,4)),LEAF(00fa80:1:byte)),CONST(0xf7a,4)),LEAF(00fa80:1:byte))),CONST(0x2,2)),CONST(0xad32,2)))))
001a1c	FUN_001a1c	001dc4	LOAD	CAST(INT_ZEXT(INT_ADD(INT_MULT(INT_ZEXT(MULTIEQUAL(INDIRECT(MULTIEQUAL(INDIRECT(INDIRECT(INDIRECT(INDIRECT(INDIRECT(LEAF(00fa80:1:byte),CONST(0x360,4)),CONST(0x453,4)),CONST(0xdbe,4)),CONST(0xef1,4)),CONST(0xfef,4)),LEAF(00fa80:1:byte)),CONST(0xf7a,4)),LEAF(00fa80:1:byte))),CONST(0x2,2)),CONST(0xad4a,2))))
001a1c	FUN_001a1c	001dcc	LOAD	CAST(INT_ADD(SUBPIECE(PTRSUB(CONST(0x0,3),CONST(0xfb04,3)),CONST(0x0,4)),LOAD(CONST(0x1f1,4),CAST(INT_ZEXT(INT_ADD(INT_MULT(INT_ZEXT(MULTIEQUAL(INDIRECT(MULTIEQUAL(INDIRECT(INDIRECT(INDIRECT(INDIRECT(INDIRECT(LEAF(00fa80:1:byte),CONST(0x360,4)),CONST(0x453,4)),CONST(0xdbe,4)),CONST(0xef1,4)),CONST(0xfef,4)),LEAF(00fa80:1:byte)),CONST(0xf7a,4)),LEAF(00fa80:1:byte))),CONST(0x2,2)),CONST(0xad4a,2)))))))
001a1c	FUN_001a1c	001dd8	STORE	CAST(INT_ADD(LOAD(CONST(0x1f1,4),CAST(INT_ZEXT(INT_ADD(INT_MULT(INT_ZEXT(MULTIEQUAL(INDIRECT(MULTIEQUAL(INDIRECT(INDIRECT(INDIRECT(INDIRECT(INDIRECT(LEAF(00fa80:1:byte),CONST(0x360,4)),CONST(0x453,4)),CONST(0xdbe,4)),CONST(0xef1,4)),CONST(0xfef,4)),LEAF(00fa80:1:byte)),CONST(0xf7a,4)),LEAF(00fa80:1:byte))),CONST(0x2,2)),CONST(0xad4a,2))))),CONST(0xfa68,2)))
001a1c	FUN_001a1c	001e28	LOAD	CAST(INT_ZEXT(INT_ADD(INT_ZEXT(INDIRECT(MULTIEQUAL(INDIRECT(MULTIEQUAL(INDIRECT(INDIRECT(INDIRECT(INDIRECT(INDIRECT(LEAF(00fa80:1:byte),CONST(0x360,4)),CONST(0x453,4)),CONST(0xdbe,4)),CONST(0xef1,4)),CONST(0xfef,4)),LEAF(00fa80:1:byte)),CONST(0xf7a,4)),LEAF(00fa80:1:byte)),CONST(0x6a2,4))),CONST(0xace4,2))))
001a1c	FUN_001a1c	001e40	STORE	CAST(INT_ZEXT(INT_ADD(MULTIEQUAL(SUBPIECE(PTRSUB(CONST(0x0,3),CONST(0xfa46,3)),CONST(0x0,4)),SUBPIECE(PTRSUB(CONST(0x0,3),CONST(0xfa52,3)),CONST(0x0,4))),CONST(0x4,2))))
001a1c	FUN_001a1c	001e5c	STORE	CAST(INT_ZEXT(INT_ADD(MULTIEQUAL(SUBPIECE(PTRSUB(CONST(0x0,3),CONST(0xfa46,3)),CONST(0x0,4)),SUBPIECE(PTRSUB(CONST(0x0,3),CONST(0xfa52,3)),CONST(0x0,4))),CONST(0x6,2))))
001a1c	FUN_001a1c	001e62	STORE	CAST(INT_ZEXT(INT_ADD(MULTIEQUAL(SUBPIECE(PTRSUB(CONST(0x0,3),CONST(0xfa46,3)),CONST(0x0,4)),SUBPIECE(PTRSUB(CONST(0x0,3),CONST(0xfa52,3)),CONST(0x0,4))),CONST(0x4,2))))
001a1c	FUN_001a1c	001e6a	STORE	CAST(INT_ZEXT(INT_ADD(MULTIEQUAL(SUBPIECE(PTRSUB(CONST(0x0,3),CONST(0xfa46,3)),CONST(0x0,4)),SUBPIECE(PTRSUB(CONST(0x0,3),CONST(0xfa52,3)),CONST(0x0,4))),CONST(0x2,2))))
001a1c	FUN_001a1c	001e6e	STORE	CAST(INT_ZEXT(MULTIEQUAL(SUBPIECE(PTRSUB(CONST(0x0,3),CONST(0xfa46,3)),CONST(0x0,4)),SUBPIECE(PTRSUB(CONST(0x0,3),CONST(0xfa52,3)),CONST(0x0,4)))))
001a62	FUN_001a62	001cbe	LOAD	CAST(INT_ZEXT(INT_ADD(INT_MULT(INT_ZEXT(LEAF(00fa80:1:byte)),CONST(0x2,2)),CONST(0xad26,2))))
001a62	FUN_001a62	001cc2	LOAD	LOAD(CONST(0x1f1,4),CAST(INT_ZEXT(INT_ADD(INT_MULT(INT_ZEXT(LEAF(00fa80:1:byte)),CONST(0x2,2)),CONST(0xad26,2)))))
001a62	FUN_001a62	001cfa	LOAD	PTRADD(MULTIEQUAL(SUBPIECE(PTRSUB(CONST(0x0,3),CONST(0xfa52,3)),CONST(0x0,4)),SUBPIECE(PTRSUB(CONST(0x0,3),CONST(0xfa46,3)),CONST(0x0,4))),CONST(0x4,2),CONST(0x1,2))
001a62	FUN_001a62	001cfe	STORE	CAST(INT_ZEXT(INT_ADD(MULTIEQUAL(SUBPIECE(PTRSUB(CONST(0x0,3),CONST(0xfa46,3)),CONST(0x0,4)),SUBPIECE(PTRSUB(CONST(0x0,3),CONST(0xfa52,3)),CONST(0x0,4))),CONST(0xa,2))))
001a62	FUN_001a62	001d0e	LOAD	CAST(INT_ZEXT(INT_ADD(INT_ZEXT(INDIRECT(LEAF(00fa80:1:byte),CONST(0x32f,4))),CONST(0xace4,2))))
001a62	FUN_001a62	001d16	STORE	CAST(INT_ZEXT(INT_ADD(MULTIEQUAL(SUBPIECE(PTRSUB(CONST(0x0,3),CONST(0xfa46,3)),CONST(0x0,4)),SUBPIECE(PTRSUB(CONST(0x0,3),CONST(0xfa52,3)),CONST(0x0,4))),CONST(0x8,2))))
001a62	FUN_001a62	001d24	LOAD	CAST(INT_ZEXT(INT_ADD(INT_MULT(INT_ZEXT(LEAF(00fa80:1:byte)),CONST(0x2,2)),CONST(0xad3e,2))))
001a62	FUN_001a62	001d2c	LOAD	CAST(INT_ADD(SUBPIECE(PTRSUB(CONST(0x0,3),CONST(0xfb04,3)),CONST(0x0,4)),LOAD(CONST(0x1f1,4),CAST(INT_ZEXT(INT_ADD(INT_MULT(INT_ZEXT(LEAF(00fa80:1:byte)),CONST(0x2,2)),CONST(0xad3e,2)))))))
001a62	FUN_001a62	001d38	STORE	CAST(INT_ADD(LOAD(CONST(0x1f1,4),CAST(INT_ZEXT(INT_ADD(INT_MULT(INT_ZEXT(LEAF(00fa80:1:byte)),CONST(0x2,2)),CONST(0xad3e,2))))),CONST(0xfa68,2)))
001a62	FUN_001a62	001d6a	STORE	CAST(INT_ZEXT(INT_ADD(MULTIEQUAL(SUBPIECE(PTRSUB(CONST(0x0,3),CONST(0xfa46,3)),CONST(0x0,4)),SUBPIECE(PTRSUB(CONST(0x0,3),CONST(0xfa52,3)),CONST(0x0,4))),CONST(0x2,2))))
001a62	FUN_001a62	001d74	STORE	CAST(INT_ZEXT(INT_ADD(MULTIEQUAL(SUBPIECE(PTRSUB(CONST(0x0,3),CONST(0xfa46,3)),CONST(0x0,4)),SUBPIECE(PTRSUB(CONST(0x0,3),CONST(0xfa52,3)),CONST(0x0,4))),CONST(0x2,2))))
001a62	FUN_001a62	001d82	STORE	CAST(INT_ZEXT(MULTIEQUAL(SUBPIECE(PTRSUB(CONST(0x0,3),CONST(0xfa46,3)),CONST(0x0,4)),SUBPIECE(PTRSUB(CONST(0x0,3),CONST(0xfa52,3)),CONST(0x0,4)))))
001a62	FUN_001a62	001d92	LOAD	CAST(INT_ZEXT(INT_ADD(INT_MULT(INT_ZEXT(MULTIEQUAL(INDIRECT(MULTIEQUAL(INDIRECT(INDIRECT(INDIRECT(INDIRECT(INDIRECT(LEAF(00fa80:1:byte),CONST(0x32f,4)),CONST(0x422,4)),CONST(0xd8d,4)),CONST(0xec0,4)),CONST(0xfbe,4)),LEAF(00fa80:1:byte)),CONST(0xf49,4)),LEAF(00fa80:1:byte))),CONST(0x2,2)),CONST(0xad32,2))))
001a62	FUN_001a62	001d96	LOAD	LOAD(CONST(0x1f1,4),CAST(INT_ZEXT(INT_ADD(INT_MULT(INT_ZEXT(MULTIEQUAL(INDIRECT(MULTIEQUAL(INDIRECT(INDIRECT(INDIRECT(INDIRECT(INDIRECT(LEAF(00fa80:1:byte),CONST(0x32f,4)),CONST(0x422,4)),CONST(0xd8d,4)),CONST(0xec0,4)),CONST(0xfbe,4)),LEAF(00fa80:1:byte)),CONST(0xf49,4)),LEAF(00fa80:1:byte))),CONST(0x2,2)),CONST(0xad32,2)))))
001a62	FUN_001a62	001dc4	LOAD	CAST(INT_ZEXT(INT_ADD(INT_MULT(INT_ZEXT(MULTIEQUAL(INDIRECT(MULTIEQUAL(INDIRECT(INDIRECT(INDIRECT(INDIRECT(INDIRECT(LEAF(00fa80:1:byte),CONST(0x32f,4)),CONST(0x422,4)),CONST(0xd8d,4)),CONST(0xec0,4)),CONST(0xfbe,4)),LEAF(00fa80:1:byte)),CONST(0xf49,4)),LEAF(00fa80:1:byte))),CONST(0x2,2)),CONST(0xad4a,2))))
001a62	FUN_001a62	001dcc	LOAD	CAST(INT_ADD(SUBPIECE(PTRSUB(CONST(0x0,3),CONST(0xfb04,3)),CONST(0x0,4)),LOAD(CONST(0x1f1,4),CAST(INT_ZEXT(INT_ADD(INT_MULT(INT_ZEXT(MULTIEQUAL(INDIRECT(MULTIEQUAL(INDIRECT(INDIRECT(INDIRECT(INDIRECT(INDIRECT(LEAF(00fa80:1:byte),CONST(0x32f,4)),CONST(0x422,4)),CONST(0xd8d,4)),CONST(0xec0,4)),CONST(0xfbe,4)),LEAF(00fa80:1:byte)),CONST(0xf49,4)),LEAF(00fa80:1:byte))),CONST(0x2,2)),CONST(0xad4a,2)))))))
001a62	FUN_001a62	001dd8	STORE	CAST(INT_ADD(LOAD(CONST(0x1f1,4),CAST(INT_ZEXT(INT_ADD(INT_MULT(INT_ZEXT(MULTIEQUAL(INDIRECT(MULTIEQUAL(INDIRECT(INDIRECT(INDIRECT(INDIRECT(INDIRECT(LEAF(00fa80:1:byte),CONST(0x32f,4)),CONST(0x422,4)),CONST(0xd8d,4)),CONST(0xec0,4)),CONST(0xfbe,4)),LEAF(00fa80:1:byte)),CONST(0xf49,4)),LEAF(00fa80:1:byte))),CONST(0x2,2)),CONST(0xad4a,2))))),CONST(0xfa68,2)))
001a62	FUN_001a62	001e28	LOAD	CAST(INT_ZEXT(INT_ADD(INT_ZEXT(INDIRECT(MULTIEQUAL(INDIRECT(MULTIEQUAL(INDIRECT(INDIRECT(INDIRECT(INDIRECT(INDIRECT(LEAF(00fa80:1:byte),CONST(0x32f,4)),CONST(0x422,4)),CONST(0xd8d,4)),CONST(0xec0,4)),CONST(0xfbe,4)),LEAF(00fa80:1:byte)),CONST(0xf49,4)),LEAF(00fa80:1:byte)),CONST(0x671,4))),CONST(0xace4,2))))
001a62	FUN_001a62	001e40	STORE	CAST(INT_ZEXT(INT_ADD(MULTIEQUAL(SUBPIECE(PTRSUB(CONST(0x0,3),CONST(0xfa46,3)),CONST(0x0,4)),SUBPIECE(PTRSUB(CONST(0x0,3),CONST(0xfa52,3)),CONST(0x0,4))),CONST(0x4,2))))
001a62	FUN_001a62	001e5c	STORE	CAST(INT_ZEXT(INT_ADD(MULTIEQUAL(SUBPIECE(PTRSUB(CONST(0x0,3),CONST(0xfa46,3)),CONST(0x0,4)),SUBPIECE(PTRSUB(CONST(0x0,3),CONST(0xfa52,3)),CONST(0x0,4))),CONST(0x6,2))))
001a62	FUN_001a62	001e62	STORE	CAST(INT_ZEXT(INT_ADD(MULTIEQUAL(SUBPIECE(PTRSUB(CONST(0x0,3),CONST(0xfa46,3)),CONST(0x0,4)),SUBPIECE(PTRSUB(CONST(0x0,3),CONST(0xfa52,3)),CONST(0x0,4))),CONST(0x4,2))))
001a62	FUN_001a62	001e6a	STORE	CAST(INT_ZEXT(INT_ADD(MULTIEQUAL(SUBPIECE(PTRSUB(CONST(0x0,3),CONST(0xfa46,3)),CONST(0x0,4)),SUBPIECE(PTRSUB(CONST(0x0,3),CONST(0xfa52,3)),CONST(0x0,4))),CONST(0x2,2))))
001a62	FUN_001a62	001e6e	STORE	CAST(INT_ZEXT(MULTIEQUAL(SUBPIECE(PTRSUB(CONST(0x0,3),CONST(0xfa46,3)),CONST(0x0,4)),SUBPIECE(PTRSUB(CONST(0x0,3),CONST(0xfa52,3)),CONST(0x0,4)))))
001a8e	FUN_001a8e	001cbe	LOAD	CAST(INT_ZEXT(INT_ADD(INT_MULT(INT_ZEXT(LEAF(00fa80:1:byte)),CONST(0x2,2)),CONST(0xad26,2))))
001a8e	FUN_001a8e	001cc2	LOAD	LOAD(CONST(0x1f1,4),CAST(INT_ZEXT(INT_ADD(INT_MULT(INT_ZEXT(LEAF(00fa80:1:byte)),CONST(0x2,2)),CONST(0xad26,2)))))
001a8e	FUN_001a8e	001cfa	LOAD	PTRADD(MULTIEQUAL(SUBPIECE(PTRSUB(CONST(0x0,3),CONST(0xfa52,3)),CONST(0x0,4)),SUBPIECE(PTRSUB(CONST(0x0,3),CONST(0xfa46,3)),CONST(0x0,4))),CONST(0x4,2),CONST(0x1,2))
001a8e	FUN_001a8e	001cfe	STORE	CAST(INT_ZEXT(INT_ADD(MULTIEQUAL(SUBPIECE(PTRSUB(CONST(0x0,3),CONST(0xfa46,3)),CONST(0x0,4)),SUBPIECE(PTRSUB(CONST(0x0,3),CONST(0xfa52,3)),CONST(0x0,4))),CONST(0xa,2))))
001a8e	FUN_001a8e	001d0e	LOAD	CAST(INT_ZEXT(INT_ADD(INT_ZEXT(INDIRECT(LEAF(00fa80:1:byte),CONST(0x225,4))),CONST(0xace4,2))))
001a8e	FUN_001a8e	001d16	STORE	CAST(INT_ZEXT(INT_ADD(MULTIEQUAL(SUBPIECE(PTRSUB(CONST(0x0,3),CONST(0xfa46,3)),CONST(0x0,4)),SUBPIECE(PTRSUB(CONST(0x0,3),CONST(0xfa52,3)),CONST(0x0,4))),CONST(0x8,2))))
001a8e	FUN_001a8e	001d24	LOAD	CAST(INT_ZEXT(INT_ADD(INT_MULT(INT_ZEXT(LEAF(00fa80:1:byte)),CONST(0x2,2)),CONST(0xad3e,2))))
001a8e	FUN_001a8e	001d2c	LOAD	CAST(INT_ADD(SUBPIECE(PTRSUB(CONST(0x0,3),CONST(0xfb04,3)),CONST(0x0,4)),LOAD(CONST(0x1f1,4),CAST(INT_ZEXT(INT_ADD(INT_MULT(INT_ZEXT(LEAF(00fa80:1:byte)),CONST(0x2,2)),CONST(0xad3e,2)))))))
001a8e	FUN_001a8e	001d38	STORE	CAST(INT_ADD(LOAD(CONST(0x1f1,4),CAST(INT_ZEXT(INT_ADD(INT_MULT(INT_ZEXT(LEAF(00fa80:1:byte)),CONST(0x2,2)),CONST(0xad3e,2))))),CONST(0xfa68,2)))
001a8e	FUN_001a8e	001d6a	STORE	CAST(INT_ZEXT(INT_ADD(MULTIEQUAL(SUBPIECE(PTRSUB(CONST(0x0,3),CONST(0xfa46,3)),CONST(0x0,4)),SUBPIECE(PTRSUB(CONST(0x0,3),CONST(0xfa52,3)),CONST(0x0,4))),CONST(0x2,2))))
001a8e	FUN_001a8e	001d74	STORE	CAST(INT_ZEXT(INT_ADD(MULTIEQUAL(SUBPIECE(PTRSUB(CONST(0x0,3),CONST(0xfa46,3)),CONST(0x0,4)),SUBPIECE(PTRSUB(CONST(0x0,3),CONST(0xfa52,3)),CONST(0x0,4))),CONST(0x2,2))))
001a8e	FUN_001a8e	001d82	STORE	CAST(INT_ZEXT(MULTIEQUAL(SUBPIECE(PTRSUB(CONST(0x0,3),CONST(0xfa46,3)),CONST(0x0,4)),SUBPIECE(PTRSUB(CONST(0x0,3),CONST(0xfa52,3)),CONST(0x0,4)))))
001a8e	FUN_001a8e	001d92	LOAD	CAST(INT_ZEXT(INT_ADD(INT_MULT(INT_ZEXT(MULTIEQUAL(INDIRECT(MULTIEQUAL(INDIRECT(INDIRECT(INDIRECT(INDIRECT(INDIRECT(LEAF(00fa80:1:byte),CONST(0x225,4)),CONST(0x318,4)),CONST(0xc83,4)),CONST(0xdb6,4)),CONST(0xeb4,4)),LEAF(00fa80:1:byte)),CONST(0xe3f,4)),LEAF(00fa80:1:byte))),CONST(0x2,2)),CONST(0xad32,2))))
001a8e	FUN_001a8e	001d96	LOAD	LOAD(CONST(0x1f1,4),CAST(INT_ZEXT(INT_ADD(INT_MULT(INT_ZEXT(MULTIEQUAL(INDIRECT(MULTIEQUAL(INDIRECT(INDIRECT(INDIRECT(INDIRECT(INDIRECT(LEAF(00fa80:1:byte),CONST(0x225,4)),CONST(0x318,4)),CONST(0xc83,4)),CONST(0xdb6,4)),CONST(0xeb4,4)),LEAF(00fa80:1:byte)),CONST(0xe3f,4)),LEAF(00fa80:1:byte))),CONST(0x2,2)),CONST(0xad32,2)))))
001a8e	FUN_001a8e	001dc4	LOAD	CAST(INT_ZEXT(INT_ADD(INT_MULT(INT_ZEXT(MULTIEQUAL(INDIRECT(MULTIEQUAL(INDIRECT(INDIRECT(INDIRECT(INDIRECT(INDIRECT(LEAF(00fa80:1:byte),CONST(0x225,4)),CONST(0x318,4)),CONST(0xc83,4)),CONST(0xdb6,4)),CONST(0xeb4,4)),LEAF(00fa80:1:byte)),CONST(0xe3f,4)),LEAF(00fa80:1:byte))),CONST(0x2,2)),CONST(0xad4a,2))))
001a8e	FUN_001a8e	001dcc	LOAD	CAST(INT_ADD(SUBPIECE(PTRSUB(CONST(0x0,3),CONST(0xfb04,3)),CONST(0x0,4)),LOAD(CONST(0x1f1,4),CAST(INT_ZEXT(INT_ADD(INT_MULT(INT_ZEXT(MULTIEQUAL(INDIRECT(MULTIEQUAL(INDIRECT(INDIRECT(INDIRECT(INDIRECT(INDIRECT(LEAF(00fa80:1:byte),CONST(0x225,4)),CONST(0x318,4)),CONST(0xc83,4)),CONST(0xdb6,4)),CONST(0xeb4,4)),LEAF(00fa80:1:byte)),CONST(0xe3f,4)),LEAF(00fa80:1:byte))),CONST(0x2,2)),CONST(0xad4a,2)))))))
001a8e	FUN_001a8e	001dd8	STORE	CAST(INT_ADD(LOAD(CONST(0x1f1,4),CAST(INT_ZEXT(INT_ADD(INT_MULT(INT_ZEXT(MULTIEQUAL(INDIRECT(MULTIEQUAL(INDIRECT(INDIRECT(INDIRECT(INDIRECT(INDIRECT(LEAF(00fa80:1:byte),CONST(0x225,4)),CONST(0x318,4)),CONST(0xc83,4)),CONST(0xdb6,4)),CONST(0xeb4,4)),LEAF(00fa80:1:byte)),CONST(0xe3f,4)),LEAF(00fa80:1:byte))),CONST(0x2,2)),CONST(0xad4a,2))))),CONST(0xfa68,2)))
001a8e	FUN_001a8e	001e28	LOAD	CAST(INT_ZEXT(INT_ADD(INT_ZEXT(INDIRECT(MULTIEQUAL(INDIRECT(MULTIEQUAL(INDIRECT(INDIRECT(INDIRECT(INDIRECT(INDIRECT(LEAF(00fa80:1:byte),CONST(0x225,4)),CONST(0x318,4)),CONST(0xc83,4)),CONST(0xdb6,4)),CONST(0xeb4,4)),LEAF(00fa80:1:byte)),CONST(0xe3f,4)),LEAF(00fa80:1:byte)),CONST(0x567,4))),CONST(0xace4,2))))
001a8e	FUN_001a8e	001e40	STORE	CAST(INT_ZEXT(INT_ADD(MULTIEQUAL(SUBPIECE(PTRSUB(CONST(0x0,3),CONST(0xfa46,3)),CONST(0x0,4)),SUBPIECE(PTRSUB(CONST(0x0,3),CONST(0xfa52,3)),CONST(0x0,4))),CONST(0x4,2))))
001a8e	FUN_001a8e	001e5c	STORE	CAST(INT_ZEXT(INT_ADD(MULTIEQUAL(SUBPIECE(PTRSUB(CONST(0x0,3),CONST(0xfa46,3)),CONST(0x0,4)),SUBPIECE(PTRSUB(CONST(0x0,3),CONST(0xfa52,3)),CONST(0x0,4))),CONST(0x6,2))))
001a8e	FUN_001a8e	001e62	STORE	CAST(INT_ZEXT(INT_ADD(MULTIEQUAL(SUBPIECE(PTRSUB(CONST(0x0,3),CONST(0xfa46,3)),CONST(0x0,4)),SUBPIECE(PTRSUB(CONST(0x0,3),CONST(0xfa52,3)),CONST(0x0,4))),CONST(0x4,2))))
001a8e	FUN_001a8e	001e6a	STORE	CAST(INT_ZEXT(INT_ADD(MULTIEQUAL(SUBPIECE(PTRSUB(CONST(0x0,3),CONST(0xfa46,3)),CONST(0x0,4)),SUBPIECE(PTRSUB(CONST(0x0,3),CONST(0xfa52,3)),CONST(0x0,4))),CONST(0x2,2))))
001a8e	FUN_001a8e	001e6e	STORE	CAST(INT_ZEXT(MULTIEQUAL(SUBPIECE(PTRSUB(CONST(0x0,3),CONST(0xfa46,3)),CONST(0x0,4)),SUBPIECE(PTRSUB(CONST(0x0,3),CONST(0xfa52,3)),CONST(0x0,4)))))
001bcc	FUN_001bcc	001cbe	LOAD	CAST(INT_ZEXT(INT_ADD(INT_MULT(INT_ZEXT(LEAF(00fa80:1:byte)),CONST(0x2,2)),CONST(0xad26,2))))
001bcc	FUN_001bcc	001cc2	LOAD	LOAD(CONST(0x1f1,4),CAST(INT_ZEXT(INT_ADD(INT_MULT(INT_ZEXT(LEAF(00fa80:1:byte)),CONST(0x2,2)),CONST(0xad26,2)))))
001bcc	FUN_001bcc	001cfa	LOAD	PTRADD(MULTIEQUAL(SUBPIECE(PTRSUB(CONST(0x0,3),CONST(0xfa52,3)),CONST(0x0,4)),SUBPIECE(PTRSUB(CONST(0x0,3),CONST(0xfa46,3)),CONST(0x0,4))),CONST(0x4,2),CONST(0x1,2))
001bcc	FUN_001bcc	001cfe	STORE	CAST(INT_ZEXT(INT_ADD(MULTIEQUAL(SUBPIECE(PTRSUB(CONST(0x0,3),CONST(0xfa46,3)),CONST(0x0,4)),SUBPIECE(PTRSUB(CONST(0x0,3),CONST(0xfa52,3)),CONST(0x0,4))),CONST(0xa,2))))
001bcc	FUN_001bcc	001d0e	LOAD	CAST(INT_ZEXT(INT_ADD(INT_ZEXT(INDIRECT(LEAF(00fa80:1:byte),CONST(0x231,4))),CONST(0xace4,2))))
001bcc	FUN_001bcc	001d16	STORE	CAST(INT_ZEXT(INT_ADD(MULTIEQUAL(SUBPIECE(PTRSUB(CONST(0x0,3),CONST(0xfa46,3)),CONST(0x0,4)),SUBPIECE(PTRSUB(CONST(0x0,3),CONST(0xfa52,3)),CONST(0x0,4))),CONST(0x8,2))))
001bcc	FUN_001bcc	001d24	LOAD	CAST(INT_ZEXT(INT_ADD(INT_MULT(INT_ZEXT(LEAF(00fa80:1:byte)),CONST(0x2,2)),CONST(0xad3e,2))))
001bcc	FUN_001bcc	001d2c	LOAD	CAST(INT_ADD(SUBPIECE(PTRSUB(CONST(0x0,3),CONST(0xfb04,3)),CONST(0x0,4)),LOAD(CONST(0x1f1,4),CAST(INT_ZEXT(INT_ADD(INT_MULT(INT_ZEXT(LEAF(00fa80:1:byte)),CONST(0x2,2)),CONST(0xad3e,2)))))))
001bcc	FUN_001bcc	001d38	STORE	CAST(INT_ADD(LOAD(CONST(0x1f1,4),CAST(INT_ZEXT(INT_ADD(INT_MULT(INT_ZEXT(LEAF(00fa80:1:byte)),CONST(0x2,2)),CONST(0xad3e,2))))),CONST(0xfa68,2)))
001bcc	FUN_001bcc	001d6a	STORE	CAST(INT_ZEXT(INT_ADD(MULTIEQUAL(SUBPIECE(PTRSUB(CONST(0x0,3),CONST(0xfa46,3)),CONST(0x0,4)),SUBPIECE(PTRSUB(CONST(0x0,3),CONST(0xfa52,3)),CONST(0x0,4))),CONST(0x2,2))))
001bcc	FUN_001bcc	001d74	STORE	CAST(INT_ZEXT(INT_ADD(MULTIEQUAL(SUBPIECE(PTRSUB(CONST(0x0,3),CONST(0xfa46,3)),CONST(0x0,4)),SUBPIECE(PTRSUB(CONST(0x0,3),CONST(0xfa52,3)),CONST(0x0,4))),CONST(0x2,2))))
001bcc	FUN_001bcc	001d82	STORE	CAST(INT_ZEXT(MULTIEQUAL(SUBPIECE(PTRSUB(CONST(0x0,3),CONST(0xfa46,3)),CONST(0x0,4)),SUBPIECE(PTRSUB(CONST(0x0,3),CONST(0xfa52,3)),CONST(0x0,4)))))
001bcc	FUN_001bcc	001d92	LOAD	CAST(INT_ZEXT(INT_ADD(INT_MULT(INT_ZEXT(MULTIEQUAL(INDIRECT(MULTIEQUAL(INDIRECT(INDIRECT(INDIRECT(INDIRECT(INDIRECT(LEAF(00fa80:1:byte),CONST(0x231,4)),CONST(0x324,4)),CONST(0xc8f,4)),CONST(0xdc2,4)),CONST(0xec0,4)),LEAF(00fa80:1:byte)),CONST(0xe4b,4)),LEAF(00fa80:1:byte))),CONST(0x2,2)),CONST(0xad32,2))))
001bcc	FUN_001bcc	001d96	LOAD	LOAD(CONST(0x1f1,4),CAST(INT_ZEXT(INT_ADD(INT_MULT(INT_ZEXT(MULTIEQUAL(INDIRECT(MULTIEQUAL(INDIRECT(INDIRECT(INDIRECT(INDIRECT(INDIRECT(LEAF(00fa80:1:byte),CONST(0x231,4)),CONST(0x324,4)),CONST(0xc8f,4)),CONST(0xdc2,4)),CONST(0xec0,4)),LEAF(00fa80:1:byte)),CONST(0xe4b,4)),LEAF(00fa80:1:byte))),CONST(0x2,2)),CONST(0xad32,2)))))
001bcc	FUN_001bcc	001dc4	LOAD	CAST(INT_ZEXT(INT_ADD(INT_MULT(INT_ZEXT(MULTIEQUAL(INDIRECT(MULTIEQUAL(INDIRECT(INDIRECT(INDIRECT(INDIRECT(INDIRECT(LEAF(00fa80:1:byte),CONST(0x231,4)),CONST(0x324,4)),CONST(0xc8f,4)),CONST(0xdc2,4)),CONST(0xec0,4)),LEAF(00fa80:1:byte)),CONST(0xe4b,4)),LEAF(00fa80:1:byte))),CONST(0x2,2)),CONST(0xad4a,2))))
001bcc	FUN_001bcc	001dcc	LOAD	CAST(INT_ADD(SUBPIECE(PTRSUB(CONST(0x0,3),CONST(0xfb04,3)),CONST(0x0,4)),LOAD(CONST(0x1f1,4),CAST(INT_ZEXT(INT_ADD(INT_MULT(INT_ZEXT(MULTIEQUAL(INDIRECT(MULTIEQUAL(INDIRECT(INDIRECT(INDIRECT(INDIRECT(INDIRECT(LEAF(00fa80:1:byte),CONST(0x231,4)),CONST(0x324,4)),CONST(0xc8f,4)),CONST(0xdc2,4)),CONST(0xec0,4)),LEAF(00fa80:1:byte)),CONST(0xe4b,4)),LEAF(00fa80:1:byte))),CONST(0x2,2)),CONST(0xad4a,2)))))))
001bcc	FUN_001bcc	001dd8	STORE	CAST(INT_ADD(LOAD(CONST(0x1f1,4),CAST(INT_ZEXT(INT_ADD(INT_MULT(INT_ZEXT(MULTIEQUAL(INDIRECT(MULTIEQUAL(INDIRECT(INDIRECT(INDIRECT(INDIRECT(INDIRECT(LEAF(00fa80:1:byte),CONST(0x231,4)),CONST(0x324,4)),CONST(0xc8f,4)),CONST(0xdc2,4)),CONST(0xec0,4)),LEAF(00fa80:1:byte)),CONST(0xe4b,4)),LEAF(00fa80:1:byte))),CONST(0x2,2)),CONST(0xad4a,2))))),CONST(0xfa68,2)))
001bcc	FUN_001bcc	001e28	LOAD	CAST(INT_ZEXT(INT_ADD(INT_ZEXT(INDIRECT(MULTIEQUAL(INDIRECT(MULTIEQUAL(INDIRECT(INDIRECT(INDIRECT(INDIRECT(INDIRECT(LEAF(00fa80:1:byte),CONST(0x231,4)),CONST(0x324,4)),CONST(0xc8f,4)),CONST(0xdc2,4)),CONST(0xec0,4)),LEAF(00fa80:1:byte)),CONST(0xe4b,4)),LEAF(00fa80:1:byte)),CONST(0x573,4))),CONST(0xace4,2))))
001bcc	FUN_001bcc	001e40	STORE	CAST(INT_ZEXT(INT_ADD(MULTIEQUAL(SUBPIECE(PTRSUB(CONST(0x0,3),CONST(0xfa46,3)),CONST(0x0,4)),SUBPIECE(PTRSUB(CONST(0x0,3),CONST(0xfa52,3)),CONST(0x0,4))),CONST(0x4,2))))
001bcc	FUN_001bcc	001e5c	STORE	CAST(INT_ZEXT(INT_ADD(MULTIEQUAL(SUBPIECE(PTRSUB(CONST(0x0,3),CONST(0xfa46,3)),CONST(0x0,4)),SUBPIECE(PTRSUB(CONST(0x0,3),CONST(0xfa52,3)),CONST(0x0,4))),CONST(0x6,2))))
001bcc	FUN_001bcc	001e62	STORE	CAST(INT_ZEXT(INT_ADD(MULTIEQUAL(SUBPIECE(PTRSUB(CONST(0x0,3),CONST(0xfa46,3)),CONST(0x0,4)),SUBPIECE(PTRSUB(CONST(0x0,3),CONST(0xfa52,3)),CONST(0x0,4))),CONST(0x4,2))))
001bcc	FUN_001bcc	001e6a	STORE	CAST(INT_ZEXT(INT_ADD(MULTIEQUAL(SUBPIECE(PTRSUB(CONST(0x0,3),CONST(0xfa46,3)),CONST(0x0,4)),SUBPIECE(PTRSUB(CONST(0x0,3),CONST(0xfa52,3)),CONST(0x0,4))),CONST(0x2,2))))
001bcc	FUN_001bcc	001e6e	STORE	CAST(INT_ZEXT(MULTIEQUAL(SUBPIECE(PTRSUB(CONST(0x0,3),CONST(0xfa46,3)),CONST(0x0,4)),SUBPIECE(PTRSUB(CONST(0x0,3),CONST(0xfa52,3)),CONST(0x0,4)))))
004dcc	FUN_004dcc	004e28	LOAD	CAST(INT_ZEXT(MULTIEQUAL(INT_AND(LEAF(00e736:2:ushort),CONST(0x3fff,2)),MULTIEQUAL(COPY(CONST(0x0,2)),INT_ADD(LEAF(register:000e:2:ushort),CONST(0x1,2))))))
004dcc	FUN_004dcc	004e2e	STORE	CAST(INT_ZEXT(MULTIEQUAL(COPY(SUBPIECE(PTRSUB(CONST(0x0,3),CONST(0xe523,3)),CONST(0x0,4))),COPY(INT_ADD(LEAF(register:0012:2:ushort),CONST(0x1,2))))))
00592e	FUN_00592e	005924	STORE	CAST(INT_ZEXT(MULTIEQUAL(MULTIEQUAL(MULTIEQUAL(LEAF(register:000e:2:ushort),LEAF(register:000e:2:ushort)),LEAF(register:000e:2:ushort),LEAF(register:000e:2:ushort)),INT_ADD(LEAF(register:000e:2:ushort),CONST(0x1,2)))))
00592e	FUN_00592e	00592a	LOAD	CAST(INT_ZEXT(MULTIEQUAL(MULTIEQUAL(MULTIEQUAL(LEAF(register:000e:2:ushort),LEAF(register:000e:2:ushort)),LEAF(register:000e:2:ushort),LEAF(register:000e:2:ushort)),INT_ADD(LEAF(register:000e:2:ushort),CONST(0x1,2)))))
0203e2	FUN_0203e2	0203ac	STORE	CAST(INT_ZEXT(INT_ADD(MULTIEQUAL(LEAF(unique:00022d00:2:ushort),LEAF(register:000e:2:ushort)),CONST(0x1,2))))
0203e2	FUN_0203e2	0203b2	LOAD	CAST(INT_ZEXT(INT_ADD(MULTIEQUAL(LEAF(unique:00022d00:2:ushort),LEAF(register:000e:2:ushort)),CONST(0x1,2))))
0206be	FUN_0206be	02069c	LOAD	CAST(INT_ZEXT(INT_ADD(SUBPIECE(PTRSUB(CONST(0x0,3),CONST(0xef10,3)),CONST(0x0,4)),INT_ZEXT(INT_ADD(SUBPIECE(MULTIEQUAL(MULTIEQUAL(MULTIEQUAL(LEAF(register:000c:2:ushort),LEAF(register:000c:2:ushort)),LEAF(register:000c:2:ushort)),LEAF(register:000c:2:ushort)),CONST(0x0,2)),CONST(0x1,1))))))
0206be	FUN_0206be	0206b6	STORE	CAST(INT_ZEXT(INT_ADD(INT_ADD(SUBPIECE(PTRSUB(CONST(0x0,3),CONST(0xd840,3)),CONST(0x0,4)),INT_MULT(MULTIEQUAL(COPY(CONST(0x0,2)),INT_ADD(MULTIEQUAL(MULTIEQUAL(LEAF(register:0012:2:ushort),LEAF(register:0012:2:ushort)),LEAF(register:0012:2:ushort)),CONST(0x1,2))),CONST(0x40,2))),INT_AND(MULTIEQUAL(INT_ZEXT(INT_ADD(SUBPIECE(MULTIEQUAL(MULTIEQUAL(LEAF(register:000c:2:ushort),LEAF(register:000c:2:ushort)),LEAF(register:000c:2:ushort)),CONST(0x0,2)),CONST(0x1,1))),LEAF(register:000c:2:ushort)),CONST(0xff,2)))))
0206be	FUN_0206be	0206cc	STORE	CAST(INT_ZEXT(INT_ADD(INT_ADD(SUBPIECE(PTRSUB(CONST(0x0,3),CONST(0xd840,3)),CONST(0x0,4)),INT_MULT(MULTIEQUAL(MULTIEQUAL(COPY(CONST(0x0,2)),INT_ADD(MULTIEQUAL(LEAF(register:0012:2:ushort),LEAF(register:0012:2:ushort)),CONST(0x1,2))),LEAF(register:0012:2:ushort)),CONST(0x40,2))),INT_AND(MULTIEQUAL(MULTIEQUAL(INT_ZEXT(INT_ADD(SUBPIECE(MULTIEQUAL(LEAF(register:000c:2:ushort),LEAF(register:000c:2:ushort)),CONST(0x0,2)),CONST(0x1,1))),LEAF(register:000c:2:ushort)),LEAF(register:000c:2:ushort)),CONST(0xff,2)))))
0208ea	FUN_0208ea	02093c	LOAD	CAST(INT_ZEXT(INT_ADD(SUBPIECE(PTRSUB(CONST(0x0,3),CONST(0xef77,3)),CONST(0x0,4)),MULTIEQUAL(COPY(CONST(0x0,2)),INT_ADD(LEAF(register:0012:2:ushort),CONST(0x1,2))))))
0208ea	FUN_0208ea	020940	STORE	CAST(INT_ZEXT(INT_ADD(SUBPIECE(PTRSUB(CONST(0x0,3),CONST(0xec26,3)),CONST(0x0,4)),MULTIEQUAL(COPY(CONST(0x0,2)),INT_ADD(LEAF(register:0012:2:ushort),CONST(0x1,2))))))
0208ea	FUN_0208ea	020944	LOAD	CAST(INT_ZEXT(INT_ADD(SUBPIECE(PTRSUB(CONST(0x0,3),CONST(0xef77,3)),CONST(0x0,4)),MULTIEQUAL(COPY(CONST(0x0,2)),INT_ADD(LEAF(register:0012:2:ushort),CONST(0x1,2))))))
0208ea	FUN_0208ea	020948	STORE	CAST(INT_ZEXT(INT_ADD(SUBPIECE(PTRSUB(CONST(0x0,3),CONST(0xec5a,3)),CONST(0x0,4)),MULTIEQUAL(COPY(CONST(0x0,2)),INT_ADD(LEAF(register:0012:2:ushort),CONST(0x1,2))))))
0208ea	FUN_0208ea	02094c	LOAD	CAST(INT_ZEXT(INT_ADD(SUBPIECE(PTRSUB(CONST(0x0,3),CONST(0xec26,3)),CONST(0x0,4)),MULTIEQUAL(COPY(CONST(0x0,2)),INT_ADD(LEAF(register:0012:2:ushort),CONST(0x1,2))))))
0208ea	FUN_0208ea	02097a	LOAD	CAST(INT_ZEXT(INT_ADD(INT_ADD(SUBPIECE(PTRSUB(CONST(0x0,3),CONST(0xef81,3)),CONST(0x0,4)),INT_MULT(MULTIEQUAL(COPY(CONST(0x0,2)),INT_ADD(LEAF(register:0012:2:ushort),CONST(0x1,2))),CONST(0xa,2))),INT_ZEXT(MULTIEQUAL(COPY(CONST(0x0,1)),INT_ADD(LEAF(register:000c:1:byte),CONST(0x1,1)))))))
0208ea	FUN_0208ea	02097a	STORE	CAST(INT_ZEXT(INT_ADD(INT_ADD(SUBPIECE(PTRSUB(CONST(0x0,3),CONST(0xea1a,3)),CONST(0x0,4)),INT_MULT(INT_ZEXT(LOAD(CONST(0x1f1,4),CAST(INT_ZEXT(INT_ADD(SUBPIECE(PTRSUB(CONST(0x0,3),CONST(0xec26,3)),CONST(0x0,4)),MULTIEQUAL(COPY(CONST(0x0,2)),INT_ADD(LEAF(register:0012:2:ushort),CONST(0x1,2)))))))),CONST(0xa,2))),INT_ZEXT(MULTIEQUAL(COPY(CONST(0x0,1)),INT_ADD(LEAF(register:000c:1:byte),CONST(0x1,1)))))))
0208ea	FUN_0208ea	020984	LOAD	CAST(INT_ZEXT(INT_ADD(SUBPIECE(PTRSUB(CONST(0x0,3),CONST(0xea1a,3)),CONST(0x0,4)),INT_MULT(INT_ZEXT(LOAD(CONST(0x1f1,4),CAST(INT_ZEXT(INT_ADD(SUBPIECE(PTRSUB(CONST(0x0,3),CONST(0xec26,3)),CONST(0x0,4)),MULTIEQUAL(COPY(CONST(0x0,2)),INT_ADD(LEAF(register:0012:2:ushort),CONST(0x1,2)))))))),CONST(0xa,2)))))
0208ea	FUN_0208ea	02098e	LOAD	CAST(INT_ZEXT(INT_ADD(SUBPIECE(PTRSUB(CONST(0x0,3),CONST(0xec26,3)),CONST(0x0,4)),MULTIEQUAL(COPY(CONST(0x0,2)),INT_ADD(LEAF(register:0012:2:ushort),CONST(0x1,2))))))
0208ea	FUN_0208ea	0249f2	STORE	CAST(INT_ZEXT(CAST(INT_ADD(SUBPIECE(PTRSUB(CONST(0x0,3),CONST(0xe865,3)),CONST(0x0,4)),INDIRECT(LEAF(00efea:2:short),CONST(0x52,4))))))
0208ea	FUN_0208ea	024a20	STORE	CAST(INT_ZEXT(INT_ADD(SUBPIECE(PTRSUB(CONST(0x0,3),CONST(0xe865,3)),CONST(0x0,4)),INT_ZEXT(INT_AND(INT_ADD(INDIRECT(INDIRECT(LEAF(00fac2:1:byte),CONST(0x52,4)),CONST(0xa7,4)),CONST(0x1,1)),CONST(0x1f,1))))))
0208ea	FUN_0208ea	024a50	STORE	CAST(INT_ZEXT(INT_ADD(SUBPIECE(PTRSUB(CONST(0x0,3),CONST(0xe865,3)),CONST(0x0,4)),INT_ZEXT(INT_AND(INT_ADD(INDIRECT(INT_AND(INT_ADD(INDIRECT(INDIRECT(LEAF(00fac2:1:byte),CONST(0x52,4)),CONST(0xa7,4)),CONST(0x1,1)),CONST(0x1f,1)),CONST(0x1a4,4)),CONST(0x1,1)),CONST(0x1f,1))))))
0208ea	FUN_0208ea	024a7e	STORE	CAST(INT_ZEXT(INT_ADD(SUBPIECE(PTRSUB(CONST(0x0,3),CONST(0xe865,3)),CONST(0x0,4)),INT_ZEXT(INT_AND(INT_ADD(INDIRECT(INT_AND(INT_ADD(INDIRECT(INT_AND(INT_ADD(INDIRECT(INDIRECT(LEAF(00fac2:1:byte),CONST(0x52,4)),CONST(0xa7,4)),CONST(0x1,1)),CONST(0x1f,1)),CONST(0x1a4,4)),CONST(0x1,1)),CONST(0x1f,1)),CONST(0x2a1,4)),CONST(0x1,1)),CONST(0x1f,1))))))
0208ea	FUN_0208ea	024aac	STORE	CAST(INT_ZEXT(INT_ADD(SUBPIECE(PTRSUB(CONST(0x0,3),CONST(0xe865,3)),CONST(0x0,4)),INT_ZEXT(INT_AND(INT_ADD(INDIRECT(INT_AND(INT_ADD(INDIRECT(INT_AND(INT_ADD(INDIRECT(INT_AND(INT_ADD(INDIRECT(LEAF(00fac2:1:byte),CONST(0xa7,4)),CONST(0x1,1)),CONST(0x1f,1)),CONST(0x1a4,4)),CONST(0x1,1)),CONST(0x1f,1)),CONST(0x2a1,4)),CONST(0x1,1)),CONST(0x1f,1)),CONST(0x39e,4)),CONST(0x1,1)),CONST(0x1f,1))))))
0208ea	FUN_0208ea	024ada	STORE	CAST(INT_ZEXT(INT_ADD(SUBPIECE(PTRSUB(CONST(0x0,3),CONST(0xe865,3)),CONST(0x0,4)),INT_ZEXT(INT_AND(INT_ADD(INDIRECT(INT_AND(INT_ADD(INDIRECT(INT_AND(INT_ADD(INDIRECT(INT_AND(INT_ADD(INDIRECT(LEAF(unique:00023b00:1:byte),CONST(0x1a4,4)),CONST(0x1,1)),CONST(0x1f,1)),CONST(0x2a1,4)),CONST(0x1,1)),CONST(0x1f,1)),CONST(0x39e,4)),CONST(0x1,1)),CONST(0x1f,1)),CONST(0x49b,4)),CONST(0x1,1)),CONST(0x1f,1))))))
020d5e	FUN_020d5e	020d58	LOAD	CAST(INT_ZEXT(INT_ADD(SUBPIECE(PTRSUB(CONST(0x0,3),CONST(0xec26,3)),CONST(0x0,4)),INT_ZEXT(INT_ADD(SUBPIECE(MULTIEQUAL(COPY(LEAF(register:000c:2:ushort)),LEAF(register:000c:2:ushort)),CONST(0x0,2)),CONST(0x1,1))))))
020d5e	FUN_020d5e	020d5e	STORE	CAST(INT_ZEXT(INT_ADD(SUBPIECE(PTRSUB(CONST(0x0,3),CONST(0xef77,3)),CONST(0x0,4)),MULTIEQUAL(INT_ZEXT(INT_ADD(SUBPIECE(MULTIEQUAL(COPY(LEAF(register:000c:2:ushort)),LEAF(register:000c:2:ushort)),CONST(0x0,2)),CONST(0x1,1))),LEAF(register:0008:2:ushort)))))
020d5e	FUN_020d5e	020d64	LOAD	CAST(INT_ZEXT(INT_ADD(SUBPIECE(PTRSUB(CONST(0x0,3),CONST(0xec26,3)),CONST(0x0,4)),INT_AND(MULTIEQUAL(COPY(INT_ZEXT(INT_ADD(SUBPIECE(LEAF(register:000c:2:ushort),CONST(0x0,2)),CONST(0x1,1)))),LEAF(register:000c:2:ushort)),CONST(0xff,2)))))
020d5e	FUN_020d5e	020d94	LOAD	CAST(INT_ZEXT(INT_ADD(INT_ADD(SUBPIECE(PTRSUB(CONST(0x0,3),CONST(0xea1a,3)),CONST(0x0,4)),INT_MULT(INT_ZEXT(LOAD(CONST(0x1f1,4),CAST(INT_ZEXT(INT_ADD(SUBPIECE(PTRSUB(CONST(0x0,3),CONST(0xec26,3)),CONST(0x0,4)),INT_AND(MULTIEQUAL(COPY(INT_ZEXT(INT_ADD(SUBPIECE(LEAF(register:000c:2:ushort),CONST(0x0,2)),CONST(0x1,1)))),LEAF(register:000c:2:ushort)),CONST(0xff,2))))))),CONST(0xa,2))),INT_ZEXT(MULTIEQUAL(COPY(CONST(0x0,1)),INT_ADD(LEAF(register:000e:1:byte),CONST(0x1,1)))))))
020d5e	FUN_020d5e	020d94	STORE	CAST(INT_ZEXT(INT_ADD(INT_ADD(SUBPIECE(PTRSUB(CONST(0x0,3),CONST(0xef81,3)),CONST(0x0,4)),INT_MULT(INT_AND(MULTIEQUAL(COPY(INT_ZEXT(INT_ADD(SUBPIECE(LEAF(register:000c:2:ushort),CONST(0x0,2)),CONST(0x1,1)))),LEAF(register:000c:2:ushort)),CONST(0xff,2)),CONST(0xa,2))),INT_ZEXT(MULTIEQUAL(COPY(CONST(0x0,1)),INT_ADD(LEAF(register:000e:1:byte),CONST(0x1,1)))))))
020da4	FUN_020da4	020d58	LOAD	CAST(INT_ZEXT(INT_ADD(SUBPIECE(PTRSUB(CONST(0x0,3),CONST(0xec26,3)),CONST(0x0,4)),INT_ZEXT(MULTIEQUAL(INT_ADD(LEAF(register:000c:1:byte),CONST(0x1,1)),LEAF(register:000c:1:byte))))))
020da4	FUN_020da4	020d5e	STORE	CAST(INT_ZEXT(INT_ADD(SUBPIECE(PTRSUB(CONST(0x0,3),CONST(0xef77,3)),CONST(0x0,4)),INT_ZEXT(MULTIEQUAL(INT_ADD(LEAF(register:000c:1:byte),CONST(0x1,1)),LEAF(register:000c:1:byte))))))
020da4	FUN_020da4	020d64	LOAD	CAST(INT_ZEXT(INT_ADD(SUBPIECE(PTRSUB(CONST(0x0,3),CONST(0xec26,3)),CONST(0x0,4)),INT_ZEXT(MULTIEQUAL(INT_ADD(LEAF(register:000c:1:byte),CONST(0x1,1)),LEAF(register:000c:1:byte))))))
020da4	FUN_020da4	020d94	LOAD	CAST(INT_ZEXT(INT_ADD(INT_ADD(SUBPIECE(PTRSUB(CONST(0x0,3),CONST(0xea1a,3)),CONST(0x0,4)),INT_MULT(INT_ZEXT(LOAD(CONST(0x1f1,4),CAST(INT_ZEXT(INT_ADD(SUBPIECE(PTRSUB(CONST(0x0,3),CONST(0xec26,3)),CONST(0x0,4)),INT_ZEXT(MULTIEQUAL(INT_ADD(LEAF(register:000c:1:byte),CONST(0x1,1)),LEAF(register:000c:1:byte)))))))),CONST(0xa,2))),INT_ZEXT(MULTIEQUAL(COPY(CONST(0x0,1)),INT_ADD(LEAF(register:000e:1:byte),CONST(0x1,1)))))))
020da4	FUN_020da4	020d94	STORE	CAST(INT_ZEXT(INT_ADD(INT_ADD(SUBPIECE(PTRSUB(CONST(0x0,3),CONST(0xef81,3)),CONST(0x0,4)),INT_MULT(INT_ZEXT(MULTIEQUAL(INT_ADD(LEAF(register:000c:1:byte),CONST(0x1,1)),LEAF(register:000c:1:byte))),CONST(0xa,2))),INT_ZEXT(MULTIEQUAL(COPY(CONST(0x0,1)),INT_ADD(LEAF(register:000e:1:byte),CONST(0x1,1)))))))
020f98	FUN_020f98	020f9c	STORE	CAST(INT_ZEXT(MULTIEQUAL(LEAF(register:0010:2:ushort),INT_ADD(LEAF(register:0010:2:ushort),CONST(0x1,2)))))
0219e6	FUN_0219e6	0219e8	LOAD	CAST(INT_ZEXT(LEAF(register:0018:2:ushort)))
0219e6	FUN_0219e6	0219f0	LOAD	CAST(INT_ZEXT(INT_ADD(LEAF(register:0018:2:ushort),CONST(0x1,2))))
0219e6	FUN_0219e6	021a14	STORE	CAST(INT_ZEXT(LEAF(register:0018:2:ushort)))
0219e6	FUN_0219e6	021a18	STORE	CAST(INT_ZEXT(INT_ADD(LEAF(register:0018:2:ushort),CONST(0x1,2))))
0219e6	FUN_0219e6	021a32	LOAD	CAST(INT_ZEXT(LEAF(register:0018:2:ushort)))
0219e6	FUN_0219e6	021a44	STORE	CAST(INT_ZEXT(INT_ADD(SUBPIECE(PTRSUB(CONST(0x0,3),CONST(0xec5a,3)),CONST(0x0,4)),INT_ZEXT(LEAF(00ea19:1:byte)))))
0219e6	FUN_0219e6	021a4e	LOAD	CAST(INT_ZEXT(INT_ADD(LEAF(register:001a:2:short),CONST(0x8,2))))
0219e6	FUN_0219e6	021a52	LOAD	CAST(INT_ZEXT(LOAD(CONST(0x1f1,4),CAST(INT_ZEXT(INT_ADD(LEAF(register:001a:2:short),CONST(0x8,2)))))))
0219e6	FUN_0219e6	021a54	STORE	CAST(INT_ZEXT(INT_ADD(LEAF(register:0018:2:ushort),CONST(0x4,2))))
0219e6	FUN_0219e6	021a58	LOAD	CAST(INT_ZEXT(INT_ADD(LEAF(register:001a:2:short),CONST(0xa,2))))
0219e6	FUN_0219e6	021a5c	LOAD	CAST(INT_ZEXT(LOAD(CONST(0x1f1,4),CAST(INT_ZEXT(INT_ADD(LEAF(register:001a:2:short),CONST(0xa,2)))))))
0219e6	FUN_0219e6	021a5e	STORE	CAST(INT_ZEXT(INT_ADD(LEAF(register:0018:2:ushort),CONST(0x5,2))))
0219e6	FUN_0219e6	021a62	LOAD	CAST(INT_ZEXT(INT_ADD(LEAF(register:001a:2:short),CONST(0xc,2))))
0219e6	FUN_0219e6	021a66	LOAD	CAST(INT_ZEXT(LOAD(CONST(0x1f1,4),CAST(INT_ZEXT(INT_ADD(LEAF(register:001a:2:short),CONST(0xc,2)))))))
0219e6	FUN_0219e6	021a68	STORE	CAST(INT_ZEXT(INT_ADD(LEAF(register:0018:2:ushort),CONST(0x6,2))))
0219e6	FUN_0219e6	021a6c	LOAD	CAST(INT_ZEXT(INT_ADD(LEAF(register:001a:2:short),CONST(0xe,2))))
0219e6	FUN_0219e6	021a70	LOAD	CAST(INT_ZEXT(LOAD(CONST(0x1f1,4),CAST(INT_ZEXT(INT_ADD(LEAF(register:001a:2:short),CONST(0xe,2)))))))
0219e6	FUN_0219e6	021a72	STORE	CAST(INT_ZEXT(INT_ADD(LEAF(register:0018:2:ushort),CONST(0x7,2))))
0219e6	FUN_0219e6	021a7a	LOAD	CAST(INT_ZEXT(INT_ADD(LEAF(register:001a:2:short),CONST(0x1,2))))
0219e6	FUN_0219e6	021a8e	STORE	CAST(INT_ZEXT(LEAF(register:0018:2:ushort)))
0219e6	FUN_0219e6	021a94	STORE	CAST(INT_ZEXT(INT_ADD(LEAF(register:0018:2:ushort),CONST(0x9,2))))
0219e6	FUN_0219e6	021a9c	STORE	CAST(INT_ZEXT(INT_ADD(LEAF(register:0018:2:ushort),CONST(0x8,2))))
0219e6	FUN_0219e6	021ac6	STORE	CAST(INT_ZEXT(INT_ADD(SUBPIECE(PTRSUB(CONST(0x0,3),CONST(0xec26,3)),CONST(0x0,4)),INT_ZEXT(MULTIEQUAL(INDIRECT(INDIRECT(INDIRECT(INDIRECT(INDIRECT(INDIRECT(INDIRECT(INDIRECT(LEAF(00ea18:1:byte),CONST(0x6e0,4)),CONST(0x775,4)),CONST(0x7c6,4)),CONST(0x817,4)),CONST(0x868,4)),CONST(0x94c,4)),CONST(0x982,4)),CONST(0x9b8,4)),LEAF(00ea18:1:byte),LEAF(00ea18:1:byte),LEAF(00ea18:1:byte))))))
0219e6	FUN_0219e6	021ad8	STORE	CAST(INT_ZEXT(LEAF(register:0018:2:ushort)))
0219e6	FUN_0219e6	021ade	STORE	CAST(INT_ZEXT(INT_ADD(LEAF(register:0018:2:ushort),CONST(0x3,2))))
0219e6	FUN_0219e6	021ae2	LOAD	CAST(INT_ZEXT(INT_ADD(LEAF(register:0018:2:ushort),CONST(0x2,2))))
0219e6	FUN_0219e6	021af0	LOAD	CAST(INT_ZEXT(INT_ADD(LEAF(register:0018:2:ushort),CONST(0x2,2))))
0219e6	FUN_0219e6	021af4	STORE	CAST(INT_ZEXT(INT_ADD(LEAF(register:0018:2:ushort),CONST(0x2,2))))
0219e6	FUN_0219e6	021b04	STORE	CAST(INT_ZEXT(INT_ADD(LEAF(register:0018:2:ushort),CONST(0x1,2))))
021c9c	FUN_021c9c	021c9e	LOAD	CAST(INT_ZEXT(LEAF(register:0018:2:ushort)))
021c9c	FUN_021c9c	021ca6	LOAD	CAST(INT_ZEXT(INT_ADD(LEAF(register:0018:2:ushort),CONST(0x1,2))))
021c9c	FUN_021c9c	021cca	STORE	CAST(INT_ZEXT(LEAF(register:0018:2:ushort)))
021c9c	FUN_021c9c	021cce	STORE	CAST(INT_ZEXT(INT_ADD(LEAF(register:0018:2:ushort),CONST(0x1,2))))
021c9c	FUN_021c9c	021ce8	LOAD	CAST(INT_ZEXT(LEAF(register:0018:2:ushort)))
021c9c	FUN_021c9c	021cfa	STORE	CAST(INT_ZEXT(INT_ADD(SUBPIECE(PTRSUB(CONST(0x0,3),CONST(0xec5a,3)),CONST(0x0,4)),INT_ZEXT(LEAF(00ea19:1:byte)))))
021c9c	FUN_021c9c	021d04	LOAD	CAST(INT_ZEXT(INT_ADD(LEAF(register:001a:2:short),CONST(0x8,2))))
021c9c	FUN_021c9c	021d08	LOAD	CAST(INT_ZEXT(LOAD(CONST(0x1f1,4),CAST(INT_ZEXT(INT_ADD(LEAF(register:001a:2:short),CONST(0x8,2)))))))
021c9c	FUN_021c9c	021d0a	STORE	CAST(INT_ZEXT(INT_ADD(LEAF(register:0018:2:ushort),CONST(0x4,2))))
021c9c	FUN_021c9c	021d0e	LOAD	CAST(INT_ZEXT(INT_ADD(LEAF(register:001a:2:short),CONST(0xa,2))))
021c9c	FUN_021c9c	021d12	LOAD	CAST(INT_ZEXT(LOAD(CONST(0x1f1,4),CAST(INT_ZEXT(INT_ADD(LEAF(register:001a:2:short),CONST(0xa,2)))))))
021c9c	FUN_021c9c	021d14	STORE	CAST(INT_ZEXT(INT_ADD(LEAF(register:0018:2:ushort),CONST(0x5,2))))
021c9c	FUN_021c9c	021d18	LOAD	CAST(INT_ZEXT(INT_ADD(LEAF(register:001a:2:short),CONST(0xc,2))))
021c9c	FUN_021c9c	021d1c	LOAD	CAST(INT_ZEXT(LOAD(CONST(0x1f1,4),CAST(INT_ZEXT(INT_ADD(LEAF(register:001a:2:short),CONST(0xc,2)))))))
021c9c	FUN_021c9c	021d1e	STORE	CAST(INT_ZEXT(INT_ADD(LEAF(register:0018:2:ushort),CONST(0x6,2))))
021c9c	FUN_021c9c	021d22	LOAD	CAST(INT_ZEXT(INT_ADD(LEAF(register:001a:2:short),CONST(0xe,2))))
021c9c	FUN_021c9c	021d26	LOAD	CAST(INT_ZEXT(LOAD(CONST(0x1f1,4),CAST(INT_ZEXT(INT_ADD(LEAF(register:001a:2:short),CONST(0xe,2)))))))
021c9c	FUN_021c9c	021d28	STORE	CAST(INT_ZEXT(INT_ADD(LEAF(register:0018:2:ushort),CONST(0x7,2))))
021c9c	FUN_021c9c	021d30	LOAD	CAST(INT_ZEXT(INT_ADD(LEAF(register:001a:2:short),CONST(0x1,2))))
021c9c	FUN_021c9c	021d44	STORE	CAST(INT_ZEXT(LEAF(register:0018:2:ushort)))
021c9c	FUN_021c9c	021d4a	STORE	CAST(INT_ZEXT(INT_ADD(LEAF(register:0018:2:ushort),CONST(0x9,2))))
021c9c	FUN_021c9c	021d52	STORE	CAST(INT_ZEXT(INT_ADD(LEAF(register:0018:2:ushort),CONST(0x8,2))))
021c9c	FUN_021c9c	021d7c	STORE	CAST(INT_ZEXT(INT_ADD(SUBPIECE(PTRSUB(CONST(0x0,3),CONST(0xec26,3)),CONST(0x0,4)),INT_ZEXT(MULTIEQUAL(INDIRECT(INDIRECT(INDIRECT(INDIRECT(INDIRECT(INDIRECT(INDIRECT(INDIRECT(LEAF(00ea18:1:byte),CONST(0x718,4)),CONST(0x7ad,4)),CONST(0x7fe,4)),CONST(0x84f,4)),CONST(0x8a0,4)),CONST(0x984,4)),CONST(0x9ba,4)),CONST(0x9f0,4)),LEAF(00ea18:1:byte),LEAF(00ea18:1:byte),LEAF(00ea18:1:byte))))))
021c9c	FUN_021c9c	021d8e	STORE	CAST(INT_ZEXT(INT_ADD(LEAF(register:0018:2:ushort),CONST(0x3,2))))
021c9c	FUN_021c9c	021d92	LOAD	CAST(INT_ZEXT(INT_ADD(LEAF(register:0018:2:ushort),CONST(0x2,2))))
021c9c	FUN_021c9c	021da0	LOAD	CAST(INT_ZEXT(INT_ADD(LEAF(register:0018:2:ushort),CONST(0x2,2))))
021c9c	FUN_021c9c	021da4	STORE	CAST(INT_ZEXT(INT_ADD(LEAF(register:0018:2:ushort),CONST(0x2,2))))
021c9c	FUN_021c9c	021dbe	STORE	CAST(INT_ZEXT(LEAF(register:0018:2:ushort)))
021c9c	FUN_021c9c	021dc2	STORE	CAST(INT_ZEXT(INT_ADD(LEAF(register:0018:2:ushort),CONST(0x1,2))))
021e08	FUN_021e08	021e20	LOAD	CAST(INT_ZEXT(INT_ADD(SUBPIECE(PTRSUB(CONST(0x0,3),CONST(0xec26,3)),CONST(0x0,4)),INT_ZEXT(MULTIEQUAL(INT_ADD(LEAF(register:000e:1:byte),CONST(0x1,1)),INT_ADD(LEAF(register:000e:1:byte),CONST(0x1,1)),LEAF(register:000e:1:byte),COPY(CONST(0x0,1)))))))
021e08	FUN_021e08	021e34	LOAD	CAST(INT_ZEXT(INT_ADD(SUBPIECE(PTRSUB(CONST(0x0,3),CONST(0xea1a,3)),CONST(0x0,4)),INT_MULT(INT_ZEXT(LOAD(CONST(0x1f1,4),CAST(INT_ZEXT(INT_ADD(SUBPIECE(PTRSUB(CONST(0x0,3),CONST(0xec26,3)),CONST(0x0,4)),INT_ZEXT(MULTIEQUAL(INT_ADD(LEAF(register:000e:1:byte),CONST(0x1,1)),INT_ADD(LEAF(register:000e:1:byte),CONST(0x1,1)),LEAF(register:000e:1:byte),COPY(CONST(0x0,1))))))))),CONST(0xa,2)))))
021e08	FUN_021e08	021e40	LOAD	CAST(INT_ZEXT(INT_ADD(INT_MULT(INT_ZEXT(LOAD(CONST(0x1f1,4),CAST(INT_ZEXT(INT_ADD(SUBPIECE(PTRSUB(CONST(0x0,3),CONST(0xec26,3)),CONST(0x0,4)),INT_ZEXT(MULTIEQUAL(INT_ADD(LEAF(register:000e:1:byte),CONST(0x1,1)),INT_ADD(LEAF(register:000e:1:byte),CONST(0x1,1)),LEAF(register:000e:1:byte),COPY(CONST(0x0,1))))))))),CONST(0xa,2)),CONST(0xea1d,2))))
021e08	FUN_021e08	021e44	STORE	CAST(INT_ZEXT(INT_ADD(INT_MULT(INT_ZEXT(LOAD(CONST(0x1f1,4),CAST(INT_ZEXT(INT_ADD(SUBPIECE(PTRSUB(CONST(0x0,3),CONST(0xec26,3)),CONST(0x0,4)),INT_ZEXT(MULTIEQUAL(INT_ADD(LEAF(register:000e:1:byte),CONST(0x1,1)),INT_ADD(LEAF(register:000e:1:byte),CONST(0x1,1)),LEAF(register:000e:1:byte),COPY(CONST(0x0,1))))))))),CONST(0xa,2)),CONST(0xea1d,2))))
021e08	FUN_021e08	021e54	STORE	CAST(INT_ZEXT(INT_ADD(INT_ADD(SUBPIECE(PTRSUB(CONST(0x0,3),CONST(0xea1a,3)),CONST(0x0,4)),INT_MULT(INT_ZEXT(LOAD(CONST(0x1f1,4),CAST(INT_ZEXT(INT_ADD(SUBPIECE(PTRSUB(CONST(0x0,3),CONST(0xec26,3)),CONST(0x0,4)),INT_ZEXT(MULTIEQUAL(INT_ADD(LEAF(register:000e:1:byte),CONST(0x1,1)),INT_ADD(LEAF(register:000e:1:byte),CONST(0x1,1)),LEAF(register:000e:1:byte),COPY(CONST(0x0,1))))))))),CONST(0xa,2))),INT_ZEXT(MULTIEQUAL(COPY(CONST(0x0,1)),INT_ADD(LEAF(register:000c:1:byte),CONST(0x1,1)))))))
021e08	FUN_021e08	021e66	LOAD	CAST(INT_ZEXT(INT_ADD(SUBPIECE(PTRSUB(CONST(0x0,3),CONST(0xec5a,3)),CONST(0x0,4)),INT_ZEXT(MULTIEQUAL(INT_ADD(LEAF(unique:10000026:1:byte),CONST(0x1,1)),COPY(CONST(0x0,1)))))))
021e5a	default	021e20	LOAD	CAST(INT_ZEXT(INT_ADD(SUBPIECE(PTRSUB(CONST(0x0,3),CONST(0xec26,3)),CONST(0x0,4)),INT_ZEXT(MULTIEQUAL(MULTIEQUAL(LEAF(register:000e:1:byte),LEAF(register:000e:1:byte),LEAF(register:000e:1:byte)),INT_ADD(LEAF(register:000e:1:byte),CONST(0x1,1)),INT_ADD(LEAF(register:000e:1:byte),CONST(0x1,1)))))))
021e5a	default	021e34	LOAD	CAST(INT_ZEXT(INT_ADD(SUBPIECE(PTRSUB(CONST(0x0,3),CONST(0xea1a,3)),CONST(0x0,4)),INT_MULT(INT_ZEXT(LOAD(CONST(0x1f1,4),CAST(INT_ZEXT(INT_ADD(SUBPIECE(PTRSUB(CONST(0x0,3),CONST(0xec26,3)),CONST(0x0,4)),INT_ZEXT(MULTIEQUAL(MULTIEQUAL(LEAF(register:000e:1:byte),LEAF(register:000e:1:byte),LEAF(register:000e:1:byte)),INT_ADD(LEAF(register:000e:1:byte),CONST(0x1,1)),INT_ADD(LEAF(register:000e:1:byte),CONST(0x1,1))))))))),CONST(0xa,2)))))
021e5a	default	021e40	LOAD	CAST(INT_ZEXT(INT_ADD(INT_MULT(INT_ZEXT(LOAD(CONST(0x1f1,4),CAST(INT_ZEXT(INT_ADD(SUBPIECE(PTRSUB(CONST(0x0,3),CONST(0xec26,3)),CONST(0x0,4)),INT_ZEXT(MULTIEQUAL(MULTIEQUAL(LEAF(register:000e:1:byte),LEAF(register:000e:1:byte),LEAF(register:000e:1:byte)),INT_ADD(LEAF(register:000e:1:byte),CONST(0x1,1)),INT_ADD(LEAF(register:000e:1:byte),CONST(0x1,1))))))))),CONST(0xa,2)),CONST(0xea1d,2))))
021e5a	default	021e44	STORE	CAST(INT_ZEXT(INT_ADD(INT_MULT(INT_ZEXT(LOAD(CONST(0x1f1,4),CAST(INT_ZEXT(INT_ADD(SUBPIECE(PTRSUB(CONST(0x0,3),CONST(0xec26,3)),CONST(0x0,4)),INT_ZEXT(MULTIEQUAL(MULTIEQUAL(LEAF(register:000e:1:byte),LEAF(register:000e:1:byte),LEAF(register:000e:1:byte)),INT_ADD(LEAF(register:000e:1:byte),CONST(0x1,1)),INT_ADD(LEAF(register:000e:1:byte),CONST(0x1,1))))))))),CONST(0xa,2)),CONST(0xea1d,2))))
021e5a	default	021e54	STORE	CAST(INT_ZEXT(INT_ADD(INT_ADD(SUBPIECE(PTRSUB(CONST(0x0,3),CONST(0xea1a,3)),CONST(0x0,4)),INT_MULT(INT_ZEXT(LOAD(CONST(0x1f1,4),CAST(INT_ZEXT(INT_ADD(SUBPIECE(PTRSUB(CONST(0x0,3),CONST(0xec26,3)),CONST(0x0,4)),INT_ZEXT(MULTIEQUAL(MULTIEQUAL(LEAF(register:000e:1:byte),LEAF(register:000e:1:byte),LEAF(register:000e:1:byte)),INT_ADD(LEAF(register:000e:1:byte),CONST(0x1,1)),INT_ADD(LEAF(register:000e:1:byte),CONST(0x1,1))))))))),CONST(0xa,2))),INT_ZEXT(MULTIEQUAL(COPY(CONST(0x0,1)),INT_ADD(LEAF(register:000c:1:byte),CONST(0x1,1)))))))
021e5a	default	021e66	LOAD	CAST(INT_ZEXT(INT_ADD(SUBPIECE(PTRSUB(CONST(0x0,3),CONST(0xec5a,3)),CONST(0x0,4)),INT_ZEXT(MULTIEQUAL(INT_ADD(LEAF(unique:10000021:1:byte),CONST(0x1,1)),LEAF(register:0008:1:byte),COPY(CONST(0x0,1)))))))
021fb6	FUN_021fb6	022008	STORE	CAST(INT_ZEXT(INT_ADD(SUBPIECE(PTRSUB(CONST(0x0,3),CONST(0xe865,3)),CONST(0x0,4)),INT_ZEXT(LEAF(00fac2:1:byte)))))
022a5a	FUN_022a5a	026cd6	LOAD	CAST(INT_ZEXT(INT_ADD(MULTIEQUAL(LEAF(unique:00022d00:2:ushort),LEAF(register:000c:2:ushort)),CONST(0x5,2))))
022a5a	FUN_022a5a	026d06	LOAD	CAST(INT_ZEXT(INT_ADD(MULTIEQUAL(INT_ADD(LEAF(register:000c:2:ushort),CONST(0x5,2)),LEAF(register:000c:2:ushort)),CONST(0x3,2))))
022a5a	FUN_022a5a	026d0e	LOAD	CAST(INT_ZEXT(INT_ADD(MULTIEQUAL(INT_ADD(LEAF(register:000c:2:ushort),CONST(0x5,2)),LEAF(register:000c:2:ushort)),CONST(0x4,2))))
022a5a	FUN_022a5a	026d1a	LOAD	CAST(INT_ZEXT(MULTIEQUAL(INT_ADD(LEAF(register:000c:2:ushort),CONST(0x5,2)),LEAF(register:000c:2:ushort))))
022a5a	FUN_022a5a	026d1e	LOAD	CAST(INT_ZEXT(INT_AND(PIECE(LOAD(CONST(0x1f1,4),CAST(INT_ZEXT(INT_ADD(MULTIEQUAL(INT_ADD(LEAF(register:000c:2:ushort),CONST(0x5,2)),LEAF(register:000c:2:ushort)),CONST(0x3,2))))),LOAD(CONST(0x1f1,4),CAST(INT_ZEXT(INT_ADD(LEAF(register:000c:2:ushort),CONST(0x4,2)))))),CONST(0x3fff,2))))
022a5a	FUN_022a5a	026d1e	STORE	CAST(INT_ZEXT(MULTIEQUAL(MULTIEQUAL(INT_ADD(MULTIEQUAL(INT_ADD(LEAF(register:000e:2:ushort),CONST(0x1,2)),LEAF(register:000e:2:ushort)),CONST(0x1,2)),INT_ADD(LEAF(register:000e:2:ushort),CONST(0x2,2)),LEAF(register:000e:2:ushort)),LEAF(register:000e:2:ushort))))
022a5a	FUN_022a5a	026d22	LOAD	CAST(INT_ZEXT(INT_ADD(INT_AND(PIECE(LOAD(CONST(0x1f1,4),CAST(INT_ZEXT(INT_ADD(MULTIEQUAL(INT_ADD(LEAF(register:000c:2:ushort),CONST(0x5,2)),LEAF(register:000c:2:ushort)),CONST(0x3,2))))),LOAD(CONST(0x1f1,4),CAST(INT_ZEXT(INT_ADD(LEAF(register:000c:2:ushort),CONST(0x4,2)))))),CONST(0x3fff,2)),CONST(0x1,2))))
022a5a	FUN_022a5a	026d26	STORE	CAST(INT_ZEXT(MULTIEQUAL(MULTIEQUAL(INT_ADD(MULTIEQUAL(INT_ADD(LEAF(register:000e:2:ushort),CONST(0x1,2)),LEAF(register:000e:2:ushort)),CONST(0x1,2)),INT_ADD(LEAF(register:000e:2:ushort),CONST(0x2,2)),LEAF(register:000e:2:ushort)),LEAF(register:000e:2:ushort))))
022a5a	FUN_022a5a	026d2a	LOAD	CAST(INT_ZEXT(INT_AND(PIECE(LOAD(CONST(0x1f1,4),CAST(INT_ZEXT(INT_ADD(MULTIEQUAL(INT_ADD(LEAF(register:000c:2:ushort),CONST(0x5,2)),LEAF(register:000c:2:ushort)),CONST(0x3,2))))),LOAD(CONST(0x1f1,4),CAST(INT_ZEXT(INT_ADD(LEAF(register:000c:2:ushort),CONST(0x4,2)))))),CONST(0x3fff,2))))
022a5a	FUN_022a5a	026d2a	STORE	CAST(INT_ZEXT(INT_ADD(MULTIEQUAL(MULTIEQUAL(INT_ADD(MULTIEQUAL(LEAF(unique:00022d00:2:ushort),LEAF(register:000e:2:ushort)),CONST(0x1,2)),INT_ADD(LEAF(register:000e:2:ushort),CONST(0x2,2)),LEAF(register:000e:2:ushort)),LEAF(register:000e:2:ushort)),CONST(0x1,2))))
022a5a	FUN_022a5a	026d36	LOAD	CAST(INT_ZEXT(INT_ADD(MULTIEQUAL(INT_ADD(LEAF(register:000c:2:ushort),CONST(0x5,2)),LEAF(register:000c:2:ushort)),CONST(0x4,2))))
022a5a	FUN_022a5a	026d44	STORE	CAST(INT_ZEXT(INT_ADD(MULTIEQUAL(MULTIEQUAL(INT_ADD(MULTIEQUAL(INT_ADD(LEAF(register:000e:2:ushort),CONST(0x1,2)),LEAF(register:000e:2:ushort)),CONST(0x1,2)),INT_ADD(LEAF(register:000e:2:ushort),CONST(0x2,2)),LEAF(register:000e:2:ushort)),LEAF(register:000e:2:ushort)),CONST(0x1,2))))
022a5a	FUN_022a5a	026d4c	STORE	CAST(INT_ZEXT(MULTIEQUAL(MULTIEQUAL(INT_ADD(MULTIEQUAL(INT_ADD(LEAF(register:000e:2:ushort),CONST(0x1,2)),LEAF(register:000e:2:ushort)),CONST(0x1,2)),INT_ADD(LEAF(register:000e:2:ushort),CONST(0x2,2)),LEAF(register:000e:2:ushort)),LEAF(register:000e:2:ushort))))
022cde	FUN_022cde	026dbc	LOAD	CAST(INT_ZEXT(MULTIEQUAL(INT_ADD(MULTIEQUAL(LEAF(register:000e:2:ushort),LEAF(unique:00022d00:2:ushort)),CONST(0x1,2)),LEAF(register:000e:2:ushort))))
022cde	FUN_022cde	026dc2	LOAD	CAST(INT_ZEXT(INT_ADD(MULTIEQUAL(INT_ADD(MULTIEQUAL(LEAF(register:000e:2:ushort),LEAF(unique:00022d00:2:ushort)),CONST(0x1,2)),LEAF(register:000e:2:ushort)),CONST(0x4,2))))
022cde	FUN_022cde	026dd0	LOAD	CAST(INT_ZEXT(MULTIEQUAL(INT_ADD(MULTIEQUAL(LEAF(register:000e:2:ushort),LEAF(unique:00022d00:2:ushort)),CONST(0x1,2)),LEAF(register:000e:2:ushort))))
022cde	FUN_022cde	026dd4	LOAD	CAST(INT_ZEXT(MULTIEQUAL(INT_ADD(MULTIEQUAL(LEAF(register:000e:2:ushort),LEAF(unique:00022d00:2:ushort)),CONST(0x1,2)),LEAF(register:000e:2:ushort))))
022cde	FUN_022cde	026dda	LOAD	CAST(INT_ZEXT(INT_ADD(MULTIEQUAL(INT_ADD(MULTIEQUAL(LEAF(register:000e:2:ushort),LEAF(unique:00022d00:2:ushort)),CONST(0x1,2)),LEAF(register:000e:2:ushort)),CONST(0x2,2))))
022cde	FUN_022cde	026de2	LOAD	CAST(INT_ZEXT(INT_ADD(MULTIEQUAL(INT_ADD(MULTIEQUAL(LEAF(register:000e:2:ushort),LEAF(unique:00022d00:2:ushort)),CONST(0x1,2)),LEAF(register:000e:2:ushort)),CONST(0x1,2))))
022cde	FUN_022cde	026de8	LOAD	CAST(INT_ZEXT(MULTIEQUAL(INT_ADD(MULTIEQUAL(LEAF(register:000e:2:ushort),LEAF(unique:00022d00:2:ushort)),CONST(0x1,2)),LEAF(register:000e:2:ushort))))
022cde	FUN_022cde	026dee	LOAD	CAST(INT_ZEXT(INT_ADD(MULTIEQUAL(INT_ADD(MULTIEQUAL(LEAF(register:000e:2:ushort),LEAF(unique:00022d00:2:ushort)),CONST(0x1,2)),LEAF(register:000e:2:ushort)),CONST(0x4,2))))
022cde	FUN_022cde	026e06	LOAD	CAST(INT_ZEXT(MULTIEQUAL(MULTIEQUAL(INT_ADD(LEAF(register:000e:2:ushort),CONST(0x1,2)),LEAF(register:000e:2:ushort)),LEAF(unique:00022d00:2:ushort))))
022cde	FUN_022cde	026e06	STORE	CAST(INT_ZEXT(MULTIEQUAL(MULTIEQUAL(INT_ADD(LEAF(register:000c:2:ushort),CONST(0x1,2)),LEAF(register:000c:2:ushort)),LEAF(unique:00022d00:2:ushort))))
022e16	FUN_022e16	02397c	STORE	CAST(INT_ZEXT(INT_ADD(LEAF(register:0012:2:short),CONST(0x2b,2))))
022e16	FUN_022e16	027858	LOAD	CAST(INT_ZEXT(MULTIEQUAL(SUBPIECE(PTRSUB(CONST(0x0,3),CONST(0xe428,3)),CONST(0x0,4)),INT_ADD(LEAF(register:0010:2:ushort),CONST(0x1,2)))))
022e16	FUN_022e16	027858	STORE	CAST(INT_ZEXT(MULTIEQUAL(INT_AND(PIECE(LEAF(00e425:1:byte),LEAF(00e426:1:undefined1)),CONST(0x3fff,2)),INT_ADD(LEAF(register:0012:2:ushort),CONST(0x1,2)))))
022e16	FUN_022e16	027866	LOAD	CAST(INT_ZEXT(MULTIEQUAL(SUBPIECE(PTRSUB(CONST(0x0,3),CONST(0xe428,3)),CONST(0x0,4)),INT_ADD(LEAF(register:0010:2:ushort),CONST(0x1,2)))))
022e16	FUN_022e16	027868	LOAD	CAST(INT_ZEXT(MULTIEQUAL(INT_AND(PIECE(LEAF(00e425:1:byte),LEAF(00e426:1:undefined1)),CONST(0x3fff,2)),INT_ADD(LEAF(register:0012:2:ushort),CONST(0x1,2)))))
022eb4	FUN_022eb4	0230f0	LOAD	CAST(INT_ZEXT(INT_ADD(INT_MULT(LEAF(register:000c:2:ushort),CONST(0x2,2)),CONST(0xe9a8,2))))
022eb4	FUN_022eb4	0230f4	LOAD	CAST(INT_ZEXT(INT_ADD(SUBPIECE(PTRSUB(CONST(0x0,3),CONST(0xfb20,3)),CONST(0x0,4)),LEAF(register:000c:2:ushort))))
022eb4	FUN_022eb4	02310a	STORE	CAST(INT_ZEXT(INT_ADD(INT_MULT(LEAF(register:000c:2:ushort),CONST(0x2,2)),CONST(0xe9a8,2))))
022eb4	FUN_022eb4	023112	LOAD	CAST(INT_ZEXT(INT_ADD(SUBPIECE(PTRSUB(CONST(0x0,3),CONST(0xe9a9,3)),CONST(0x0,4)),INT_MULT(LEAF(register:000c:2:ushort),CONST(0x2,2)))))
022eb4	FUN_022eb4	023126	STORE	CAST(INT_ZEXT(INT_ADD(INT_MULT(LEAF(register:000c:2:ushort),CONST(0x2,2)),CONST(0xe9a8,2))))
022eb4	FUN_022eb4	023132	LOAD	CAST(INT_ZEXT(INT_ADD(SUBPIECE(PTRSUB(CONST(0x0,3),CONST(0xe9a9,3)),CONST(0x0,4)),INT_MULT(LEAF(register:000c:2:ushort),CONST(0x2,2)))))
022eb4	FUN_022eb4	023144	STORE	CAST(INT_ZEXT(INT_ADD(INT_MULT(LEAF(register:000c:2:ushort),CONST(0x2,2)),CONST(0xe9a8,2))))
022eb4	FUN_022eb4	02316c	LOAD	CAST(INT_ZEXT(INT_ADD(INT_MULT(LEAF(register:000c:2:ushort),CONST(0x2,2)),CONST(0xa91c,2))))
022eb4	FUN_022eb4	02317a	LOAD	CAST(INT_ZEXT(INT_ADD(INT_MULT(LEAF(register:000c:2:ushort),CONST(0x2,2)),CONST(0xa928,2))))
022eb4	FUN_022eb4	023188	LOAD	CAST(INT_ZEXT(INT_ADD(INT_MULT(LEAF(register:000c:2:ushort),CONST(0x2,2)),CONST(0xa928,2))))
022eb4	FUN_022eb4	0231d0	LOAD	CAST(INT_ZEXT(INT_ADD(INT_MULT(LEAF(register:000c:2:ushort),CONST(0x2,2)),CONST(0xe9c0,2))))
022eb4	FUN_022eb4	0231e6	LOAD	CAST(INT_ZEXT(INT_ADD(INT_ADD(SUBPIECE(PTRSUB(CONST(0x0,3),CONST(0xd840,3)),CONST(0x0,4)),INT_MULT(LEAF(register:000c:2:ushort),CONST(0x40,2))),INT_ZEXT(MULTIEQUAL(MULTIEQUAL(INDIRECT(INDIRECT(INDIRECT(MULTIEQUAL(INDIRECT(INDIRECT(INDIRECT(INT_ADD(INT_MULT(INDIRECT(LEAF(00fb60:1:char),CONST(0xe7,4)),CONST(0x4,1)),INDIRECT(INDIRECT(LEAF(00fb61:1:char),CONST(0xa6,4)),CONST(0xe7,4))),CONST(0x1d4,4)),CONST(0x20e,4)),CONST(0x248,4)),INDIRECT(LEAF(00e9b9:1:byte),CONST(0x2fdd,4)),INDIRECT(LEAF(00e9b9:1:byte),CONST(0x3088,4)),LEAF(00e9b9:1:byte)),CONST(0x40d,4)),CONST(0x458,4)),CONST(0x2e1f,4)),LEAF(00e9b9:1:byte)),INDIRECT(LEAF(00e9b9:1:byte),CONST(0x2bf7,4)),LEAF(00e9b9:1:byte))))))
022eb4	FUN_022eb4	0231f0	STORE	CAST(INT_ZEXT(INT_ADD(SUBPIECE(PTRSUB(CONST(0x0,3),CONST(0xe9ba,3)),CONST(0x0,4)),LEAF(register:000c:2:ushort))))
022eb4	FUN_022eb4	023202	LOAD	CAST(INT_ZEXT(INT_ADD(SUBPIECE(PTRSUB(CONST(0x0,3),CONST(0xe9a9,3)),CONST(0x0,4)),INT_MULT(LEAF(register:000c:2:ushort),CONST(0x2,2)))))
022eb4	FUN_022eb4	023210	LOAD	CAST(INT_ZEXT(INT_ADD(SUBPIECE(PTRSUB(CONST(0x0,3),CONST(0xe9a9,3)),CONST(0x0,4)),INT_MULT(LEAF(register:000c:2:ushort),CONST(0x2,2)))))
022eb4	FUN_022eb4	023248	LOAD	CAST(INT_ZEXT(INT_ADD(SUBPIECE(PTRSUB(CONST(0x0,3),CONST(0xfb20,3)),CONST(0x0,4)),LEAF(register:000c:2:ushort))))
022eb4	FUN_022eb4	023258	LOAD	CAST(INT_ZEXT(INT_ADD(INT_MULT(LEAF(register:000c:2:ushort),CONST(0x2,2)),CONST(0xa904,2))))
022eb4	FUN_022eb4	023264	LOAD	CAST(INT_ZEXT(INT_ADD(SUBPIECE(PTRSUB(CONST(0x0,3),CONST(0xfb20,3)),CONST(0x0,4)),LEAF(register:000c:2:ushort))))
022eb4	FUN_022eb4	0232c4	LOAD	CAST(INT_ZEXT(INT_ADD(INT_MULT(LEAF(register:000c:2:ushort),CONST(0x2,2)),CONST(0xa910,2))))
022eb4	FUN_022eb4	0233ae	LOAD	CAST(INT_ZEXT(INT_ADD(SUBPIECE(PTRSUB(CONST(0x0,3),CONST(0xe9ba,3)),CONST(0x0,4)),LEAF(register:000c:2:ushort))))
022eb4	FUN_022eb4	0233b6	STORE	CAST(INT_ZEXT(INT_ADD(INT_ADD(SUBPIECE(PTRSUB(CONST(0x0,3),CONST(0xd840,3)),CONST(0x0,4)),INT_MULT(LEAF(register:000c:2:ushort),CONST(0x40,2))),INT_ZEXT(LOAD(CONST(0x1f1,4),CAST(INT_ZEXT(INT_ADD(SUBPIECE(PTRSUB(CONST(0x0,3),CONST(0xe9ba,3)),CONST(0x0,4)),LEAF(register:000c:2:ushort)))))))))
022eb4	FUN_022eb4	0233b8	LOAD	CAST(INT_ZEXT(INT_ADD(SUBPIECE(PTRSUB(CONST(0x0,3),CONST(0xe9ba,3)),CONST(0x0,4)),LEAF(register:000c:2:ushort))))
022eb4	FUN_022eb4	0233de	LOAD	CAST(INT_ZEXT(INT_ADD(INT_ADD(SUBPIECE(PTRSUB(CONST(0x0,3),CONST(0xd840,3)),CONST(0x0,4)),INT_MULT(LEAF(register:000c:2:ushort),CONST(0x40,2))),INT_ZEXT(MULTIEQUAL(MULTIEQUAL(INDIRECT(MULTIEQUAL(INDIRECT(MULTIEQUAL(INDIRECT(INDIRECT(INDIRECT(MULTIEQUAL(INDIRECT(MULTIEQUAL(LEAF(00e9b9:1:byte),LEAF(00e9b9:1:byte),LEAF(00e9b9:1:byte)),CONST(0x8db,4)),LEAF(00e9b9:1:byte)),CONST(0xa06,4)),CONST(0xa49,4)),CONST(0x2375,4)),LEAF(00e9b9:1:byte),LEAF(00e9b9:1:byte),LEAF(00e9b9:1:byte)),CONST(0xc0e,4)),INDIRECT(MULTIEQUAL(INDIRECT(LEAF(00e9b9:1:byte),CONST(0x260c,4)),INDIRECT(LEAF(00e9b9:1:byte),CONST(0x274a,4))),CONST(0x26aa,4))),CONST(0x1f42,4)),LEAF(00e9b9:1:byte),LEAF(00e9b9:1:byte),LEAF(00e9b9:1:byte),LEAF(00e9b9:1:byte),LEAF(00e9b9:1:byte),LEAF(00e9b9:1:byte),LEAF(00e9b9:1:byte),LEAF(00e9b9:1:byte),LEAF(00e9b9:1:byte),LEAF(00e9b9:1:byte)),INDIRECT(LEAF(00e9b9:1:byte),CONST(0x2101,4)))))))
022eb4	FUN_022eb4	0234a0	STORE	CAST(INT_ZEXT(INT_ADD(INT_ADD(SUBPIECE(PTRSUB(CONST(0x0,3),CONST(0xd840,3)),CONST(0x0,4)),INT_MULT(LEAF(register:000c:2:ushort),CONST(0x40,2))),INT_ZEXT(INDIRECT(INDIRECT(MULTIEQUAL(MULTIEQUAL(INDIRECT(MULTIEQUAL(INDIRECT(MULTIEQUAL(INDIRECT(INDIRECT(INDIRECT(MULTIEQUAL(LEAF(00e9b9:1:byte),LEAF(00e9b9:1:byte)),CONST(0xa06,4)),CONST(0xa49,4)),CONST(0x2375,4)),LEAF(00e9b9:1:byte),LEAF(00e9b9:1:byte),LEAF(00e9b9:1:byte)),CONST(0xc0e,4)),INDIRECT(MULTIEQUAL(INDIRECT(LEAF(00e9b9:1:byte),CONST(0x260c,4)),INDIRECT(LEAF(00e9b9:1:byte),CONST(0x274a,4))),CONST(0x26aa,4))),CONST(0x1f42,4)),LEAF(00e9b9:1:byte),LEAF(00e9b9:1:byte),LEAF(00e9b9:1:byte),LEAF(00e9b9:1:byte),LEAF(00e9b9:1:byte),LEAF(00e9b9:1:byte),LEAF(00e9b9:1:byte),LEAF(00e9b9:1:byte),LEAF(00e9b9:1:byte),LEAF(00e9b9:1:byte)),INDIRECT(LEAF(00e9b9:1:byte),CONST(0x2101,4))),CONST(0x1144,4)),CONST(0x1816,4))))))
022eb4	FUN_022eb4	023528	STORE	CAST(INT_ZEXT(INT_ADD(SUBPIECE(PTRSUB(CONST(0x0,3),CONST(0xe9ba,3)),CONST(0x0,4)),LEAF(register:000c:2:ushort))))
022eb4	FUN_022eb4	0275ca	LOAD	CAST(INT_ZEXT(MULTIEQUAL(COPY(CONST(0x0,2)),MULTIEQUAL(INT_ADD(LEAF(register:000e:2:ushort),CONST(0x1,2)),INT_ZEXT(MULTIEQUAL(INDIRECT(INDIRECT(INDIRECT(MULTIEQUAL(INDIRECT(INDIRECT(INDIRECT(INDIRECT(INDIRECT(LEAF(000192:1:byte),CONST(0xa6,4)),CONST(0xe7,4)),CONST(0x1d4,4)),CONST(0x20e,4)),CONST(0x248,4)),INDIRECT(LEAF(000192:1:byte),CONST(0x2fdd,4)),INDIRECT(LEAF(000192:1:byte),CONST(0x3088,4)),LEAF(000192:1:byte)),CONST(0x40d,4)),CONST(0x458,4)),CONST(0x2e1f,4)),LEAF(000192:1:byte)))))))
022eb4	FUN_022eb4	0275d0	STORE	CAST(INT_ZEXT(MULTIEQUAL(COPY(INT_ADD(LEAF(register:0012:2:ushort),CONST(0x1,2))),INT_AND(CALL(LEAF(02c404:8:?),CONST(0x24ca,2)),CONST(0xff,2)))))
022f0e	FUN_022f0e	0230f0	LOAD	CAST(INT_ZEXT(INT_ADD(INT_MULT(LEAF(register:000c:2:ushort),CONST(0x2,2)),CONST(0xe9a8,2))))
022f0e	FUN_022f0e	0230f4	LOAD	CAST(INT_ZEXT(INT_ADD(SUBPIECE(PTRSUB(CONST(0x0,3),CONST(0xfb20,3)),CONST(0x0,4)),LEAF(register:000c:2:ushort))))
022f0e	FUN_022f0e	02310a	STORE	CAST(INT_ZEXT(INT_ADD(INT_MULT(LEAF(register:000c:2:ushort),CONST(0x2,2)),CONST(0xe9a8,2))))
022f0e	FUN_022f0e	023112	LOAD	CAST(INT_ZEXT(INT_ADD(SUBPIECE(PTRSUB(CONST(0x0,3),CONST(0xe9a9,3)),CONST(0x0,4)),INT_MULT(LEAF(register:000c:2:ushort),CONST(0x2,2)))))
022f0e	FUN_022f0e	023126	STORE	CAST(INT_ZEXT(INT_ADD(INT_MULT(LEAF(register:000c:2:ushort),CONST(0x2,2)),CONST(0xe9a8,2))))
022f0e	FUN_022f0e	023132	LOAD	CAST(INT_ZEXT(INT_ADD(SUBPIECE(PTRSUB(CONST(0x0,3),CONST(0xe9a9,3)),CONST(0x0,4)),INT_MULT(LEAF(register:000c:2:ushort),CONST(0x2,2)))))
022f0e	FUN_022f0e	023144	STORE	CAST(INT_ZEXT(INT_ADD(INT_MULT(LEAF(register:000c:2:ushort),CONST(0x2,2)),CONST(0xe9a8,2))))
022f0e	FUN_022f0e	02316c	LOAD	CAST(INT_ZEXT(INT_ADD(INT_MULT(LEAF(register:000c:2:ushort),CONST(0x2,2)),CONST(0xa91c,2))))
022f0e	FUN_022f0e	02317a	LOAD	CAST(INT_ZEXT(INT_ADD(INT_MULT(LEAF(register:000c:2:ushort),CONST(0x2,2)),CONST(0xa928,2))))
022f0e	FUN_022f0e	023188	LOAD	CAST(INT_ZEXT(INT_ADD(INT_MULT(LEAF(register:000c:2:ushort),CONST(0x2,2)),CONST(0xa928,2))))
022f0e	FUN_022f0e	0231d0	LOAD	CAST(INT_ZEXT(INT_ADD(INT_MULT(LEAF(register:000c:2:ushort),CONST(0x2,2)),CONST(0xe9c0,2))))
022f0e	FUN_022f0e	0231e6	LOAD	CAST(INT_ZEXT(INT_ADD(INT_ADD(SUBPIECE(PTRSUB(CONST(0x0,3),CONST(0xd840,3)),CONST(0x0,4)),INT_MULT(LEAF(register:000c:2:ushort),CONST(0x40,2))),INT_ZEXT(MULTIEQUAL(MULTIEQUAL(INDIRECT(INDIRECT(INDIRECT(MULTIEQUAL(INDIRECT(INDIRECT(INDIRECT(INT_ADD(INT_MULT(INDIRECT(LEAF(00fb60:1:char),CONST(0x244,4)),CONST(0x4,1)),INDIRECT(INDIRECT(LEAF(00fb61:1:char),CONST(0x203,4)),CONST(0x244,4))),CONST(0x331,4)),CONST(0x36b,4)),CONST(0x3a5,4)),INDIRECT(LEAF(00e9b9:1:byte),CONST(0x313a,4)),INDIRECT(LEAF(00e9b9:1:byte),CONST(0x31e5,4)),LEAF(00e9b9:1:byte)),CONST(0x56a,4)),CONST(0x5b5,4)),CONST(0x2f7c,4)),LEAF(00e9b9:1:byte)),INDIRECT(LEAF(00e9b9:1:byte),CONST(0x2d54,4)),LEAF(00e9b9:1:byte))))))
022f0e	FUN_022f0e	0231f0	STORE	CAST(INT_ZEXT(INT_ADD(SUBPIECE(PTRSUB(CONST(0x0,3),CONST(0xe9ba,3)),CONST(0x0,4)),LEAF(register:000c:2:ushort))))
022f0e	FUN_022f0e	023202	LOAD	CAST(INT_ZEXT(INT_ADD(SUBPIECE(PTRSUB(CONST(0x0,3),CONST(0xe9a9,3)),CONST(0x0,4)),INT_MULT(LEAF(register:000c:2:ushort),CONST(0x2,2)))))
022f0e	FUN_022f0e	023210	LOAD	CAST(INT_ZEXT(INT_ADD(SUBPIECE(PTRSUB(CONST(0x0,3),CONST(0xe9a9,3)),CONST(0x0,4)),INT_MULT(LEAF(register:000c:2:ushort),CONST(0x2,2)))))
022f0e	FUN_022f0e	023248	LOAD	CAST(INT_ZEXT(INT_ADD(SUBPIECE(PTRSUB(CONST(0x0,3),CONST(0xfb20,3)),CONST(0x0,4)),LEAF(register:000c:2:ushort))))
022f0e	FUN_022f0e	023258	LOAD	CAST(INT_ZEXT(INT_ADD(INT_MULT(LEAF(register:000c:2:ushort),CONST(0x2,2)),CONST(0xa904,2))))
022f0e	FUN_022f0e	023264	LOAD	CAST(INT_ZEXT(INT_ADD(SUBPIECE(PTRSUB(CONST(0x0,3),CONST(0xfb20,3)),CONST(0x0,4)),LEAF(register:000c:2:ushort))))
022f0e	FUN_022f0e	0232c4	LOAD	CAST(INT_ZEXT(INT_ADD(INT_MULT(LEAF(register:000c:2:ushort),CONST(0x2,2)),CONST(0xa910,2))))
022f0e	FUN_022f0e	0233ae	LOAD	CAST(INT_ZEXT(INT_ADD(SUBPIECE(PTRSUB(CONST(0x0,3),CONST(0xe9ba,3)),CONST(0x0,4)),LEAF(register:000c:2:ushort))))
022f0e	FUN_022f0e	0233b6	STORE	CAST(INT_ZEXT(INT_ADD(INT_ADD(SUBPIECE(PTRSUB(CONST(0x0,3),CONST(0xd840,3)),CONST(0x0,4)),INT_MULT(LEAF(register:000c:2:ushort),CONST(0x40,2))),INT_ZEXT(LOAD(CONST(0x1f1,4),CAST(INT_ZEXT(INT_ADD(SUBPIECE(PTRSUB(CONST(0x0,3),CONST(0xe9ba,3)),CONST(0x0,4)),LEAF(register:000c:2:ushort)))))))))
022f0e	FUN_022f0e	0233b8	LOAD	CAST(INT_ZEXT(INT_ADD(SUBPIECE(PTRSUB(CONST(0x0,3),CONST(0xe9ba,3)),CONST(0x0,4)),LEAF(register:000c:2:ushort))))
022f0e	FUN_022f0e	0233de	LOAD	CAST(INT_ZEXT(INT_ADD(INT_ADD(SUBPIECE(PTRSUB(CONST(0x0,3),CONST(0xd840,3)),CONST(0x0,4)),INT_MULT(LEAF(register:000c:2:ushort),CONST(0x40,2))),INT_ZEXT(MULTIEQUAL(MULTIEQUAL(INDIRECT(MULTIEQUAL(INDIRECT(MULTIEQUAL(INDIRECT(INDIRECT(INDIRECT(MULTIEQUAL(INDIRECT(MULTIEQUAL(LEAF(00e9b9:1:byte),LEAF(00e9b9:1:byte),LEAF(00e9b9:1:byte)),CONST(0xa38,4)),LEAF(00e9b9:1:byte)),CONST(0xb63,4)),CONST(0xba6,4)),CONST(0x24d2,4)),LEAF(00e9b9:1:byte),LEAF(00e9b9:1:byte),LEAF(00e9b9:1:byte)),CONST(0xd6b,4)),INDIRECT(MULTIEQUAL(INDIRECT(LEAF(00e9b9:1:byte),CONST(0x2769,4)),INDIRECT(LEAF(00e9b9:1:byte),CONST(0x28a7,4))),CONST(0x2807,4))),CONST(0x209f,4)),LEAF(00e9b9:1:byte),LEAF(00e9b9:1:byte),LEAF(00e9b9:1:byte),LEAF(00e9b9:1:byte),LEAF(00e9b9:1:byte),LEAF(00e9b9:1:byte),LEAF(00e9b9:1:byte),LEAF(00e9b9:1:byte),LEAF(00e9b9:1:byte),LEAF(00e9b9:1:byte)),INDIRECT(LEAF(00e9b9:1:byte),CONST(0x225e,4)))))))
022f0e	FUN_022f0e	0234a0	STORE	CAST(INT_ZEXT(INT_ADD(INT_ADD(SUBPIECE(PTRSUB(CONST(0x0,3),CONST(0xd840,3)),CONST(0x0,4)),INT_MULT(LEAF(register:000c:2:ushort),CONST(0x40,2))),INT_ZEXT(INDIRECT(INDIRECT(MULTIEQUAL(MULTIEQUAL(INDIRECT(MULTIEQUAL(INDIRECT(MULTIEQUAL(INDIRECT(INDIRECT(INDIRECT(MULTIEQUAL(LEAF(00e9b9:1:byte),LEAF(00e9b9:1:byte)),CONST(0xb63,4)),CONST(0xba6,4)),CONST(0x24d2,4)),LEAF(00e9b9:1:byte),LEAF(00e9b9:1:byte),LEAF(00e9b9:1:byte)),CONST(0xd6b,4)),INDIRECT(MULTIEQUAL(INDIRECT(LEAF(00e9b9:1:byte),CONST(0x2769,4)),INDIRECT(LEAF(00e9b9:1:byte),CONST(0x28a7,4))),CONST(0x2807,4))),CONST(0x209f,4)),LEAF(00e9b9:1:byte),LEAF(00e9b9:1:byte),LEAF(00e9b9:1:byte),LEAF(00e9b9:1:byte),LEAF(00e9b9:1:byte),LEAF(00e9b9:1:byte),LEAF(00e9b9:1:byte),LEAF(00e9b9:1:byte),LEAF(00e9b9:1:byte),LEAF(00e9b9:1:byte)),INDIRECT(LEAF(00e9b9:1:byte),CONST(0x225e,4))),CONST(0x12a1,4)),CONST(0x1973,4))))))
022f0e	FUN_022f0e	023528	STORE	CAST(INT_ZEXT(INT_ADD(SUBPIECE(PTRSUB(CONST(0x0,3),CONST(0xe9ba,3)),CONST(0x0,4)),LEAF(register:000c:2:ushort))))
022f0e	FUN_022f0e	0275ca	LOAD	CAST(INT_ZEXT(MULTIEQUAL(COPY(CONST(0x0,2)),MULTIEQUAL(INT_ADD(LEAF(register:000e:2:ushort),CONST(0x1,2)),INT_ZEXT(MULTIEQUAL(INDIRECT(INDIRECT(INDIRECT(MULTIEQUAL(INDIRECT(INDIRECT(INDIRECT(INDIRECT(INDIRECT(INDIRECT(LEAF(000192:1:byte),CONST(0x64,4)),CONST(0x203,4)),CONST(0x244,4)),CONST(0x331,4)),CONST(0x36b,4)),CONST(0x3a5,4)),INDIRECT(LEAF(000192:1:byte),CONST(0x313a,4)),INDIRECT(LEAF(000192:1:byte),CONST(0x31e5,4)),LEAF(000192:1:byte)),CONST(0x56a,4)),CONST(0x5b5,4)),CONST(0x2f7c,4)),LEAF(000192:1:byte)))))))
022f0e	FUN_022f0e	0275d0	STORE	CAST(INT_ZEXT(MULTIEQUAL(COPY(INT_ADD(LEAF(register:0012:2:ushort),CONST(0x1,2))),INT_AND(CALL(LEAF(02c404:8:?),CONST(0x24ca,2)),CONST(0xff,2)))))
022f1a	FUN_022f1a	0230f0	LOAD	CAST(INT_ZEXT(INT_ADD(INT_MULT(LEAF(register:000c:2:ushort),CONST(0x2,2)),CONST(0xe9a8,2))))
022f1a	FUN_022f1a	0230f4	LOAD	CAST(INT_ZEXT(INT_ADD(SUBPIECE(PTRSUB(CONST(0x0,3),CONST(0xfb20,3)),CONST(0x0,4)),LEAF(register:000c:2:ushort))))
022f1a	FUN_022f1a	02310a	STORE	CAST(INT_ZEXT(INT_ADD(INT_MULT(LEAF(register:000c:2:ushort),CONST(0x2,2)),CONST(0xe9a8,2))))
022f1a	FUN_022f1a	023112	LOAD	CAST(INT_ZEXT(INT_ADD(SUBPIECE(PTRSUB(CONST(0x0,3),CONST(0xe9a9,3)),CONST(0x0,4)),INT_MULT(LEAF(register:000c:2:ushort),CONST(0x2,2)))))
022f1a	FUN_022f1a	023126	STORE	CAST(INT_ZEXT(INT_ADD(INT_MULT(LEAF(register:000c:2:ushort),CONST(0x2,2)),CONST(0xe9a8,2))))
022f1a	FUN_022f1a	023132	LOAD	CAST(INT_ZEXT(INT_ADD(SUBPIECE(PTRSUB(CONST(0x0,3),CONST(0xe9a9,3)),CONST(0x0,4)),INT_MULT(LEAF(register:000c:2:ushort),CONST(0x2,2)))))
022f1a	FUN_022f1a	023144	STORE	CAST(INT_ZEXT(INT_ADD(INT_MULT(LEAF(register:000c:2:ushort),CONST(0x2,2)),CONST(0xe9a8,2))))
022f1a	FUN_022f1a	02316c	LOAD	CAST(INT_ZEXT(INT_ADD(INT_MULT(LEAF(register:000c:2:ushort),CONST(0x2,2)),CONST(0xa91c,2))))
022f1a	FUN_022f1a	02317a	LOAD	CAST(INT_ZEXT(INT_ADD(INT_MULT(LEAF(register:000c:2:ushort),CONST(0x2,2)),CONST(0xa928,2))))
022f1a	FUN_022f1a	023188	LOAD	CAST(INT_ZEXT(INT_ADD(INT_MULT(LEAF(register:000c:2:ushort),CONST(0x2,2)),CONST(0xa928,2))))
022f1a	FUN_022f1a	0231d0	LOAD	CAST(INT_ZEXT(INT_ADD(INT_MULT(LEAF(register:000c:2:ushort),CONST(0x2,2)),CONST(0xe9c0,2))))
022f1a	FUN_022f1a	0231e6	LOAD	CAST(INT_ZEXT(INT_ADD(INT_ADD(SUBPIECE(PTRSUB(CONST(0x0,3),CONST(0xd840,3)),CONST(0x0,4)),INT_MULT(LEAF(register:000c:2:ushort),CONST(0x40,2))),INT_ZEXT(MULTIEQUAL(MULTIEQUAL(INDIRECT(INDIRECT(INDIRECT(MULTIEQUAL(INDIRECT(INDIRECT(INDIRECT(INT_ADD(INT_MULT(INDIRECT(LEAF(00fb60:1:char),CONST(0x240,4)),CONST(0x4,1)),INDIRECT(INDIRECT(LEAF(00fb61:1:char),CONST(0x1ff,4)),CONST(0x240,4))),CONST(0x32d,4)),CONST(0x367,4)),CONST(0x3a1,4)),INDIRECT(LEAF(00e9b9:1:byte),CONST(0x3136,4)),INDIRECT(LEAF(00e9b9:1:byte),CONST(0x31e1,4)),LEAF(00e9b9:1:byte)),CONST(0x566,4)),CONST(0x5b1,4)),CONST(0x2f78,4)),LEAF(00e9b9:1:byte)),INDIRECT(LEAF(00e9b9:1:byte),CONST(0x2d50,4)),LEAF(00e9b9:1:byte))))))
022f1a	FUN_022f1a	0231f0	STORE	CAST(INT_ZEXT(INT_ADD(SUBPIECE(PTRSUB(CONST(0x0,3),CONST(0xe9ba,3)),CONST(0x0,4)),LEAF(register:000c:2:ushort))))
022f1a	FUN_022f1a	023202	LOAD	CAST(INT_ZEXT(INT_ADD(SUBPIECE(PTRSUB(CONST(0x0,3),CONST(0xe9a9,3)),CONST(0x0,4)),INT_MULT(LEAF(register:000c:2:ushort),CONST(0x2,2)))))
022f1a	FUN_022f1a	023210	LOAD	CAST(INT_ZEXT(INT_ADD(SUBPIECE(PTRSUB(CONST(0x0,3),CONST(0xe9a9,3)),CONST(0x0,4)),INT_MULT(LEAF(register:000c:2:ushort),CONST(0x2,2)))))
022f1a	FUN_022f1a	023248	LOAD	CAST(INT_ZEXT(INT_ADD(SUBPIECE(PTRSUB(CONST(0x0,3),CONST(0xfb20,3)),CONST(0x0,4)),LEAF(register:000c:2:ushort))))
022f1a	FUN_022f1a	023258	LOAD	CAST(INT_ZEXT(INT_ADD(INT_MULT(LEAF(register:000c:2:ushort),CONST(0x2,2)),CONST(0xa904,2))))
022f1a	FUN_022f1a	023264	LOAD	CAST(INT_ZEXT(INT_ADD(SUBPIECE(PTRSUB(CONST(0x0,3),CONST(0xfb20,3)),CONST(0x0,4)),LEAF(register:000c:2:ushort))))
022f1a	FUN_022f1a	0232c4	LOAD	CAST(INT_ZEXT(INT_ADD(INT_MULT(LEAF(register:000c:2:ushort),CONST(0x2,2)),CONST(0xa910,2))))
022f1a	FUN_022f1a	0233ae	LOAD	CAST(INT_ZEXT(INT_ADD(SUBPIECE(PTRSUB(CONST(0x0,3),CONST(0xe9ba,3)),CONST(0x0,4)),LEAF(register:000c:2:ushort))))
022f1a	FUN_022f1a	0233b6	STORE	CAST(INT_ZEXT(INT_ADD(INT_ADD(SUBPIECE(PTRSUB(CONST(0x0,3),CONST(0xd840,3)),CONST(0x0,4)),INT_MULT(LEAF(register:000c:2:ushort),CONST(0x40,2))),INT_ZEXT(LOAD(CONST(0x1f1,4),CAST(INT_ZEXT(INT_ADD(SUBPIECE(PTRSUB(CONST(0x0,3),CONST(0xe9ba,3)),CONST(0x0,4)),LEAF(register:000c:2:ushort)))))))))
022f1a	FUN_022f1a	0233b8	LOAD	CAST(INT_ZEXT(INT_ADD(SUBPIECE(PTRSUB(CONST(0x0,3),CONST(0xe9ba,3)),CONST(0x0,4)),LEAF(register:000c:2:ushort))))
022f1a	FUN_022f1a	0233de	LOAD	CAST(INT_ZEXT(INT_ADD(INT_ADD(SUBPIECE(PTRSUB(CONST(0x0,3),CONST(0xd840,3)),CONST(0x0,4)),INT_MULT(LEAF(register:000c:2:ushort),CONST(0x40,2))),INT_ZEXT(MULTIEQUAL(MULTIEQUAL(INDIRECT(MULTIEQUAL(INDIRECT(MULTIEQUAL(INDIRECT(INDIRECT(INDIRECT(MULTIEQUAL(INDIRECT(MULTIEQUAL(LEAF(00e9b9:1:byte),LEAF(00e9b9:1:byte),LEAF(00e9b9:1:byte)),CONST(0xa34,4)),LEAF(00e9b9:1:byte)),CONST(0xb5f,4)),CONST(0xba2,4)),CONST(0x24ce,4)),LEAF(00e9b9:1:byte),LEAF(00e9b9:1:byte),LEAF(00e9b9:1:byte)),CONST(0xd67,4)),INDIRECT(MULTIEQUAL(INDIRECT(LEAF(00e9b9:1:byte),CONST(0x2765,4)),INDIRECT(LEAF(00e9b9:1:byte),CONST(0x28a3,4))),CONST(0x2803,4))),CONST(0x209b,4)),LEAF(00e9b9:1:byte),LEAF(00e9b9:1:byte),LEAF(00e9b9:1:byte),LEAF(00e9b9:1:byte),LEAF(00e9b9:1:byte),LEAF(00e9b9:1:byte),LEAF(00e9b9:1:byte),LEAF(00e9b9:1:byte),LEAF(00e9b9:1:byte),LEAF(00e9b9:1:byte)),INDIRECT(LEAF(00e9b9:1:byte),CONST(0x225a,4)))))))
022f1a	FUN_022f1a	0234a0	STORE	CAST(INT_ZEXT(INT_ADD(INT_ADD(SUBPIECE(PTRSUB(CONST(0x0,3),CONST(0xd840,3)),CONST(0x0,4)),INT_MULT(LEAF(register:000c:2:ushort),CONST(0x40,2))),INT_ZEXT(INDIRECT(INDIRECT(MULTIEQUAL(MULTIEQUAL(INDIRECT(MULTIEQUAL(INDIRECT(MULTIEQUAL(INDIRECT(INDIRECT(INDIRECT(MULTIEQUAL(LEAF(00e9b9:1:byte),LEAF(00e9b9:1:byte)),CONST(0xb5f,4)),CONST(0xba2,4)),CONST(0x24ce,4)),LEAF(00e9b9:1:byte),LEAF(00e9b9:1:byte),LEAF(00e9b9:1:byte)),CONST(0xd67,4)),INDIRECT(MULTIEQUAL(INDIRECT(LEAF(00e9b9:1:byte),CONST(0x2765,4)),INDIRECT(LEAF(00e9b9:1:byte),CONST(0x28a3,4))),CONST(0x2803,4))),CONST(0x209b,4)),LEAF(00e9b9:1:byte),LEAF(00e9b9:1:byte),LEAF(00e9b9:1:byte),LEAF(00e9b9:1:byte),LEAF(00e9b9:1:byte),LEAF(00e9b9:1:byte),LEAF(00e9b9:1:byte),LEAF(00e9b9:1:byte),LEAF(00e9b9:1:byte),LEAF(00e9b9:1:byte)),INDIRECT(LEAF(00e9b9:1:byte),CONST(0x225a,4))),CONST(0x129d,4)),CONST(0x196f,4))))))
022f1a	FUN_022f1a	023528	STORE	CAST(INT_ZEXT(INT_ADD(SUBPIECE(PTRSUB(CONST(0x0,3),CONST(0xe9ba,3)),CONST(0x0,4)),LEAF(register:000c:2:ushort))))
022f1a	FUN_022f1a	0275ca	LOAD	CAST(INT_ZEXT(MULTIEQUAL(COPY(CONST(0x0,2)),MULTIEQUAL(INT_ADD(LEAF(register:000e:2:ushort),CONST(0x1,2)),INT_ZEXT(MULTIEQUAL(INDIRECT(INDIRECT(INDIRECT(MULTIEQUAL(INDIRECT(INDIRECT(INDIRECT(INDIRECT(INDIRECT(INDIRECT(LEAF(000192:1:byte),CONST(0x60,4)),CONST(0x1ff,4)),CONST(0x240,4)),CONST(0x32d,4)),CONST(0x367,4)),CONST(0x3a1,4)),INDIRECT(LEAF(000192:1:byte),CONST(0x3136,4)),INDIRECT(LEAF(000192:1:byte),CONST(0x31e1,4)),LEAF(000192:1:byte)),CONST(0x566,4)),CONST(0x5b1,4)),CONST(0x2f78,4)),LEAF(000192:1:byte)))))))
022f1a	FUN_022f1a	0275d0	STORE	CAST(INT_ZEXT(MULTIEQUAL(COPY(INT_ADD(LEAF(register:0012:2:ushort),CONST(0x1,2))),INT_AND(CALL(LEAF(02c404:8:?),CONST(0x24ca,2)),CONST(0xff,2)))))
022fa4	FUN_022fa4	0230f0	LOAD	CAST(INT_ZEXT(INT_ADD(INT_MULT(LEAF(register:000c:2:ushort),CONST(0x2,2)),CONST(0xe9a8,2))))
022fa4	FUN_022fa4	0230f4	LOAD	CAST(INT_ZEXT(INT_ADD(SUBPIECE(PTRSUB(CONST(0x0,3),CONST(0xfb20,3)),CONST(0x0,4)),LEAF(register:000c:2:ushort))))
022fa4	FUN_022fa4	02310a	STORE	CAST(INT_ZEXT(INT_ADD(INT_MULT(LEAF(register:000c:2:ushort),CONST(0x2,2)),CONST(0xe9a8,2))))
022fa4	FUN_022fa4	023112	LOAD	CAST(INT_ZEXT(INT_ADD(SUBPIECE(PTRSUB(CONST(0x0,3),CONST(0xe9a9,3)),CONST(0x0,4)),INT_MULT(LEAF(register:000c:2:ushort),CONST(0x2,2)))))
022fa4	FUN_022fa4	023126	STORE	CAST(INT_ZEXT(INT_ADD(INT_MULT(LEAF(register:000c:2:ushort),CONST(0x2,2)),CONST(0xe9a8,2))))
022fa4	FUN_022fa4	023132	LOAD	CAST(INT_ZEXT(INT_ADD(SUBPIECE(PTRSUB(CONST(0x0,3),CONST(0xe9a9,3)),CONST(0x0,4)),INT_MULT(LEAF(register:000c:2:ushort),CONST(0x2,2)))))
022fa4	FUN_022fa4	023144	STORE	CAST(INT_ZEXT(INT_ADD(INT_MULT(LEAF(register:000c:2:ushort),CONST(0x2,2)),CONST(0xe9a8,2))))
022fa4	FUN_022fa4	02316c	LOAD	CAST(INT_ZEXT(INT_ADD(INT_MULT(LEAF(register:000c:2:ushort),CONST(0x2,2)),CONST(0xa91c,2))))
022fa4	FUN_022fa4	02317a	LOAD	CAST(INT_ZEXT(INT_ADD(INT_MULT(LEAF(register:000c:2:ushort),CONST(0x2,2)),CONST(0xa928,2))))
022fa4	FUN_022fa4	023188	LOAD	CAST(INT_ZEXT(INT_ADD(INT_MULT(LEAF(register:000c:2:ushort),CONST(0x2,2)),CONST(0xa928,2))))
022fa4	FUN_022fa4	0231d0	LOAD	CAST(INT_ZEXT(INT_ADD(INT_MULT(LEAF(register:000c:2:ushort),CONST(0x2,2)),CONST(0xe9c0,2))))
022fa4	FUN_022fa4	0231e6	LOAD	CAST(INT_ZEXT(INT_ADD(INT_ADD(SUBPIECE(PTRSUB(CONST(0x0,3),CONST(0xd840,3)),CONST(0x0,4)),INT_MULT(LEAF(register:000c:2:ushort),CONST(0x40,2))),INT_ZEXT(MULTIEQUAL(MULTIEQUAL(INDIRECT(INDIRECT(INDIRECT(MULTIEQUAL(INDIRECT(INDIRECT(INDIRECT(LEAF(00e9b9:1:byte),CONST(0x1e,4)),CONST(0x58,4)),CONST(0x92,4)),INDIRECT(LEAF(00e9b9:1:byte),CONST(0x2e2b,4)),INDIRECT(LEAF(00e9b9:1:byte),CONST(0x2ed6,4)),LEAF(00e9b9:1:byte)),CONST(0x25b,4)),CONST(0x2a6,4)),CONST(0x2c6d,4)),LEAF(00e9b9:1:byte)),INDIRECT(LEAF(00e9b9:1:byte),CONST(0x2a45,4)),LEAF(00e9b9:1:byte))))))
022fa4	FUN_022fa4	0231f0	STORE	CAST(INT_ZEXT(INT_ADD(SUBPIECE(PTRSUB(CONST(0x0,3),CONST(0xe9ba,3)),CONST(0x0,4)),LEAF(register:000c:2:ushort))))
022fa4	FUN_022fa4	023202	LOAD	CAST(INT_ZEXT(INT_ADD(SUBPIECE(PTRSUB(CONST(0x0,3),CONST(0xe9a9,3)),CONST(0x0,4)),INT_MULT(LEAF(register:000c:2:ushort),CONST(0x2,2)))))
022fa4	FUN_022fa4	023210	LOAD	CAST(INT_ZEXT(INT_ADD(SUBPIECE(PTRSUB(CONST(0x0,3),CONST(0xe9a9,3)),CONST(0x0,4)),INT_MULT(LEAF(register:000c:2:ushort),CONST(0x2,2)))))
022fa4	FUN_022fa4	023248	LOAD	CAST(INT_ZEXT(INT_ADD(SUBPIECE(PTRSUB(CONST(0x0,3),CONST(0xfb20,3)),CONST(0x0,4)),LEAF(register:000c:2:ushort))))
022fa4	FUN_022fa4	023258	LOAD	CAST(INT_ZEXT(INT_ADD(INT_MULT(LEAF(register:000c:2:ushort),CONST(0x2,2)),CONST(0xa904,2))))
022fa4	FUN_022fa4	023264	LOAD	CAST(INT_ZEXT(INT_ADD(SUBPIECE(PTRSUB(CONST(0x0,3),CONST(0xfb20,3)),CONST(0x0,4)),LEAF(register:000c:2:ushort))))
022fa4	FUN_022fa4	0232c4	LOAD	CAST(INT_ZEXT(INT_ADD(INT_MULT(LEAF(register:000c:2:ushort),CONST(0x2,2)),CONST(0xa910,2))))
022fa4	FUN_022fa4	0233ae	LOAD	CAST(INT_ZEXT(INT_ADD(SUBPIECE(PTRSUB(CONST(0x0,3),CONST(0xe9ba,3)),CONST(0x0,4)),LEAF(register:000c:2:ushort))))
022fa4	FUN_022fa4	0233b6	STORE	CAST(INT_ZEXT(INT_ADD(INT_ADD(SUBPIECE(PTRSUB(CONST(0x0,3),CONST(0xd840,3)),CONST(0x0,4)),INT_MULT(LEAF(register:000c:2:ushort),CONST(0x40,2))),INT_ZEXT(LOAD(CONST(0x1f1,4),CAST(INT_ZEXT(INT_ADD(SUBPIECE(PTRSUB(CONST(0x0,3),CONST(0xe9ba,3)),CONST(0x0,4)),LEAF(register:000c:2:ushort)))))))))
022fa4	FUN_022fa4	0233b8	LOAD	CAST(INT_ZEXT(INT_ADD(SUBPIECE(PTRSUB(CONST(0x0,3),CONST(0xe9ba,3)),CONST(0x0,4)),LEAF(register:000c:2:ushort))))
022fa4	FUN_022fa4	0233de	LOAD	CAST(INT_ZEXT(INT_ADD(INT_ADD(SUBPIECE(PTRSUB(CONST(0x0,3),CONST(0xd840,3)),CONST(0x0,4)),INT_MULT(LEAF(register:000c:2:ushort),CONST(0x40,2))),INT_ZEXT(MULTIEQUAL(MULTIEQUAL(INDIRECT(MULTIEQUAL(INDIRECT(MULTIEQUAL(INDIRECT(INDIRECT(INDIRECT(MULTIEQUAL(INDIRECT(MULTIEQUAL(LEAF(00e9b9:1:byte),LEAF(00e9b9:1:byte),LEAF(00e9b9:1:byte)),CONST(0x729,4)),LEAF(00e9b9:1:byte)),CONST(0x854,4)),CONST(0x897,4)),CONST(0x21c3,4)),LEAF(00e9b9:1:byte),LEAF(00e9b9:1:byte),LEAF(00e9b9:1:byte)),CONST(0xa5c,4)),INDIRECT(MULTIEQUAL(INDIRECT(LEAF(00e9b9:1:byte),CONST(0x245a,4)),INDIRECT(LEAF(00e9b9:1:byte),CONST(0x2598,4))),CONST(0x24f8,4))),CONST(0x1d90,4)),LEAF(00e9b9:1:byte),LEAF(00e9b9:1:byte),LEAF(00e9b9:1:byte),LEAF(00e9b9:1:byte),LEAF(00e9b9:1:byte),LEAF(00e9b9:1:byte),LEAF(00e9b9:1:byte),LEAF(00e9b9:1:byte),LEAF(00e9b9:1:byte),LEAF(00e9b9:1:byte)),INDIRECT(LEAF(00e9b9:1:byte),CONST(0x1f4f,4)))))))
022fa4	FUN_022fa4	0234a0	STORE	CAST(INT_ZEXT(INT_ADD(INT_ADD(SUBPIECE(PTRSUB(CONST(0x0,3),CONST(0xd840,3)),CONST(0x0,4)),INT_MULT(LEAF(register:000c:2:ushort),CONST(0x40,2))),INT_ZEXT(INDIRECT(INDIRECT(MULTIEQUAL(MULTIEQUAL(INDIRECT(MULTIEQUAL(INDIRECT(MULTIEQUAL(INDIRECT(INDIRECT(INDIRECT(MULTIEQUAL(LEAF(00e9b9:1:byte),LEAF(00e9b9:1:byte)),CONST(0x854,4)),CONST(0x897,4)),CONST(0x21c3,4)),LEAF(00e9b9:1:byte),LEAF(00e9b9:1:byte),LEAF(00e9b9:1:byte)),CONST(0xa5c,4)),INDIRECT(MULTIEQUAL(INDIRECT(LEAF(00e9b9:1:byte),CONST(0x245a,4)),INDIRECT(LEAF(00e9b9:1:byte),CONST(0x2598,4))),CONST(0x24f8,4))),CONST(0x1d90,4)),LEAF(00e9b9:1:byte),LEAF(00e9b9:1:byte),LEAF(00e9b9:1:byte),LEAF(00e9b9:1:byte),LEAF(00e9b9:1:byte),LEAF(00e9b9:1:byte),LEAF(00e9b9:1:byte),LEAF(00e9b9:1:byte),LEAF(00e9b9:1:byte),LEAF(00e9b9:1:byte)),INDIRECT(LEAF(00e9b9:1:byte),CONST(0x1f4f,4))),CONST(0xf92,4)),CONST(0x1664,4))))))
022fa4	FUN_022fa4	023528	STORE	CAST(INT_ZEXT(INT_ADD(SUBPIECE(PTRSUB(CONST(0x0,3),CONST(0xe9ba,3)),CONST(0x0,4)),LEAF(register:000c:2:ushort))))
022fa4	FUN_022fa4	0275ca	LOAD	CAST(INT_ZEXT(MULTIEQUAL(COPY(CONST(0x0,2)),MULTIEQUAL(INT_ADD(LEAF(register:000e:2:ushort),CONST(0x1,2)),INT_ZEXT(MULTIEQUAL(INDIRECT(INDIRECT(INDIRECT(MULTIEQUAL(INDIRECT(INDIRECT(INDIRECT(LEAF(000192:1:byte),CONST(0x1e,4)),CONST(0x58,4)),CONST(0x92,4)),INDIRECT(LEAF(000192:1:byte),CONST(0x2e2b,4)),INDIRECT(LEAF(000192:1:byte),CONST(0x2ed6,4)),LEAF(000192:1:byte)),CONST(0x25b,4)),CONST(0x2a6,4)),CONST(0x2c6d,4)),LEAF(000192:1:byte)))))))
022fa4	FUN_022fa4	0275d0	STORE	CAST(INT_ZEXT(MULTIEQUAL(COPY(INT_ADD(LEAF(register:0012:2:ushort),CONST(0x1,2))),INT_AND(CALL(LEAF(02c404:8:?),CONST(0x250e,2)),CONST(0xff,2)))))
022fc8	FUN_022fc8	0230f0	LOAD	CAST(INT_ZEXT(INT_ADD(INT_MULT(LEAF(register:000c:2:ushort),CONST(0x2,2)),CONST(0xe9a8,2))))
022fc8	FUN_022fc8	0230f4	LOAD	CAST(INT_ZEXT(INT_ADD(SUBPIECE(PTRSUB(CONST(0x0,3),CONST(0xfb20,3)),CONST(0x0,4)),LEAF(register:000c:2:ushort))))
022fc8	FUN_022fc8	02310a	STORE	CAST(INT_ZEXT(INT_ADD(INT_MULT(LEAF(register:000c:2:ushort),CONST(0x2,2)),CONST(0xe9a8,2))))
022fc8	FUN_022fc8	023112	LOAD	CAST(INT_ZEXT(INT_ADD(SUBPIECE(PTRSUB(CONST(0x0,3),CONST(0xe9a9,3)),CONST(0x0,4)),INT_MULT(LEAF(register:000c:2:ushort),CONST(0x2,2)))))
022fc8	FUN_022fc8	023126	STORE	CAST(INT_ZEXT(INT_ADD(INT_MULT(LEAF(register:000c:2:ushort),CONST(0x2,2)),CONST(0xe9a8,2))))
022fc8	FUN_022fc8	023132	LOAD	CAST(INT_ZEXT(INT_ADD(SUBPIECE(PTRSUB(CONST(0x0,3),CONST(0xe9a9,3)),CONST(0x0,4)),INT_MULT(LEAF(register:000c:2:ushort),CONST(0x2,2)))))
022fc8	FUN_022fc8	023144	STORE	CAST(INT_ZEXT(INT_ADD(INT_MULT(LEAF(register:000c:2:ushort),CONST(0x2,2)),CONST(0xe9a8,2))))
022fc8	FUN_022fc8	02316c	LOAD	CAST(INT_ZEXT(INT_ADD(INT_MULT(LEAF(register:000c:2:ushort),CONST(0x2,2)),CONST(0xa91c,2))))
022fc8	FUN_022fc8	02317a	LOAD	CAST(INT_ZEXT(INT_ADD(INT_MULT(LEAF(register:000c:2:ushort),CONST(0x2,2)),CONST(0xa928,2))))
022fc8	FUN_022fc8	023188	LOAD	CAST(INT_ZEXT(INT_ADD(INT_MULT(LEAF(register:000c:2:ushort),CONST(0x2,2)),CONST(0xa928,2))))
022fc8	FUN_022fc8	0231d0	LOAD	CAST(INT_ZEXT(INT_ADD(INT_MULT(LEAF(register:000c:2:ushort),CONST(0x2,2)),CONST(0xe9c0,2))))
022fc8	FUN_022fc8	0231e6	LOAD	CAST(INT_ZEXT(INT_ADD(INT_ADD(SUBPIECE(PTRSUB(CONST(0x0,3),CONST(0xd840,3)),CONST(0x0,4)),INT_MULT(LEAF(register:000c:2:ushort),CONST(0x40,2))),INT_ZEXT(MULTIEQUAL(MULTIEQUAL(INDIRECT(INDIRECT(INDIRECT(MULTIEQUAL(INDIRECT(INDIRECT(INDIRECT(LEAF(00e9b9:1:byte),CONST(0x1e,4)),CONST(0x58,4)),CONST(0x92,4)),INDIRECT(LEAF(00e9b9:1:byte),CONST(0x2e2b,4)),INDIRECT(LEAF(00e9b9:1:byte),CONST(0x2ed6,4)),LEAF(00e9b9:1:byte)),CONST(0x25b,4)),CONST(0x2a6,4)),CONST(0x2c6d,4)),LEAF(00e9b9:1:byte)),INDIRECT(LEAF(00e9b9:1:byte),CONST(0x2a45,4)),LEAF(00e9b9:1:byte))))))
022fc8	FUN_022fc8	0231f0	STORE	CAST(INT_ZEXT(INT_ADD(SUBPIECE(PTRSUB(CONST(0x0,3),CONST(0xe9ba,3)),CONST(0x0,4)),LEAF(register:000c:2:ushort))))
022fc8	FUN_022fc8	023202	LOAD	CAST(INT_ZEXT(INT_ADD(SUBPIECE(PTRSUB(CONST(0x0,3),CONST(0xe9a9,3)),CONST(0x0,4)),INT_MULT(LEAF(register:000c:2:ushort),CONST(0x2,2)))))
022fc8	FUN_022fc8	023210	LOAD	CAST(INT_ZEXT(INT_ADD(SUBPIECE(PTRSUB(CONST(0x0,3),CONST(0xe9a9,3)),CONST(0x0,4)),INT_MULT(LEAF(register:000c:2:ushort),CONST(0x2,2)))))
022fc8	FUN_022fc8	023248	LOAD	CAST(INT_ZEXT(INT_ADD(SUBPIECE(PTRSUB(CONST(0x0,3),CONST(0xfb20,3)),CONST(0x0,4)),LEAF(register:000c:2:ushort))))
022fc8	FUN_022fc8	023258	LOAD	CAST(INT_ZEXT(INT_ADD(INT_MULT(LEAF(register:000c:2:ushort),CONST(0x2,2)),CONST(0xa904,2))))
022fc8	FUN_022fc8	023264	LOAD	CAST(INT_ZEXT(INT_ADD(SUBPIECE(PTRSUB(CONST(0x0,3),CONST(0xfb20,3)),CONST(0x0,4)),LEAF(register:000c:2:ushort))))
022fc8	FUN_022fc8	0232c4	LOAD	CAST(INT_ZEXT(INT_ADD(INT_MULT(LEAF(register:000c:2:ushort),CONST(0x2,2)),CONST(0xa910,2))))
022fc8	FUN_022fc8	0233ae	LOAD	CAST(INT_ZEXT(INT_ADD(SUBPIECE(PTRSUB(CONST(0x0,3),CONST(0xe9ba,3)),CONST(0x0,4)),LEAF(register:000c:2:ushort))))
022fc8	FUN_022fc8	0233b6	STORE	CAST(INT_ZEXT(INT_ADD(INT_ADD(SUBPIECE(PTRSUB(CONST(0x0,3),CONST(0xd840,3)),CONST(0x0,4)),INT_MULT(LEAF(register:000c:2:ushort),CONST(0x40,2))),INT_ZEXT(LOAD(CONST(0x1f1,4),CAST(INT_ZEXT(INT_ADD(SUBPIECE(PTRSUB(CONST(0x0,3),CONST(0xe9ba,3)),CONST(0x0,4)),LEAF(register:000c:2:ushort)))))))))
022fc8	FUN_022fc8	0233b8	LOAD	CAST(INT_ZEXT(INT_ADD(SUBPIECE(PTRSUB(CONST(0x0,3),CONST(0xe9ba,3)),CONST(0x0,4)),LEAF(register:000c:2:ushort))))
022fc8	FUN_022fc8	0233de	LOAD	CAST(INT_ZEXT(INT_ADD(INT_ADD(SUBPIECE(PTRSUB(CONST(0x0,3),CONST(0xd840,3)),CONST(0x0,4)),INT_MULT(LEAF(register:000c:2:ushort),CONST(0x40,2))),INT_ZEXT(MULTIEQUAL(MULTIEQUAL(INDIRECT(MULTIEQUAL(INDIRECT(MULTIEQUAL(INDIRECT(INDIRECT(INDIRECT(MULTIEQUAL(INDIRECT(MULTIEQUAL(LEAF(00e9b9:1:byte),LEAF(00e9b9:1:byte),LEAF(00e9b9:1:byte)),CONST(0x729,4)),LEAF(00e9b9:1:byte)),CONST(0x854,4)),CONST(0x897,4)),CONST(0x21c3,4)),LEAF(00e9b9:1:byte),LEAF(00e9b9:1:byte),LEAF(00e9b9:1:byte)),CONST(0xa5c,4)),INDIRECT(MULTIEQUAL(INDIRECT(LEAF(00e9b9:1:byte),CONST(0x245a,4)),INDIRECT(LEAF(00e9b9:1:byte),CONST(0x2598,4))),CONST(0x24f8,4))),CONST(0x1d90,4)),LEAF(00e9b9:1:byte),LEAF(00e9b9:1:byte),LEAF(00e9b9:1:byte),LEAF(00e9b9:1:byte),LEAF(00e9b9:1:byte),LEAF(00e9b9:1:byte),LEAF(00e9b9:1:byte),LEAF(00e9b9:1:byte),LEAF(00e9b9:1:byte),LEAF(00e9b9:1:byte)),INDIRECT(LEAF(00e9b9:1:byte),CONST(0x1f4f,4)))))))
022fc8	FUN_022fc8	0234a0	STORE	CAST(INT_ZEXT(INT_ADD(INT_ADD(SUBPIECE(PTRSUB(CONST(0x0,3),CONST(0xd840,3)),CONST(0x0,4)),INT_MULT(LEAF(register:000c:2:ushort),CONST(0x40,2))),INT_ZEXT(INDIRECT(INDIRECT(MULTIEQUAL(MULTIEQUAL(INDIRECT(MULTIEQUAL(INDIRECT(MULTIEQUAL(INDIRECT(INDIRECT(INDIRECT(MULTIEQUAL(LEAF(00e9b9:1:byte),LEAF(00e9b9:1:byte)),CONST(0x854,4)),CONST(0x897,4)),CONST(0x21c3,4)),LEAF(00e9b9:1:byte),LEAF(00e9b9:1:byte),LEAF(00e9b9:1:byte)),CONST(0xa5c,4)),INDIRECT(MULTIEQUAL(INDIRECT(LEAF(00e9b9:1:byte),CONST(0x245a,4)),INDIRECT(LEAF(00e9b9:1:byte),CONST(0x2598,4))),CONST(0x24f8,4))),CONST(0x1d90,4)),LEAF(00e9b9:1:byte),LEAF(00e9b9:1:byte),LEAF(00e9b9:1:byte),LEAF(00e9b9:1:byte),LEAF(00e9b9:1:byte),LEAF(00e9b9:1:byte),LEAF(00e9b9:1:byte),LEAF(00e9b9:1:byte),LEAF(00e9b9:1:byte),LEAF(00e9b9:1:byte)),INDIRECT(LEAF(00e9b9:1:byte),CONST(0x1f4f,4))),CONST(0xf92,4)),CONST(0x1664,4))))))
022fc8	FUN_022fc8	023528	STORE	CAST(INT_ZEXT(INT_ADD(SUBPIECE(PTRSUB(CONST(0x0,3),CONST(0xe9ba,3)),CONST(0x0,4)),LEAF(register:000c:2:ushort))))
022fc8	FUN_022fc8	0275ca	LOAD	CAST(INT_ZEXT(MULTIEQUAL(COPY(CONST(0x0,2)),MULTIEQUAL(INT_ADD(LEAF(register:000e:2:ushort),CONST(0x1,2)),INT_ZEXT(MULTIEQUAL(INDIRECT(INDIRECT(INDIRECT(MULTIEQUAL(INDIRECT(INDIRECT(INDIRECT(LEAF(000192:1:byte),CONST(0x1e,4)),CONST(0x58,4)),CONST(0x92,4)),INDIRECT(LEAF(000192:1:byte),CONST(0x2e2b,4)),INDIRECT(LEAF(000192:1:byte),CONST(0x2ed6,4)),LEAF(000192:1:byte)),CONST(0x25b,4)),CONST(0x2a6,4)),CONST(0x2c6d,4)),LEAF(000192:1:byte)))))))
022fc8	FUN_022fc8	0275d0	STORE	CAST(INT_ZEXT(MULTIEQUAL(COPY(INT_ADD(LEAF(register:0012:2:ushort),CONST(0x1,2))),INT_AND(CALL(LEAF(02c404:8:?),CONST(0x2552,2)),CONST(0xff,2)))))
022fec	FUN_022fec	0230f0	LOAD	CAST(INT_ZEXT(INT_ADD(INT_MULT(LEAF(register:000c:2:ushort),CONST(0x2,2)),CONST(0xe9a8,2))))
022fec	FUN_022fec	0230f4	LOAD	CAST(INT_ZEXT(INT_ADD(SUBPIECE(PTRSUB(CONST(0x0,3),CONST(0xfb20,3)),CONST(0x0,4)),LEAF(register:000c:2:ushort))))
022fec	FUN_022fec	02310a	STORE	CAST(INT_ZEXT(INT_ADD(INT_MULT(LEAF(register:000c:2:ushort),CONST(0x2,2)),CONST(0xe9a8,2))))
022fec	FUN_022fec	023112	LOAD	CAST(INT_ZEXT(INT_ADD(SUBPIECE(PTRSUB(CONST(0x0,3),CONST(0xe9a9,3)),CONST(0x0,4)),INT_MULT(LEAF(register:000c:2:ushort),CONST(0x2,2)))))
022fec	FUN_022fec	023126	STORE	CAST(INT_ZEXT(INT_ADD(INT_MULT(LEAF(register:000c:2:ushort),CONST(0x2,2)),CONST(0xe9a8,2))))
022fec	FUN_022fec	023132	LOAD	CAST(INT_ZEXT(INT_ADD(SUBPIECE(PTRSUB(CONST(0x0,3),CONST(0xe9a9,3)),CONST(0x0,4)),INT_MULT(LEAF(register:000c:2:ushort),CONST(0x2,2)))))
022fec	FUN_022fec	023144	STORE	CAST(INT_ZEXT(INT_ADD(INT_MULT(LEAF(register:000c:2:ushort),CONST(0x2,2)),CONST(0xe9a8,2))))
022fec	FUN_022fec	02316c	LOAD	CAST(INT_ZEXT(INT_ADD(INT_MULT(LEAF(register:000c:2:ushort),CONST(0x2,2)),CONST(0xa91c,2))))
022fec	FUN_022fec	02317a	LOAD	CAST(INT_ZEXT(INT_ADD(INT_MULT(LEAF(register:000c:2:ushort),CONST(0x2,2)),CONST(0xa928,2))))
022fec	FUN_022fec	023188	LOAD	CAST(INT_ZEXT(INT_ADD(INT_MULT(LEAF(register:000c:2:ushort),CONST(0x2,2)),CONST(0xa928,2))))
022fec	FUN_022fec	0231d0	LOAD	CAST(INT_ZEXT(INT_ADD(INT_MULT(LEAF(register:000c:2:ushort),CONST(0x2,2)),CONST(0xe9c0,2))))
022fec	FUN_022fec	0231e6	LOAD	CAST(INT_ZEXT(INT_ADD(INT_ADD(SUBPIECE(PTRSUB(CONST(0x0,3),CONST(0xd840,3)),CONST(0x0,4)),INT_MULT(LEAF(register:000c:2:ushort),CONST(0x40,2))),INT_ZEXT(MULTIEQUAL(MULTIEQUAL(INDIRECT(INDIRECT(INDIRECT(MULTIEQUAL(INDIRECT(INDIRECT(INDIRECT(LEAF(00e9b9:1:byte),CONST(0x1e,4)),CONST(0x58,4)),CONST(0x92,4)),INDIRECT(LEAF(00e9b9:1:byte),CONST(0x2e2b,4)),INDIRECT(LEAF(00e9b9:1:byte),CONST(0x2ed6,4)),LEAF(00e9b9:1:byte)),CONST(0x25b,4)),CONST(0x2a6,4)),CONST(0x2c6d,4)),LEAF(00e9b9:1:byte)),INDIRECT(LEAF(00e9b9:1:byte),CONST(0x2a45,4)),LEAF(00e9b9:1:byte))))))
022fec	FUN_022fec	0231f0	STORE	CAST(INT_ZEXT(INT_ADD(SUBPIECE(PTRSUB(CONST(0x0,3),CONST(0xe9ba,3)),CONST(0x0,4)),LEAF(register:000c:2:ushort))))
022fec	FUN_022fec	023202	LOAD	CAST(INT_ZEXT(INT_ADD(SUBPIECE(PTRSUB(CONST(0x0,3),CONST(0xe9a9,3)),CONST(0x0,4)),INT_MULT(LEAF(register:000c:2:ushort),CONST(0x2,2)))))
022fec	FUN_022fec	023210	LOAD	CAST(INT_ZEXT(INT_ADD(SUBPIECE(PTRSUB(CONST(0x0,3),CONST(0xe9a9,3)),CONST(0x0,4)),INT_MULT(LEAF(register:000c:2:ushort),CONST(0x2,2)))))
022fec	FUN_022fec	023248	LOAD	CAST(INT_ZEXT(INT_ADD(SUBPIECE(PTRSUB(CONST(0x0,3),CONST(0xfb20,3)),CONST(0x0,4)),LEAF(register:000c:2:ushort))))
022fec	FUN_022fec	023258	LOAD	CAST(INT_ZEXT(INT_ADD(INT_MULT(LEAF(register:000c:2:ushort),CONST(0x2,2)),CONST(0xa904,2))))
022fec	FUN_022fec	023264	LOAD	CAST(INT_ZEXT(INT_ADD(SUBPIECE(PTRSUB(CONST(0x0,3),CONST(0xfb20,3)),CONST(0x0,4)),LEAF(register:000c:2:ushort))))
022fec	FUN_022fec	0232c4	LOAD	CAST(INT_ZEXT(INT_ADD(INT_MULT(LEAF(register:000c:2:ushort),CONST(0x2,2)),CONST(0xa910,2))))
022fec	FUN_022fec	0233ae	LOAD	CAST(INT_ZEXT(INT_ADD(SUBPIECE(PTRSUB(CONST(0x0,3),CONST(0xe9ba,3)),CONST(0x0,4)),LEAF(register:000c:2:ushort))))
022fec	FUN_022fec	0233b6	STORE	CAST(INT_ZEXT(INT_ADD(INT_ADD(SUBPIECE(PTRSUB(CONST(0x0,3),CONST(0xd840,3)),CONST(0x0,4)),INT_MULT(LEAF(register:000c:2:ushort),CONST(0x40,2))),INT_ZEXT(LOAD(CONST(0x1f1,4),CAST(INT_ZEXT(INT_ADD(SUBPIECE(PTRSUB(CONST(0x0,3),CONST(0xe9ba,3)),CONST(0x0,4)),LEAF(register:000c:2:ushort)))))))))
022fec	FUN_022fec	0233b8	LOAD	CAST(INT_ZEXT(INT_ADD(SUBPIECE(PTRSUB(CONST(0x0,3),CONST(0xe9ba,3)),CONST(0x0,4)),LEAF(register:000c:2:ushort))))
022fec	FUN_022fec	0233de	LOAD	CAST(INT_ZEXT(INT_ADD(INT_ADD(SUBPIECE(PTRSUB(CONST(0x0,3),CONST(0xd840,3)),CONST(0x0,4)),INT_MULT(LEAF(register:000c:2:ushort),CONST(0x40,2))),INT_ZEXT(MULTIEQUAL(MULTIEQUAL(INDIRECT(MULTIEQUAL(INDIRECT(MULTIEQUAL(INDIRECT(INDIRECT(INDIRECT(MULTIEQUAL(INDIRECT(MULTIEQUAL(LEAF(00e9b9:1:byte),LEAF(00e9b9:1:byte),LEAF(00e9b9:1:byte)),CONST(0x729,4)),LEAF(00e9b9:1:byte)),CONST(0x854,4)),CONST(0x897,4)),CONST(0x21c3,4)),LEAF(00e9b9:1:byte),LEAF(00e9b9:1:byte),LEAF(00e9b9:1:byte)),CONST(0xa5c,4)),INDIRECT(MULTIEQUAL(INDIRECT(LEAF(00e9b9:1:byte),CONST(0x245a,4)),INDIRECT(LEAF(00e9b9:1:byte),CONST(0x2598,4))),CONST(0x24f8,4))),CONST(0x1d90,4)),LEAF(00e9b9:1:byte),LEAF(00e9b9:1:byte),LEAF(00e9b9:1:byte),LEAF(00e9b9:1:byte),LEAF(00e9b9:1:byte),LEAF(00e9b9:1:byte),LEAF(00e9b9:1:byte),LEAF(00e9b9:1:byte),LEAF(00e9b9:1:byte),LEAF(00e9b9:1:byte)),INDIRECT(LEAF(00e9b9:1:byte),CONST(0x1f4f,4)))))))
022fec	FUN_022fec	0234a0	STORE	CAST(INT_ZEXT(INT_ADD(INT_ADD(SUBPIECE(PTRSUB(CONST(0x0,3),CONST(0xd840,3)),CONST(0x0,4)),INT_MULT(LEAF(register:000c:2:ushort),CONST(0x40,2))),INT_ZEXT(INDIRECT(INDIRECT(MULTIEQUAL(MULTIEQUAL(INDIRECT(MULTIEQUAL(INDIRECT(MULTIEQUAL(INDIRECT(INDIRECT(INDIRECT(MULTIEQUAL(LEAF(00e9b9:1:byte),LEAF(00e9b9:1:byte)),CONST(0x854,4)),CONST(0x897,4)),CONST(0x21c3,4)),LEAF(00e9b9:1:byte),LEAF(00e9b9:1:byte),LEAF(00e9b9:1:byte)),CONST(0xa5c,4)),INDIRECT(MULTIEQUAL(INDIRECT(LEAF(00e9b9:1:byte),CONST(0x245a,4)),INDIRECT(LEAF(00e9b9:1:byte),CONST(0x2598,4))),CONST(0x24f8,4))),CONST(0x1d90,4)),LEAF(00e9b9:1:byte),LEAF(00e9b9:1:byte),LEAF(00e9b9:1:byte),LEAF(00e9b9:1:byte),LEAF(00e9b9:1:byte),LEAF(00e9b9:1:byte),LEAF(00e9b9:1:byte),LEAF(00e9b9:1:byte),LEAF(00e9b9:1:byte),LEAF(00e9b9:1:byte)),INDIRECT(LEAF(00e9b9:1:byte),CONST(0x1f4f,4))),CONST(0xf92,4)),CONST(0x1664,4))))))
022fec	FUN_022fec	023528	STORE	CAST(INT_ZEXT(INT_ADD(SUBPIECE(PTRSUB(CONST(0x0,3),CONST(0xe9ba,3)),CONST(0x0,4)),LEAF(register:000c:2:ushort))))
022fec	FUN_022fec	0275ca	LOAD	CAST(INT_ZEXT(MULTIEQUAL(COPY(CONST(0x0,2)),MULTIEQUAL(INT_ADD(LEAF(register:000e:2:ushort),CONST(0x1,2)),INT_ZEXT(MULTIEQUAL(INDIRECT(INDIRECT(INDIRECT(MULTIEQUAL(INDIRECT(INDIRECT(INDIRECT(LEAF(000192:1:byte),CONST(0x1e,4)),CONST(0x58,4)),CONST(0x92,4)),INDIRECT(LEAF(000192:1:byte),CONST(0x2e2b,4)),INDIRECT(LEAF(000192:1:byte),CONST(0x2ed6,4)),LEAF(000192:1:byte)),CONST(0x25b,4)),CONST(0x2a6,4)),CONST(0x2c6d,4)),LEAF(000192:1:byte)))))))
022fec	FUN_022fec	0275d0	STORE	CAST(INT_ZEXT(MULTIEQUAL(COPY(INT_ADD(LEAF(register:0012:2:ushort),CONST(0x1,2))),INT_AND(CALL(LEAF(02c404:8:?),CONST(0x2596,2)),CONST(0xff,2)))))
023010	FUN_023010	0230f0	LOAD	CAST(INT_ZEXT(INT_ADD(INT_MULT(LEAF(register:000c:2:ushort),CONST(0x2,2)),CONST(0xe9a8,2))))
023010	FUN_023010	0230f4	LOAD	CAST(INT_ZEXT(INT_ADD(SUBPIECE(PTRSUB(CONST(0x0,3),CONST(0xfb20,3)),CONST(0x0,4)),LEAF(register:000c:2:ushort))))
023010	FUN_023010	02310a	STORE	CAST(INT_ZEXT(INT_ADD(INT_MULT(LEAF(register:000c:2:ushort),CONST(0x2,2)),CONST(0xe9a8,2))))
023010	FUN_023010	023112	LOAD	CAST(INT_ZEXT(INT_ADD(SUBPIECE(PTRSUB(CONST(0x0,3),CONST(0xe9a9,3)),CONST(0x0,4)),INT_MULT(LEAF(register:000c:2:ushort),CONST(0x2,2)))))
023010	FUN_023010	023126	STORE	CAST(INT_ZEXT(INT_ADD(INT_MULT(LEAF(register:000c:2:ushort),CONST(0x2,2)),CONST(0xe9a8,2))))
023010	FUN_023010	023132	LOAD	CAST(INT_ZEXT(INT_ADD(SUBPIECE(PTRSUB(CONST(0x0,3),CONST(0xe9a9,3)),CONST(0x0,4)),INT_MULT(LEAF(register:000c:2:ushort),CONST(0x2,2)))))
023010	FUN_023010	023144	STORE	CAST(INT_ZEXT(INT_ADD(INT_MULT(LEAF(register:000c:2:ushort),CONST(0x2,2)),CONST(0xe9a8,2))))
023010	FUN_023010	02316c	LOAD	CAST(INT_ZEXT(INT_ADD(INT_MULT(LEAF(register:000c:2:ushort),CONST(0x2,2)),CONST(0xa91c,2))))
023010	FUN_023010	02317a	LOAD	CAST(INT_ZEXT(INT_ADD(INT_MULT(LEAF(register:000c:2:ushort),CONST(0x2,2)),CONST(0xa928,2))))
023010	FUN_023010	023188	LOAD	CAST(INT_ZEXT(INT_ADD(INT_MULT(LEAF(register:000c:2:ushort),CONST(0x2,2)),CONST(0xa928,2))))
023010	FUN_023010	0231d0	LOAD	CAST(INT_ZEXT(INT_ADD(INT_MULT(LEAF(register:000c:2:ushort),CONST(0x2,2)),CONST(0xe9c0,2))))
023010	FUN_023010	0231e6	LOAD	CAST(INT_ZEXT(INT_ADD(INT_ADD(SUBPIECE(PTRSUB(CONST(0x0,3),CONST(0xd840,3)),CONST(0x0,4)),INT_MULT(LEAF(register:000c:2:ushort),CONST(0x40,2))),INT_ZEXT(MULTIEQUAL(MULTIEQUAL(INDIRECT(INDIRECT(INDIRECT(MULTIEQUAL(INDIRECT(INDIRECT(INDIRECT(LEAF(00e9b9:1:byte),CONST(0x1e,4)),CONST(0x58,4)),CONST(0x92,4)),INDIRECT(LEAF(00e9b9:1:byte),CONST(0x2e2b,4)),INDIRECT(LEAF(00e9b9:1:byte),CONST(0x2ed6,4)),LEAF(00e9b9:1:byte)),CONST(0x25b,4)),CONST(0x2a6,4)),CONST(0x2c6d,4)),LEAF(00e9b9:1:byte)),INDIRECT(LEAF(00e9b9:1:byte),CONST(0x2a45,4)),LEAF(00e9b9:1:byte))))))
023010	FUN_023010	0231f0	STORE	CAST(INT_ZEXT(INT_ADD(SUBPIECE(PTRSUB(CONST(0x0,3),CONST(0xe9ba,3)),CONST(0x0,4)),LEAF(register:000c:2:ushort))))
023010	FUN_023010	023202	LOAD	CAST(INT_ZEXT(INT_ADD(SUBPIECE(PTRSUB(CONST(0x0,3),CONST(0xe9a9,3)),CONST(0x0,4)),INT_MULT(LEAF(register:000c:2:ushort),CONST(0x2,2)))))
023010	FUN_023010	023210	LOAD	CAST(INT_ZEXT(INT_ADD(SUBPIECE(PTRSUB(CONST(0x0,3),CONST(0xe9a9,3)),CONST(0x0,4)),INT_MULT(LEAF(register:000c:2:ushort),CONST(0x2,2)))))
023010	FUN_023010	023248	LOAD	CAST(INT_ZEXT(INT_ADD(SUBPIECE(PTRSUB(CONST(0x0,3),CONST(0xfb20,3)),CONST(0x0,4)),LEAF(register:000c:2:ushort))))
023010	FUN_023010	023258	LOAD	CAST(INT_ZEXT(INT_ADD(INT_MULT(LEAF(register:000c:2:ushort),CONST(0x2,2)),CONST(0xa904,2))))
023010	FUN_023010	023264	LOAD	CAST(INT_ZEXT(INT_ADD(SUBPIECE(PTRSUB(CONST(0x0,3),CONST(0xfb20,3)),CONST(0x0,4)),LEAF(register:000c:2:ushort))))
023010	FUN_023010	0232c4	LOAD	CAST(INT_ZEXT(INT_ADD(INT_MULT(LEAF(register:000c:2:ushort),CONST(0x2,2)),CONST(0xa910,2))))
023010	FUN_023010	0233ae	LOAD	CAST(INT_ZEXT(INT_ADD(SUBPIECE(PTRSUB(CONST(0x0,3),CONST(0xe9ba,3)),CONST(0x0,4)),LEAF(register:000c:2:ushort))))
023010	FUN_023010	0233b6	STORE	CAST(INT_ZEXT(INT_ADD(INT_ADD(SUBPIECE(PTRSUB(CONST(0x0,3),CONST(0xd840,3)),CONST(0x0,4)),INT_MULT(LEAF(register:000c:2:ushort),CONST(0x40,2))),INT_ZEXT(LOAD(CONST(0x1f1,4),CAST(INT_ZEXT(INT_ADD(SUBPIECE(PTRSUB(CONST(0x0,3),CONST(0xe9ba,3)),CONST(0x0,4)),LEAF(register:000c:2:ushort)))))))))
023010	FUN_023010	0233b8	LOAD	CAST(INT_ZEXT(INT_ADD(SUBPIECE(PTRSUB(CONST(0x0,3),CONST(0xe9ba,3)),CONST(0x0,4)),LEAF(register:000c:2:ushort))))
023010	FUN_023010	0233de	LOAD	CAST(INT_ZEXT(INT_ADD(INT_ADD(SUBPIECE(PTRSUB(CONST(0x0,3),CONST(0xd840,3)),CONST(0x0,4)),INT_MULT(LEAF(register:000c:2:ushort),CONST(0x40,2))),INT_ZEXT(MULTIEQUAL(MULTIEQUAL(INDIRECT(MULTIEQUAL(INDIRECT(MULTIEQUAL(INDIRECT(INDIRECT(INDIRECT(MULTIEQUAL(INDIRECT(MULTIEQUAL(LEAF(00e9b9:1:byte),LEAF(00e9b9:1:byte),LEAF(00e9b9:1:byte)),CONST(0x729,4)),LEAF(00e9b9:1:byte)),CONST(0x854,4)),CONST(0x897,4)),CONST(0x21c3,4)),LEAF(00e9b9:1:byte),LEAF(00e9b9:1:byte),LEAF(00e9b9:1:byte)),CONST(0xa5c,4)),INDIRECT(MULTIEQUAL(INDIRECT(LEAF(00e9b9:1:byte),CONST(0x245a,4)),INDIRECT(LEAF(00e9b9:1:byte),CONST(0x2598,4))),CONST(0x24f8,4))),CONST(0x1d90,4)),LEAF(00e9b9:1:byte),LEAF(00e9b9:1:byte),LEAF(00e9b9:1:byte),LEAF(00e9b9:1:byte),LEAF(00e9b9:1:byte),LEAF(00e9b9:1:byte),LEAF(00e9b9:1:byte),LEAF(00e9b9:1:byte),LEAF(00e9b9:1:byte),LEAF(00e9b9:1:byte)),INDIRECT(LEAF(00e9b9:1:byte),CONST(0x1f4f,4)))))))
023010	FUN_023010	0234a0	STORE	CAST(INT_ZEXT(INT_ADD(INT_ADD(SUBPIECE(PTRSUB(CONST(0x0,3),CONST(0xd840,3)),CONST(0x0,4)),INT_MULT(LEAF(register:000c:2:ushort),CONST(0x40,2))),INT_ZEXT(INDIRECT(INDIRECT(MULTIEQUAL(MULTIEQUAL(INDIRECT(MULTIEQUAL(INDIRECT(MULTIEQUAL(INDIRECT(INDIRECT(INDIRECT(MULTIEQUAL(LEAF(00e9b9:1:byte),LEAF(00e9b9:1:byte)),CONST(0x854,4)),CONST(0x897,4)),CONST(0x21c3,4)),LEAF(00e9b9:1:byte),LEAF(00e9b9:1:byte),LEAF(00e9b9:1:byte)),CONST(0xa5c,4)),INDIRECT(MULTIEQUAL(INDIRECT(LEAF(00e9b9:1:byte),CONST(0x245a,4)),INDIRECT(LEAF(00e9b9:1:byte),CONST(0x2598,4))),CONST(0x24f8,4))),CONST(0x1d90,4)),LEAF(00e9b9:1:byte),LEAF(00e9b9:1:byte),LEAF(00e9b9:1:byte),LEAF(00e9b9:1:byte),LEAF(00e9b9:1:byte),LEAF(00e9b9:1:byte),LEAF(00e9b9:1:byte),LEAF(00e9b9:1:byte),LEAF(00e9b9:1:byte),LEAF(00e9b9:1:byte)),INDIRECT(LEAF(00e9b9:1:byte),CONST(0x1f4f,4))),CONST(0xf92,4)),CONST(0x1664,4))))))
023010	FUN_023010	023528	STORE	CAST(INT_ZEXT(INT_ADD(SUBPIECE(PTRSUB(CONST(0x0,3),CONST(0xe9ba,3)),CONST(0x0,4)),LEAF(register:000c:2:ushort))))
023010	FUN_023010	0275ca	LOAD	CAST(INT_ZEXT(MULTIEQUAL(COPY(CONST(0x0,2)),MULTIEQUAL(INT_ADD(LEAF(register:000e:2:ushort),CONST(0x1,2)),INT_ZEXT(MULTIEQUAL(INDIRECT(INDIRECT(INDIRECT(MULTIEQUAL(INDIRECT(INDIRECT(INDIRECT(LEAF(000192:1:byte),CONST(0x1e,4)),CONST(0x58,4)),CONST(0x92,4)),INDIRECT(LEAF(000192:1:byte),CONST(0x2e2b,4)),INDIRECT(LEAF(000192:1:byte),CONST(0x2ed6,4)),LEAF(000192:1:byte)),CONST(0x25b,4)),CONST(0x2a6,4)),CONST(0x2c6d,4)),LEAF(000192:1:byte)))))))
023010	FUN_023010	0275d0	STORE	CAST(INT_ZEXT(MULTIEQUAL(COPY(INT_ADD(LEAF(register:0012:2:ushort),CONST(0x1,2))),INT_AND(CALL(LEAF(02c404:8:?),CONST(0x2442,2)),CONST(0xff,2)))))
023034	FUN_023034	0230f0	LOAD	CAST(INT_ZEXT(INT_ADD(INT_MULT(LEAF(register:000c:2:ushort),CONST(0x2,2)),CONST(0xe9a8,2))))
023034	FUN_023034	0230f4	LOAD	CAST(INT_ZEXT(INT_ADD(SUBPIECE(PTRSUB(CONST(0x0,3),CONST(0xfb20,3)),CONST(0x0,4)),LEAF(register:000c:2:ushort))))
023034	FUN_023034	02310a	STORE	CAST(INT_ZEXT(INT_ADD(INT_MULT(LEAF(register:000c:2:ushort),CONST(0x2,2)),CONST(0xe9a8,2))))
023034	FUN_023034	023112	LOAD	CAST(INT_ZEXT(INT_ADD(SUBPIECE(PTRSUB(CONST(0x0,3),CONST(0xe9a9,3)),CONST(0x0,4)),INT_MULT(LEAF(register:000c:2:ushort),CONST(0x2,2)))))
023034	FUN_023034	023126	STORE	CAST(INT_ZEXT(INT_ADD(INT_MULT(LEAF(register:000c:2:ushort),CONST(0x2,2)),CONST(0xe9a8,2))))
023034	FUN_023034	023132	LOAD	CAST(INT_ZEXT(INT_ADD(SUBPIECE(PTRSUB(CONST(0x0,3),CONST(0xe9a9,3)),CONST(0x0,4)),INT_MULT(LEAF(register:000c:2:ushort),CONST(0x2,2)))))
023034	FUN_023034	023144	STORE	CAST(INT_ZEXT(INT_ADD(INT_MULT(LEAF(register:000c:2:ushort),CONST(0x2,2)),CONST(0xe9a8,2))))
023034	FUN_023034	02316c	LOAD	CAST(INT_ZEXT(INT_ADD(INT_MULT(LEAF(register:000c:2:ushort),CONST(0x2,2)),CONST(0xa91c,2))))
023034	FUN_023034	02317a	LOAD	CAST(INT_ZEXT(INT_ADD(INT_MULT(LEAF(register:000c:2:ushort),CONST(0x2,2)),CONST(0xa928,2))))
023034	FUN_023034	023188	LOAD	CAST(INT_ZEXT(INT_ADD(INT_MULT(LEAF(register:000c:2:ushort),CONST(0x2,2)),CONST(0xa928,2))))
023034	FUN_023034	0231d0	LOAD	CAST(INT_ZEXT(INT_ADD(INT_MULT(LEAF(register:000c:2:ushort),CONST(0x2,2)),CONST(0xe9c0,2))))
023034	FUN_023034	0231e6	LOAD	CAST(INT_ZEXT(INT_ADD(INT_ADD(SUBPIECE(PTRSUB(CONST(0x0,3),CONST(0xd840,3)),CONST(0x0,4)),INT_MULT(LEAF(register:000c:2:ushort),CONST(0x40,2))),INT_ZEXT(MULTIEQUAL(MULTIEQUAL(INDIRECT(INDIRECT(INDIRECT(MULTIEQUAL(INDIRECT(INDIRECT(INDIRECT(LEAF(00e9b9:1:byte),CONST(0x1e,4)),CONST(0x58,4)),CONST(0x92,4)),INDIRECT(LEAF(00e9b9:1:byte),CONST(0x2e2b,4)),INDIRECT(LEAF(00e9b9:1:byte),CONST(0x2ed6,4)),LEAF(00e9b9:1:byte)),CONST(0x25b,4)),CONST(0x2a6,4)),CONST(0x2c6d,4)),LEAF(00e9b9:1:byte)),INDIRECT(LEAF(00e9b9:1:byte),CONST(0x2a45,4)),LEAF(00e9b9:1:byte))))))
023034	FUN_023034	0231f0	STORE	CAST(INT_ZEXT(INT_ADD(SUBPIECE(PTRSUB(CONST(0x0,3),CONST(0xe9ba,3)),CONST(0x0,4)),LEAF(register:000c:2:ushort))))
023034	FUN_023034	023202	LOAD	CAST(INT_ZEXT(INT_ADD(SUBPIECE(PTRSUB(CONST(0x0,3),CONST(0xe9a9,3)),CONST(0x0,4)),INT_MULT(LEAF(register:000c:2:ushort),CONST(0x2,2)))))
023034	FUN_023034	023210	LOAD	CAST(INT_ZEXT(INT_ADD(SUBPIECE(PTRSUB(CONST(0x0,3),CONST(0xe9a9,3)),CONST(0x0,4)),INT_MULT(LEAF(register:000c:2:ushort),CONST(0x2,2)))))
023034	FUN_023034	023248	LOAD	CAST(INT_ZEXT(INT_ADD(SUBPIECE(PTRSUB(CONST(0x0,3),CONST(0xfb20,3)),CONST(0x0,4)),LEAF(register:000c:2:ushort))))
023034	FUN_023034	023258	LOAD	CAST(INT_ZEXT(INT_ADD(INT_MULT(LEAF(register:000c:2:ushort),CONST(0x2,2)),CONST(0xa904,2))))
023034	FUN_023034	023264	LOAD	CAST(INT_ZEXT(INT_ADD(SUBPIECE(PTRSUB(CONST(0x0,3),CONST(0xfb20,3)),CONST(0x0,4)),LEAF(register:000c:2:ushort))))
023034	FUN_023034	0232c4	LOAD	CAST(INT_ZEXT(INT_ADD(INT_MULT(LEAF(register:000c:2:ushort),CONST(0x2,2)),CONST(0xa910,2))))
023034	FUN_023034	0233ae	LOAD	CAST(INT_ZEXT(INT_ADD(SUBPIECE(PTRSUB(CONST(0x0,3),CONST(0xe9ba,3)),CONST(0x0,4)),LEAF(register:000c:2:ushort))))
023034	FUN_023034	0233b6	STORE	CAST(INT_ZEXT(INT_ADD(INT_ADD(SUBPIECE(PTRSUB(CONST(0x0,3),CONST(0xd840,3)),CONST(0x0,4)),INT_MULT(LEAF(register:000c:2:ushort),CONST(0x40,2))),INT_ZEXT(LOAD(CONST(0x1f1,4),CAST(INT_ZEXT(INT_ADD(SUBPIECE(PTRSUB(CONST(0x0,3),CONST(0xe9ba,3)),CONST(0x0,4)),LEAF(register:000c:2:ushort)))))))))
023034	FUN_023034	0233b8	LOAD	CAST(INT_ZEXT(INT_ADD(SUBPIECE(PTRSUB(CONST(0x0,3),CONST(0xe9ba,3)),CONST(0x0,4)),LEAF(register:000c:2:ushort))))
023034	FUN_023034	0233de	LOAD	CAST(INT_ZEXT(INT_ADD(INT_ADD(SUBPIECE(PTRSUB(CONST(0x0,3),CONST(0xd840,3)),CONST(0x0,4)),INT_MULT(LEAF(register:000c:2:ushort),CONST(0x40,2))),INT_ZEXT(MULTIEQUAL(MULTIEQUAL(INDIRECT(MULTIEQUAL(INDIRECT(MULTIEQUAL(INDIRECT(INDIRECT(INDIRECT(MULTIEQUAL(INDIRECT(MULTIEQUAL(LEAF(00e9b9:1:byte),LEAF(00e9b9:1:byte),LEAF(00e9b9:1:byte)),CONST(0x729,4)),LEAF(00e9b9:1:byte)),CONST(0x854,4)),CONST(0x897,4)),CONST(0x21c3,4)),LEAF(00e9b9:1:byte),LEAF(00e9b9:1:byte),LEAF(00e9b9:1:byte)),CONST(0xa5c,4)),INDIRECT(MULTIEQUAL(INDIRECT(LEAF(00e9b9:1:byte),CONST(0x245a,4)),INDIRECT(LEAF(00e9b9:1:byte),CONST(0x2598,4))),CONST(0x24f8,4))),CONST(0x1d90,4)),LEAF(00e9b9:1:byte),LEAF(00e9b9:1:byte),LEAF(00e9b9:1:byte),LEAF(00e9b9:1:byte),LEAF(00e9b9:1:byte),LEAF(00e9b9:1:byte),LEAF(00e9b9:1:byte),LEAF(00e9b9:1:byte),LEAF(00e9b9:1:byte),LEAF(00e9b9:1:byte)),INDIRECT(LEAF(00e9b9:1:byte),CONST(0x1f4f,4)))))))
023034	FUN_023034	0234a0	STORE	CAST(INT_ZEXT(INT_ADD(INT_ADD(SUBPIECE(PTRSUB(CONST(0x0,3),CONST(0xd840,3)),CONST(0x0,4)),INT_MULT(LEAF(register:000c:2:ushort),CONST(0x40,2))),INT_ZEXT(INDIRECT(INDIRECT(MULTIEQUAL(MULTIEQUAL(INDIRECT(MULTIEQUAL(INDIRECT(MULTIEQUAL(INDIRECT(INDIRECT(INDIRECT(MULTIEQUAL(LEAF(00e9b9:1:byte),LEAF(00e9b9:1:byte)),CONST(0x854,4)),CONST(0x897,4)),CONST(0x21c3,4)),LEAF(00e9b9:1:byte),LEAF(00e9b9:1:byte),LEAF(00e9b9:1:byte)),CONST(0xa5c,4)),INDIRECT(MULTIEQUAL(INDIRECT(LEAF(00e9b9:1:byte),CONST(0x245a,4)),INDIRECT(LEAF(00e9b9:1:byte),CONST(0x2598,4))),CONST(0x24f8,4))),CONST(0x1d90,4)),LEAF(00e9b9:1:byte),LEAF(00e9b9:1:byte),LEAF(00e9b9:1:byte),LEAF(00e9b9:1:byte),LEAF(00e9b9:1:byte),LEAF(00e9b9:1:byte),LEAF(00e9b9:1:byte),LEAF(00e9b9:1:byte),LEAF(00e9b9:1:byte),LEAF(00e9b9:1:byte)),INDIRECT(LEAF(00e9b9:1:byte),CONST(0x1f4f,4))),CONST(0xf92,4)),CONST(0x1664,4))))))
023034	FUN_023034	023528	STORE	CAST(INT_ZEXT(INT_ADD(SUBPIECE(PTRSUB(CONST(0x0,3),CONST(0xe9ba,3)),CONST(0x0,4)),LEAF(register:000c:2:ushort))))
023034	FUN_023034	0275ca	LOAD	CAST(INT_ZEXT(MULTIEQUAL(COPY(CONST(0x0,2)),MULTIEQUAL(INT_ADD(LEAF(register:000e:2:ushort),CONST(0x1,2)),INT_ZEXT(MULTIEQUAL(INDIRECT(INDIRECT(INDIRECT(MULTIEQUAL(INDIRECT(INDIRECT(INDIRECT(LEAF(000192:1:byte),CONST(0x1e,4)),CONST(0x58,4)),CONST(0x92,4)),INDIRECT(LEAF(000192:1:byte),CONST(0x2e2b,4)),INDIRECT(LEAF(000192:1:byte),CONST(0x2ed6,4)),LEAF(000192:1:byte)),CONST(0x25b,4)),CONST(0x2a6,4)),CONST(0x2c6d,4)),LEAF(000192:1:byte)))))))
023034	FUN_023034	0275d0	STORE	CAST(INT_ZEXT(MULTIEQUAL(COPY(INT_ADD(LEAF(register:0012:2:ushort),CONST(0x1,2))),INT_AND(CALL(LEAF(02c404:8:?),CONST(0x2486,2)),CONST(0xff,2)))))
02310c	FUN_02310c	02310c	LOAD	CAST(INT_ZEXT(LEAF(register:0012:2:ushort)))
02310c	FUN_02310c	023112	LOAD	CAST(INT_ZEXT(INT_ADD(SUBPIECE(PTRSUB(CONST(0x0,3),CONST(0xe9a9,3)),CONST(0x0,4)),INT_MULT(LEAF(register:000c:2:ushort),CONST(0x2,2)))))
02310c	FUN_02310c	023126	STORE	CAST(INT_ZEXT(INT_ADD(INT_MULT(LEAF(register:000c:2:ushort),CONST(0x2,2)),CONST(0xe9a8,2))))
02310c	FUN_02310c	023132	LOAD	CAST(INT_ZEXT(INT_ADD(SUBPIECE(PTRSUB(CONST(0x0,3),CONST(0xe9a9,3)),CONST(0x0,4)),INT_MULT(LEAF(register:000c:2:ushort),CONST(0x2,2)))))
02310c	FUN_02310c	023144	STORE	CAST(INT_ZEXT(INT_ADD(INT_MULT(LEAF(register:000c:2:ushort),CONST(0x2,2)),CONST(0xe9a8,2))))
02310c	FUN_02310c	02316c	LOAD	CAST(INT_ZEXT(INT_ADD(INT_MULT(LEAF(register:000c:2:ushort),CONST(0x2,2)),CONST(0xa91c,2))))
02310c	FUN_02310c	02317a	LOAD	CAST(INT_ZEXT(INT_ADD(INT_MULT(LEAF(register:000c:2:ushort),CONST(0x2,2)),CONST(0xa928,2))))
02310c	FUN_02310c	023188	LOAD	CAST(INT_ZEXT(INT_ADD(INT_MULT(LEAF(register:000c:2:ushort),CONST(0x2,2)),CONST(0xa928,2))))
02310c	FUN_02310c	0231d0	LOAD	CAST(INT_ZEXT(INT_ADD(INT_MULT(LEAF(register:000c:2:ushort),CONST(0x2,2)),CONST(0xe9c0,2))))
02310c	FUN_02310c	0231e6	LOAD	CAST(INT_ZEXT(INT_ADD(INT_ADD(SUBPIECE(PTRSUB(CONST(0x0,3),CONST(0xd840,3)),CONST(0x0,4)),INT_MULT(LEAF(register:000c:2:ushort),CONST(0x40,2))),INT_ZEXT(MULTIEQUAL(MULTIEQUAL(INDIRECT(LEAF(00e9b9:1:byte),CONST(0x29d8,4)),LEAF(00e9b9:1:byte)),INDIRECT(LEAF(00e9b9:1:byte),CONST(0x27b0,4)),LEAF(00e9b9:1:byte))))))
02310c	FUN_02310c	0231f0	STORE	CAST(INT_ZEXT(INT_ADD(SUBPIECE(PTRSUB(CONST(0x0,3),CONST(0xe9ba,3)),CONST(0x0,4)),LEAF(register:000c:2:ushort))))
02310c	FUN_02310c	023202	LOAD	CAST(INT_ZEXT(INT_ADD(SUBPIECE(PTRSUB(CONST(0x0,3),CONST(0xe9a9,3)),CONST(0x0,4)),INT_MULT(LEAF(register:000c:2:ushort),CONST(0x2,2)))))
02310c	FUN_02310c	023210	LOAD	CAST(INT_ZEXT(INT_ADD(SUBPIECE(PTRSUB(CONST(0x0,3),CONST(0xe9a9,3)),CONST(0x0,4)),INT_MULT(LEAF(register:000c:2:ushort),CONST(0x2,2)))))
02310c	FUN_02310c	023248	LOAD	CAST(INT_ZEXT(INT_ADD(SUBPIECE(PTRSUB(CONST(0x0,3),CONST(0xfb20,3)),CONST(0x0,4)),LEAF(register:000c:2:ushort))))
02310c	FUN_02310c	023258	LOAD	CAST(INT_ZEXT(INT_ADD(INT_MULT(LEAF(register:000c:2:ushort),CONST(0x2,2)),CONST(0xa904,2))))
02310c	FUN_02310c	023264	LOAD	CAST(INT_ZEXT(INT_ADD(SUBPIECE(PTRSUB(CONST(0x0,3),CONST(0xfb20,3)),CONST(0x0,4)),LEAF(register:000c:2:ushort))))
02310c	FUN_02310c	0232c4	LOAD	CAST(INT_ZEXT(INT_ADD(INT_MULT(LEAF(register:000c:2:ushort),CONST(0x2,2)),CONST(0xa910,2))))
02310c	FUN_02310c	0233ae	LOAD	CAST(INT_ZEXT(INT_ADD(SUBPIECE(PTRSUB(CONST(0x0,3),CONST(0xe9ba,3)),CONST(0x0,4)),LEAF(register:000c:2:ushort))))
02310c	FUN_02310c	0233b6	STORE	CAST(INT_ZEXT(INT_ADD(INT_ADD(SUBPIECE(PTRSUB(CONST(0x0,3),CONST(0xd840,3)),CONST(0x0,4)),INT_MULT(LEAF(register:000c:2:ushort),CONST(0x40,2))),INT_ZEXT(LOAD(CONST(0x1f1,4),CAST(INT_ZEXT(INT_ADD(SUBPIECE(PTRSUB(CONST(0x0,3),CONST(0xe9ba,3)),CONST(0x0,4)),LEAF(register:000c:2:ushort)))))))))
02310c	FUN_02310c	0233b8	LOAD	CAST(INT_ZEXT(INT_ADD(SUBPIECE(PTRSUB(CONST(0x0,3),CONST(0xe9ba,3)),CONST(0x0,4)),LEAF(register:000c:2:ushort))))
02310c	FUN_02310c	0233de	LOAD	CAST(INT_ZEXT(INT_ADD(INT_ADD(SUBPIECE(PTRSUB(CONST(0x0,3),CONST(0xd840,3)),CONST(0x0,4)),INT_MULT(LEAF(register:000c:2:ushort),CONST(0x40,2))),INT_ZEXT(MULTIEQUAL(MULTIEQUAL(INDIRECT(MULTIEQUAL(INDIRECT(MULTIEQUAL(INDIRECT(INDIRECT(INDIRECT(MULTIEQUAL(INDIRECT(MULTIEQUAL(LEAF(00e9b9:1:byte),LEAF(00e9b9:1:byte),LEAF(00e9b9:1:byte)),CONST(0x494,4)),LEAF(00e9b9:1:byte)),CONST(0x5bf,4)),CONST(0x602,4)),CONST(0x1f2e,4)),LEAF(00e9b9:1:byte),LEAF(00e9b9:1:byte),LEAF(00e9b9:1:byte)),CONST(0x7c7,4)),INDIRECT(MULTIEQUAL(INDIRECT(LEAF(00e9b9:1:byte),CONST(0x21c5,4)),INDIRECT(LEAF(00e9b9:1:byte),CONST(0x2303,4))),CONST(0x2263,4))),CONST(0x1afb,4)),LEAF(00e9b9:1:byte),LEAF(00e9b9:1:byte),LEAF(00e9b9:1:byte),LEAF(00e9b9:1:byte),LEAF(00e9b9:1:byte),LEAF(00e9b9:1:byte),LEAF(00e9b9:1:byte),LEAF(00e9b9:1:byte),LEAF(00e9b9:1:byte),LEAF(00e9b9:1:byte)),INDIRECT(LEAF(00e9b9:1:byte),CONST(0x1cba,4)))))))
02310c	FUN_02310c	0234a0	STORE	CAST(INT_ZEXT(INT_ADD(INT_ADD(SUBPIECE(PTRSUB(CONST(0x0,3),CONST(0xd840,3)),CONST(0x0,4)),INT_MULT(LEAF(register:000c:2:ushort),CONST(0x40,2))),INT_ZEXT(INDIRECT(INDIRECT(MULTIEQUAL(MULTIEQUAL(INDIRECT(MULTIEQUAL(INDIRECT(MULTIEQUAL(INDIRECT(INDIRECT(INDIRECT(MULTIEQUAL(LEAF(00e9b9:1:byte),LEAF(00e9b9:1:byte)),CONST(0x5bf,4)),CONST(0x602,4)),CONST(0x1f2e,4)),LEAF(00e9b9:1:byte),LEAF(00e9b9:1:byte),LEAF(00e9b9:1:byte)),CONST(0x7c7,4)),INDIRECT(MULTIEQUAL(INDIRECT(LEAF(00e9b9:1:byte),CONST(0x21c5,4)),INDIRECT(LEAF(00e9b9:1:byte),CONST(0x2303,4))),CONST(0x2263,4))),CONST(0x1afb,4)),LEAF(00e9b9:1:byte),LEAF(00e9b9:1:byte),LEAF(00e9b9:1:byte),LEAF(00e9b9:1:byte),LEAF(00e9b9:1:byte),LEAF(00e9b9:1:byte),LEAF(00e9b9:1:byte),LEAF(00e9b9:1:byte),LEAF(00e9b9:1:byte),LEAF(00e9b9:1:byte)),INDIRECT(LEAF(00e9b9:1:byte),CONST(0x1cba,4))),CONST(0xcfd,4)),CONST(0x13cf,4))))))
02310c	FUN_02310c	023528	STORE	CAST(INT_ZEXT(INT_ADD(SUBPIECE(PTRSUB(CONST(0x0,3),CONST(0xe9ba,3)),CONST(0x0,4)),LEAF(register:000c:2:ushort))))
02310c	FUN_02310c	0275ca	LOAD	CAST(INT_ZEXT(MULTIEQUAL(COPY(CONST(0x0,2)),MULTIEQUAL(INT_ADD(LEAF(register:000e:2:ushort),CONST(0x1,2)),INT_ZEXT(MULTIEQUAL(INDIRECT(LEAF(000192:1:byte),CONST(0x29d8,4)),LEAF(000192:1:byte)))))))
02310c	FUN_02310c	0275d0	STORE	CAST(INT_ZEXT(MULTIEQUAL(COPY(INT_ADD(LEAF(register:0012:2:ushort),CONST(0x1,2))),LEAF(register:0012:2:ushort))))
0231d8	FUN_0231d8	0231e6	LOAD	CAST(INT_ZEXT(INT_ADD(INT_ADD(SUBPIECE(PTRSUB(CONST(0x0,3),CONST(0xd840,3)),CONST(0x0,4)),INT_MULT(LEAF(register:0008:2:short),CONST(0x40,2))),INT_ZEXT(LEAF(00e9b9:1:byte)))))
0231d8	FUN_0231d8	0231f0	STORE	CAST(INT_ZEXT(CAST(INT_ADD(SUBPIECE(PTRSUB(CONST(0x0,3),CONST(0xe9ba,3)),CONST(0x0,4)),LEAF(register:000c:2:short)))))
0231d8	FUN_0231d8	023202	LOAD	CAST(INT_ZEXT(CAST(INT_ADD(SUBPIECE(PTRSUB(CONST(0x0,3),CONST(0xe9a9,3)),CONST(0x0,4)),INT_MULT(LEAF(register:000c:2:short),CONST(0x2,2))))))
0231d8	FUN_0231d8	023210	LOAD	CAST(INT_ZEXT(CAST(INT_ADD(SUBPIECE(PTRSUB(CONST(0x0,3),CONST(0xe9a9,3)),CONST(0x0,4)),INT_MULT(LEAF(register:000c:2:short),CONST(0x2,2))))))
0231d8	FUN_0231d8	023248	LOAD	CAST(INT_ZEXT(CAST(INT_ADD(SUBPIECE(PTRSUB(CONST(0x0,3),CONST(0xfb20,3)),CONST(0x0,4)),LEAF(register:000c:2:short)))))
0231d8	FUN_0231d8	023258	LOAD	CAST(INT_ZEXT(INT_ADD(INT_MULT(LEAF(register:000c:2:short),CONST(0x2,2)),CONST(0xa904,2))))
0231d8	FUN_0231d8	023264	LOAD	CAST(INT_ZEXT(CAST(INT_ADD(SUBPIECE(PTRSUB(CONST(0x0,3),CONST(0xfb20,3)),CONST(0x0,4)),LEAF(register:000c:2:short)))))
0231d8	FUN_0231d8	0232c4	LOAD	CAST(INT_ZEXT(INT_ADD(INT_MULT(LEAF(register:000c:2:short),CONST(0x2,2)),CONST(0xa910,2))))
0231d8	FUN_0231d8	0233ae	LOAD	CAST(INT_ZEXT(CAST(INT_ADD(SUBPIECE(PTRSUB(CONST(0x0,3),CONST(0xe9ba,3)),CONST(0x0,4)),LEAF(register:000c:2:short)))))
0231d8	FUN_0231d8	0233b6	STORE	CAST(INT_ZEXT(INT_ADD(INT_ADD(SUBPIECE(PTRSUB(CONST(0x0,3),CONST(0xd840,3)),CONST(0x0,4)),INT_MULT(LEAF(register:000c:2:short),CONST(0x40,2))),INT_ZEXT(LOAD(CONST(0x1f1,4),CAST(INT_ZEXT(CAST(INT_ADD(SUBPIECE(PTRSUB(CONST(0x0,3),CONST(0xe9ba,3)),CONST(0x0,4)),LEAF(register:000c:2:short))))))))))
0231d8	FUN_0231d8	0233b8	LOAD	CAST(INT_ZEXT(CAST(INT_ADD(SUBPIECE(PTRSUB(CONST(0x0,3),CONST(0xe9ba,3)),CONST(0x0,4)),LEAF(register:000c:2:short)))))
0231d8	FUN_0231d8	0233de	LOAD	CAST(INT_ZEXT(INT_ADD(INT_ADD(SUBPIECE(PTRSUB(CONST(0x0,3),CONST(0xd840,3)),CONST(0x0,4)),INT_MULT(LEAF(register:000c:2:short),CONST(0x40,2))),INT_ZEXT(MULTIEQUAL(MULTIEQUAL(INDIRECT(MULTIEQUAL(INDIRECT(MULTIEQUAL(INDIRECT(INDIRECT(INDIRECT(INDIRECT(LEAF(00e9b9:1:byte),CONST(0x132,4)),CONST(0x25d,4)),CONST(0x2a0,4)),CONST(0x1bcc,4)),LEAF(00e9b9:1:byte),LEAF(00e9b9:1:byte),LEAF(00e9b9:1:byte)),CONST(0x465,4)),INDIRECT(MULTIEQUAL(INDIRECT(LEAF(00e9b9:1:byte),CONST(0x1e63,4)),INDIRECT(LEAF(00e9b9:1:byte),CONST(0x1fa1,4))),CONST(0x1f01,4))),CONST(0x1799,4)),LEAF(00e9b9:1:byte),LEAF(00e9b9:1:byte),LEAF(00e9b9:1:byte),LEAF(00e9b9:1:byte),LEAF(00e9b9:1:byte),LEAF(00e9b9:1:byte),LEAF(00e9b9:1:byte),LEAF(00e9b9:1:byte),LEAF(00e9b9:1:byte),LEAF(00e9b9:1:byte)),INDIRECT(LEAF(00e9b9:1:byte),CONST(0x1958,4)))))))
0231d8	FUN_0231d8	0234a0	STORE	CAST(INT_ZEXT(INT_ADD(INT_ADD(SUBPIECE(PTRSUB(CONST(0x0,3),CONST(0xd840,3)),CONST(0x0,4)),INT_MULT(LEAF(register:000c:2:short),CONST(0x40,2))),INT_ZEXT(INDIRECT(INDIRECT(MULTIEQUAL(MULTIEQUAL(INDIRECT(MULTIEQUAL(INDIRECT(MULTIEQUAL(INDIRECT(INDIRECT(INDIRECT(INDIRECT(LEAF(00e9b9:1:byte),CONST(0x132,4)),CONST(0x25d,4)),CONST(0x2a0,4)),CONST(0x1bcc,4)),LEAF(00e9b9:1:byte),LEAF(00e9b9:1:byte),LEAF(00e9b9:1:byte)),CONST(0x465,4)),INDIRECT(MULTIEQUAL(INDIRECT(LEAF(00e9b9:1:byte),CONST(0x1e63,4)),INDIRECT(LEAF(00e9b9:1:byte),CONST(0x1fa1,4))),CONST(0x1f01,4))),CONST(0x1799,4)),LEAF(00e9b9:1:byte),LEAF(00e9b9:1:byte),LEAF(00e9b9:1:byte),LEAF(00e9b9:1:byte),LEAF(00e9b9:1:byte),LEAF(00e9b9:1:byte),LEAF(00e9b9:1:byte),LEAF(00e9b9:1:byte),LEAF(00e9b9:1:byte),LEAF(00e9b9:1:byte)),INDIRECT(LEAF(00e9b9:1:byte),CONST(0x1958,4))),CONST(0x99b,4)),CONST(0x106d,4))))))
0231d8	FUN_0231d8	023528	STORE	CAST(INT_ZEXT(CAST(INT_ADD(SUBPIECE(PTRSUB(CONST(0x0,3),CONST(0xe9ba,3)),CONST(0x0,4)),LEAF(register:000c:2:short)))))
023426	FUN_023426	0234a0	STORE	CAST(INT_ZEXT(INT_ADD(INT_ADD(SUBPIECE(PTRSUB(CONST(0x0,3),CONST(0xd840,3)),CONST(0x0,4)),INT_MULT(LEAF(register:000c:2:short),CONST(0x40,2))),INT_ZEXT(LEAF(00e9b9:1:byte)))))
023426	FUN_023426	023528	STORE	CAST(INT_ZEXT(CAST(INT_ADD(SUBPIECE(PTRSUB(CONST(0x0,3),CONST(0xe9ba,3)),CONST(0x0,4)),LEAF(register:000c:2:short)))))
023448	FUN_023448	0234a0	STORE	CAST(INT_ZEXT(INT_ADD(INT_ADD(SUBPIECE(PTRSUB(CONST(0x0,3),CONST(0xd840,3)),CONST(0x0,4)),INT_MULT(LEAF(register:000c:2:short),CONST(0x40,2))),INT_ZEXT(LEAF(00e9b9:1:byte)))))
023448	FUN_023448	023528	STORE	CAST(INT_ZEXT(CAST(INT_ADD(SUBPIECE(PTRSUB(CONST(0x0,3),CONST(0xe9ba,3)),CONST(0x0,4)),LEAF(register:000c:2:short)))))
023530	FUN_023530	023534	LOAD	CAST(INT_ZEXT(INT_ADD(INT_MULT(LEAF(register:000c:2:short),CONST(0x2,2)),CONST(0xe9c0,2))))
023530	FUN_023530	0235ce	LOAD	CAST(INT_ZEXT(INT_ADD(INT_MULT(LEAF(register:000c:2:short),CONST(0x2,2)),CONST(0xa904,2))))
023530	FUN_023530	023670	STORE	CAST(INT_ZEXT(CAST(INT_ADD(SUBPIECE(PTRSUB(CONST(0x0,3),CONST(0xe9cc,3)),CONST(0x0,4)),LEAF(register:000c:2:short)))))
023530	FUN_023530	023678	STORE	CAST(INT_ZEXT(INT_ADD(INT_MULT(LEAF(register:000c:2:short),CONST(0x2,2)),CONST(0xe9c0,2))))
023530	FUN_023530	023686	LOAD	CAST(INT_ZEXT(INT_ADD(LEAF(register:000c:2:short),CONST(0xdc2e,2))))
023530	FUN_023530	023690	LOAD	CAST(INT_ZEXT(INT_ADD(LEAF(register:000c:2:short),CONST(0xdc2e,2))))
023530	FUN_023530	0236a2	STORE	CAST(INT_ZEXT(CAST(INT_ADD(SUBPIECE(PTRSUB(CONST(0x0,3),CONST(0xfb26,3)),CONST(0x0,4)),LEAF(register:000c:2:short)))))
023530	FUN_023530	0236a8	STORE	CAST(INT_ZEXT(CAST(INT_ADD(SUBPIECE(PTRSUB(CONST(0x0,3),CONST(0xfb26,3)),CONST(0x0,4)),LEAF(register:000c:2:short)))))
023530	FUN_023530	0236ac	LOAD	CAST(INT_ZEXT(CAST(INT_ADD(SUBPIECE(PTRSUB(CONST(0x0,3),CONST(0xfb26,3)),CONST(0x0,4)),LEAF(register:000c:2:short)))))
023530	FUN_023530	0236b2	STORE	CAST(INT_ZEXT(CAST(INT_ADD(SUBPIECE(PTRSUB(CONST(0x0,3),CONST(0xfb26,3)),CONST(0x0,4)),LEAF(register:000c:2:short)))))
02354a	FUN_02354a	0235ce	LOAD	CAST(INT_ZEXT(INT_ADD(INT_MULT(LEAF(register:000c:2:short),CONST(0x2,2)),CONST(0xa904,2))))
02354a	FUN_02354a	023670	STORE	CAST(INT_ZEXT(CAST(INT_ADD(SUBPIECE(PTRSUB(CONST(0x0,3),CONST(0xe9cc,3)),CONST(0x0,4)),LEAF(register:000c:2:short)))))
02354a	FUN_02354a	023678	STORE	CAST(INT_ZEXT(INT_ADD(INT_MULT(LEAF(register:000c:2:short),CONST(0x2,2)),CONST(0xe9c0,2))))
02354a	FUN_02354a	023686	LOAD	CAST(INT_ZEXT(INT_ADD(LEAF(register:000c:2:short),CONST(0xdc2e,2))))
02354a	FUN_02354a	023690	LOAD	CAST(INT_ZEXT(INT_ADD(LEAF(register:000c:2:short),CONST(0xdc2e,2))))
02354a	FUN_02354a	0236a2	STORE	CAST(INT_ZEXT(CAST(INT_ADD(SUBPIECE(PTRSUB(CONST(0x0,3),CONST(0xfb26,3)),CONST(0x0,4)),LEAF(register:000c:2:short)))))
02354a	FUN_02354a	0236a8	STORE	CAST(INT_ZEXT(CAST(INT_ADD(SUBPIECE(PTRSUB(CONST(0x0,3),CONST(0xfb26,3)),CONST(0x0,4)),LEAF(register:000c:2:short)))))
02354a	FUN_02354a	0236ac	LOAD	CAST(INT_ZEXT(CAST(INT_ADD(SUBPIECE(PTRSUB(CONST(0x0,3),CONST(0xfb26,3)),CONST(0x0,4)),LEAF(register:000c:2:short)))))
02354a	FUN_02354a	0236b2	STORE	CAST(INT_ZEXT(CAST(INT_ADD(SUBPIECE(PTRSUB(CONST(0x0,3),CONST(0xfb26,3)),CONST(0x0,4)),LEAF(register:000c:2:short)))))
0235d8	FUN_0235d8	0235de	LOAD	CAST(INT_ZEXT(CAST(INT_ADD(SUBPIECE(PTRSUB(CONST(0x0,3),CONST(0xe9cc,3)),CONST(0x0,4)),LEAF(register:000c:2:short)))))
0235d8	FUN_0235d8	023600	LOAD	CAST(INT_ZEXT(INT_ADD(INT_MULT(LEAF(register:000c:2:short),CONST(0x2,2)),CONST(0xa910,2))))
0235d8	FUN_0235d8	023670	STORE	CAST(INT_ZEXT(CAST(INT_ADD(SUBPIECE(PTRSUB(CONST(0x0,3),CONST(0xe9cc,3)),CONST(0x0,4)),LEAF(register:000c:2:short)))))
0235d8	FUN_0235d8	023678	STORE	CAST(INT_ZEXT(INT_ADD(INT_MULT(LEAF(register:000c:2:short),CONST(0x2,2)),CONST(0xe9c0,2))))
0235d8	FUN_0235d8	023686	LOAD	CAST(INT_ZEXT(INT_ADD(LEAF(register:000c:2:short),CONST(0xdc2e,2))))
0235d8	FUN_0235d8	023690	LOAD	CAST(INT_ZEXT(INT_ADD(LEAF(register:000c:2:short),CONST(0xdc2e,2))))
0235d8	FUN_0235d8	0236a2	STORE	CAST(INT_ZEXT(CAST(INT_ADD(SUBPIECE(PTRSUB(CONST(0x0,3),CONST(0xfb26,3)),CONST(0x0,4)),LEAF(register:000c:2:short)))))
0235d8	FUN_0235d8	0236a8	STORE	CAST(INT_ZEXT(CAST(INT_ADD(SUBPIECE(PTRSUB(CONST(0x0,3),CONST(0xfb26,3)),CONST(0x0,4)),LEAF(register:000c:2:short)))))
0235d8	FUN_0235d8	0236ac	LOAD	CAST(INT_ZEXT(CAST(INT_ADD(SUBPIECE(PTRSUB(CONST(0x0,3),CONST(0xfb26,3)),CONST(0x0,4)),LEAF(register:000c:2:short)))))
0235d8	FUN_0235d8	0236b2	STORE	CAST(INT_ZEXT(CAST(INT_ADD(SUBPIECE(PTRSUB(CONST(0x0,3),CONST(0xfb26,3)),CONST(0x0,4)),LEAF(register:000c:2:short)))))
0236b8	FUN_0236b8	0236bc	LOAD	CAST(INT_ZEXT(INT_ADD(INT_ZEXT(LEAF(00fb49:1:byte)),CONST(0xdc2e,2))))
0236b8	FUN_0236b8	0236c6	STORE	CAST(INT_ZEXT(INT_ADD(SUBPIECE(PTRSUB(CONST(0x0,3),CONST(0xfb26,3)),CONST(0x0,4)),INT_ZEXT(LEAF(00fb49:1:byte)))))
02393c	FUN_02393c	02397c	STORE	CAST(INT_ZEXT(INT_ADD(LEAF(register:001a:2:short),CONST(0x2b,2))))
02393c	FUN_02393c	0239c6	STORE	CAST(INT_ZEXT(INT_ADD(LEAF(register:001a:2:short),CONST(0x2b,2))))
023956	FUN_023956	02397c	STORE	CAST(INT_ZEXT(INT_ADD(LEAF(register:0012:2:short),CONST(0x2b,2))))
023960	FUN_023960	02397c	STORE	CAST(INT_ZEXT(INT_ADD(LEAF(register:0012:2:short),CONST(0x2b,2))))
023a5c	FUN_023a5c	023abe	STORE	CAST(INT_ZEXT(INT_ADD(LEAF(register:0012:2:short),CONST(0x31,2))))
023a5c	FUN_023a5c	023ae8	LOAD	CAST(INT_ZEXT(INT_ADD(LEAF(register:0012:2:short),CONST(0x37,2))))
023a5c	FUN_023a5c	023af6	LOAD	CAST(INT_ZEXT(INT_ADD(LEAF(register:0012:2:short),CONST(0x37,2))))
023a5c	FUN_023a5c	023afa	STORE	CAST(INT_ZEXT(INT_ADD(LEAF(register:0012:2:short),CONST(0x37,2))))
023a5c	FUN_023a5c	023afc	LOAD	CAST(INT_ZEXT(INT_ADD(LEAF(register:0012:2:short),CONST(0x2a,2))))
023a5c	FUN_023a5c	023b0c	LOAD	CAST(INT_ZEXT(INT_ADD(LEAF(register:0012:2:short),CONST(0x2a,2))))
023a5c	FUN_023a5c	023b10	STORE	CAST(INT_ZEXT(INT_ADD(LEAF(register:0012:2:short),CONST(0x2a,2))))
023a5c	FUN_023a5c	023b32	LOAD	CAST(INT_ZEXT(INT_ADD(INDIRECT(INDIRECT(MULTIEQUAL(INDIRECT(MULTIEQUAL(INDIRECT(INDIRECT(MULTIEQUAL(INDIRECT(INDIRECT(MULTIEQUAL(INDIRECT(MULTIEQUAL(LEAF(00ec9e:2:short),LEAF(00ec9e:2:short),LEAF(00ec9e:2:short),LEAF(00ec9e:2:short)),CONST(0x90,4)),LEAF(00ec9e:2:short),LEAF(00ec9e:2:short)),CONST(0xaf,4)),CONST(0x56b,4)),INDIRECT(MULTIEQUAL(INDIRECT(LEAF(00ec9e:2:short),CONST(0x998,4)),LEAF(00ec9e:2:short)),CONST(0x967,4)),INDIRECT(LEAF(00ec9e:2:short),CONST(0xa24,4))),CONST(0x58a,4)),CONST(0x92d,4)),LEAF(00ec9e:2:short)),CONST(0x892,4)),LEAF(00ec9e:2:short)),CONST(0x63e,4)),CONST(0x65d,4)),CONST(0x35,2))))
023a5c	FUN_023a5c	023b40	LOAD	CAST(INT_ZEXT(INT_ADD(INDIRECT(INDIRECT(MULTIEQUAL(INDIRECT(MULTIEQUAL(INDIRECT(INDIRECT(MULTIEQUAL(INDIRECT(INDIRECT(MULTIEQUAL(INDIRECT(MULTIEQUAL(LEAF(00ec9e:2:short),LEAF(00ec9e:2:short),LEAF(00ec9e:2:short),LEAF(00ec9e:2:short)),CONST(0x90,4)),LEAF(00ec9e:2:short),LEAF(00ec9e:2:short)),CONST(0xaf,4)),CONST(0x56b,4)),INDIRECT(MULTIEQUAL(INDIRECT(LEAF(00ec9e:2:short),CONST(0x998,4)),LEAF(00ec9e:2:short)),CONST(0x967,4)),INDIRECT(LEAF(00ec9e:2:short),CONST(0xa24,4))),CONST(0x58a,4)),CONST(0x92d,4)),LEAF(00ec9e:2:short)),CONST(0x892,4)),LEAF(00ec9e:2:short)),CONST(0x63e,4)),CONST(0x65d,4)),CONST(0x35,2))))
023a5c	FUN_023a5c	023b44	STORE	CAST(INT_ZEXT(INT_ADD(INDIRECT(INDIRECT(MULTIEQUAL(INDIRECT(MULTIEQUAL(INDIRECT(INDIRECT(MULTIEQUAL(INDIRECT(INDIRECT(MULTIEQUAL(INDIRECT(MULTIEQUAL(LEAF(00ec9e:2:short),LEAF(00ec9e:2:short),LEAF(00ec9e:2:short),LEAF(00ec9e:2:short)),CONST(0x90,4)),LEAF(00ec9e:2:short),LEAF(00ec9e:2:short)),CONST(0xaf,4)),CONST(0x56b,4)),INDIRECT(MULTIEQUAL(INDIRECT(LEAF(00ec9e:2:short),CONST(0x998,4)),LEAF(00ec9e:2:short)),CONST(0x967,4)),INDIRECT(LEAF(00ec9e:2:short),CONST(0xa24,4))),CONST(0x58a,4)),CONST(0x92d,4)),LEAF(00ec9e:2:short)),CONST(0x892,4)),LEAF(00ec9e:2:short)),CONST(0x63e,4)),CONST(0x65d,4)),CONST(0x35,2))))
023a5c	FUN_023a5c	023b4e	STORE	CAST(INT_ZEXT(INT_ADD(INDIRECT(INDIRECT(MULTIEQUAL(INDIRECT(MULTIEQUAL(INDIRECT(INDIRECT(MULTIEQUAL(INDIRECT(INDIRECT(MULTIEQUAL(INDIRECT(MULTIEQUAL(LEAF(00ec9e:2:short),LEAF(00ec9e:2:short),LEAF(00ec9e:2:short),LEAF(00ec9e:2:short)),CONST(0x90,4)),LEAF(00ec9e:2:short),LEAF(00ec9e:2:short)),CONST(0xaf,4)),CONST(0x56b,4)),INDIRECT(MULTIEQUAL(INDIRECT(LEAF(00ec9e:2:short),CONST(0x998,4)),LEAF(00ec9e:2:short)),CONST(0x967,4)),INDIRECT(LEAF(00ec9e:2:short),CONST(0xa24,4))),CONST(0x58a,4)),CONST(0x92d,4)),LEAF(00ec9e:2:short)),CONST(0x892,4)),LEAF(00ec9e:2:short)),CONST(0x63e,4)),CONST(0x65d,4)),CONST(0x35,2))))
023a5c	FUN_023a5c	023b5c	LOAD	CAST(INT_ZEXT(INT_ADD(LEAF(register:0012:2:short),CONST(0x6,2))))
023a5c	FUN_023a5c	023b68	STORE	CAST(INT_ZEXT(INT_ADD(LEAF(register:0012:2:short),CONST(0x1c,2))))
023a5c	FUN_023a5c	023b82	LOAD	CAST(INT_ZEXT(INT_ADD(LEAF(register:0012:2:short),CONST(0x18,2))))
023a5c	FUN_023a5c	023b88	LOAD	CAST(INT_ZEXT(INT_ADD(LEAF(register:0012:2:short),CONST(0x1c,2))))
023a5c	FUN_023a5c	023b90	STORE	CAST(INT_ZEXT(INT_ADD(LEAF(register:0012:2:short),CONST(0x1a,2))))
023a5c	FUN_023a5c	023b96	LOAD	CAST(INT_ZEXT(INT_ADD(LEAF(register:0012:2:short),CONST(0x18,2))))
023a5c	FUN_023a5c	023b9e	LOAD	CAST(INT_ZEXT(INT_ADD(LEAF(register:0012:2:short),CONST(0x38,2))))
023a5c	FUN_023a5c	023bb2	LOAD	CAST(INT_ZEXT(INT_ADD(LEAF(register:0012:2:short),CONST(0x1c,2))))
023a5c	FUN_023a5c	023bba	STORE	CAST(INT_ZEXT(INT_ADD(LEAF(register:0012:2:short),CONST(0x1a,2))))
023a5c	FUN_023a5c	023bcc	STORE	CAST(INT_ZEXT(INT_ADD(LEAF(register:0012:2:short),CONST(0x2,2))))
023a5c	FUN_023a5c	023bd4	STORE	CAST(INT_ZEXT(INT_ADD(LEAF(register:0012:2:short),CONST(0x4,2))))
023ab0	FUN_023ab0	023ae8	LOAD	CAST(INT_ZEXT(INT_ADD(LEAF(register:0012:2:short),CONST(0x37,2))))
023ab0	FUN_023ab0	023af6	LOAD	CAST(INT_ZEXT(INT_ADD(LEAF(register:0012:2:short),CONST(0x37,2))))
023ab0	FUN_023ab0	023afa	STORE	CAST(INT_ZEXT(INT_ADD(LEAF(register:0012:2:short),CONST(0x37,2))))
023ab0	FUN_023ab0	023afc	LOAD	CAST(INT_ZEXT(INT_ADD(LEAF(register:0012:2:short),CONST(0x2a,2))))
023ab0	FUN_023ab0	023b0c	LOAD	CAST(INT_ZEXT(INT_ADD(LEAF(register:0012:2:short),CONST(0x2a,2))))
023ab0	FUN_023ab0	023b10	STORE	CAST(INT_ZEXT(INT_ADD(LEAF(register:0012:2:short),CONST(0x2a,2))))
023ab0	FUN_023ab0	023b32	LOAD	CAST(INT_ZEXT(INT_ADD(INDIRECT(INDIRECT(MULTIEQUAL(INDIRECT(MULTIEQUAL(INDIRECT(INDIRECT(INDIRECT(LEAF(00ec9e:2:short),CONST(0x5,4)),CONST(0x28,4)),CONST(0x7b8,4)),LEAF(00ec9e:2:short)),CONST(0x71d,4)),LEAF(00ec9e:2:short)),CONST(0x4c9,4)),CONST(0x4e8,4)),CONST(0x35,2))))
023ab0	FUN_023ab0	023b40	LOAD	CAST(INT_ZEXT(INT_ADD(INDIRECT(INDIRECT(MULTIEQUAL(INDIRECT(MULTIEQUAL(INDIRECT(INDIRECT(INDIRECT(LEAF(00ec9e:2:short),CONST(0x5,4)),CONST(0x28,4)),CONST(0x7b8,4)),LEAF(00ec9e:2:short)),CONST(0x71d,4)),LEAF(00ec9e:2:short)),CONST(0x4c9,4)),CONST(0x4e8,4)),CONST(0x35,2))))
023ab0	FUN_023ab0	023b44	STORE	CAST(INT_ZEXT(INT_ADD(INDIRECT(INDIRECT(MULTIEQUAL(INDIRECT(MULTIEQUAL(INDIRECT(INDIRECT(INDIRECT(LEAF(00ec9e:2:short),CONST(0x5,4)),CONST(0x28,4)),CONST(0x7b8,4)),LEAF(00ec9e:2:short)),CONST(0x71d,4)),LEAF(00ec9e:2:short)),CONST(0x4c9,4)),CONST(0x4e8,4)),CONST(0x35,2))))
023ab0	FUN_023ab0	023b4e	STORE	CAST(INT_ZEXT(INT_ADD(INDIRECT(INDIRECT(MULTIEQUAL(INDIRECT(MULTIEQUAL(INDIRECT(INDIRECT(INDIRECT(LEAF(00ec9e:2:short),CONST(0x5,4)),CONST(0x28,4)),CONST(0x7b8,4)),LEAF(00ec9e:2:short)),CONST(0x71d,4)),LEAF(00ec9e:2:short)),CONST(0x4c9,4)),CONST(0x4e8,4)),CONST(0x35,2))))
023ab0	FUN_023ab0	023b5c	LOAD	CAST(INT_ZEXT(INT_ADD(LEAF(register:0012:2:short),CONST(0x6,2))))
023ab0	FUN_023ab0	023b68	STORE	CAST(INT_ZEXT(INT_ADD(LEAF(register:0012:2:short),CONST(0x1c,2))))
023ab0	FUN_023ab0	023b82	LOAD	CAST(INT_ZEXT(INT_ADD(LEAF(register:0012:2:short),CONST(0x18,2))))
023ab0	FUN_023ab0	023b88	LOAD	CAST(INT_ZEXT(INT_ADD(LEAF(register:0012:2:short),CONST(0x1c,2))))
023ab0	FUN_023ab0	023b90	STORE	CAST(INT_ZEXT(INT_ADD(LEAF(register:0012:2:short),CONST(0x1a,2))))
023ab0	FUN_023ab0	023b96	LOAD	CAST(INT_ZEXT(INT_ADD(LEAF(register:0012:2:short),CONST(0x18,2))))
023ab0	FUN_023ab0	023b9e	LOAD	CAST(INT_ZEXT(INT_ADD(LEAF(register:0012:2:short),CONST(0x38,2))))
023ab0	FUN_023ab0	023bb2	LOAD	CAST(INT_ZEXT(INT_ADD(LEAF(register:0012:2:short),CONST(0x1c,2))))
023ab0	FUN_023ab0	023bba	STORE	CAST(INT_ZEXT(INT_ADD(LEAF(register:0012:2:short),CONST(0x1a,2))))
023ab0	FUN_023ab0	023bcc	STORE	CAST(INT_ZEXT(INT_ADD(LEAF(register:0012:2:short),CONST(0x2,2))))
023ab0	FUN_023ab0	023bd4	STORE	CAST(INT_ZEXT(INT_ADD(LEAF(register:0012:2:short),CONST(0x4,2))))
023b52	FUN_023b52	023b5c	LOAD	CAST(INT_ZEXT(INT_ADD(LEAF(register:0012:2:short),CONST(0x6,2))))
023b52	FUN_023b52	023b68	STORE	CAST(INT_ZEXT(INT_ADD(LEAF(register:0012:2:short),CONST(0x1c,2))))
023b52	FUN_023b52	023b82	LOAD	CAST(INT_ZEXT(INT_ADD(LEAF(register:0012:2:short),CONST(0x18,2))))
023b52	FUN_023b52	023b88	LOAD	CAST(INT_ZEXT(INT_ADD(LEAF(register:0012:2:short),CONST(0x1c,2))))
023b52	FUN_023b52	023b90	STORE	CAST(INT_ZEXT(INT_ADD(LEAF(register:0012:2:short),CONST(0x1a,2))))
023b52	FUN_023b52	023b96	LOAD	CAST(INT_ZEXT(INT_ADD(LEAF(register:0012:2:short),CONST(0x18,2))))
023b52	FUN_023b52	023b9e	LOAD	CAST(INT_ZEXT(INT_ADD(LEAF(register:0012:2:short),CONST(0x38,2))))
023b52	FUN_023b52	023bb2	LOAD	CAST(INT_ZEXT(INT_ADD(LEAF(register:0012:2:short),CONST(0x1c,2))))
023b52	FUN_023b52	023bba	STORE	CAST(INT_ZEXT(INT_ADD(LEAF(register:0012:2:short),CONST(0x1a,2))))
023b52	FUN_023b52	023bcc	STORE	CAST(INT_ZEXT(INT_ADD(LEAF(register:0012:2:short),CONST(0x2,2))))
023b52	FUN_023b52	023bd4	STORE	CAST(INT_ZEXT(INT_ADD(LEAF(register:0012:2:short),CONST(0x4,2))))
023bc8	FUN_023bc8	023bcc	STORE	CAST(INT_ZEXT(INT_ADD(LEAF(register:0012:2:short),CONST(0x2,2))))
023bc8	FUN_023bc8	023bd4	STORE	CAST(INT_ZEXT(INT_ADD(LEAF(register:0012:2:short),CONST(0x4,2))))
023d96	FUN_023d96	023d96	STORE	CAST(INT_ZEXT(INT_ADD(LEAF(register:0012:2:short),CONST(0x28,2))))
023d96	FUN_023d96	023d9e	STORE	CAST(INT_ZEXT(INT_ADD(LEAF(register:0012:2:short),CONST(0x2e,2))))
023d96	FUN_023d96	023da6	STORE	CAST(INT_ZEXT(INT_ADD(LEAF(register:0012:2:short),CONST(0x2c,2))))
023d96	FUN_023d96	023db6	STORE	CAST(INT_ZEXT(INT_ADD(LEAF(register:0012:2:short),CONST(0x26,2))))
023d96	FUN_023d96	023dba	STORE	CAST(INT_ZEXT(INT_ADD(LEAF(register:0012:2:short),CONST(0x2f,2))))
023d96	FUN_023d96	023dbe	STORE	CAST(INT_ZEXT(INT_ADD(LEAF(register:0012:2:short),CONST(0x2d,2))))
023d96	FUN_023d96	023dca	STORE	CAST(INT_ZEXT(INT_ADD(LEAF(register:0012:2:short),CONST(0x33,2))))
023ee8	FUN_023ee8	023f04	LOAD	CAST(INT_ZEXT(INT_ADD(LEAF(register:0010:2:short),CONST(0x14,2))))
023ee8	FUN_023ee8	023f08	LOAD	CAST(INT_ZEXT(INT_ADD(LEAF(register:0010:2:short),CONST(0x18,2))))
023ee8	FUN_023ee8	023f32	STORE	CAST(INT_ZEXT(INT_ADD(LEAF(register:0010:2:short),CONST(0x18,2))))
023ee8	FUN_023ee8	023f36	STORE	CAST(INT_ZEXT(INT_ADD(LEAF(register:0010:2:short),CONST(0x10,2))))
023ee8	FUN_023ee8	023f3c	STORE	CAST(INT_ZEXT(INT_ADD(LEAF(register:0010:2:short),CONST(0x14,2))))
023ee8	FUN_023ee8	023f40	LOAD	CAST(INT_ZEXT(INT_ADD(LEAF(register:0010:2:short),CONST(0x6,2))))
023ee8	FUN_023ee8	023f4a	STORE	CAST(INT_ZEXT(INT_ADD(LEAF(register:0010:2:short),CONST(0x6,2))))
023ee8	FUN_023ee8	023f4e	LOAD	CAST(INT_ZEXT(INT_ADD(LEAF(register:0010:2:short),CONST(0x8,2))))
023ee8	FUN_023ee8	023f58	STORE	CAST(INT_ZEXT(INT_ADD(LEAF(register:0010:2:short),CONST(0x8,2))))
023ee8	FUN_023ee8	023f5c	LOAD	CAST(INT_ZEXT(INT_ADD(LEAF(register:0010:2:short),CONST(0x20,2))))
023ee8	FUN_023ee8	023f66	STORE	CAST(INT_ZEXT(INT_ADD(LEAF(register:0010:2:short),CONST(0x20,2))))
023ee8	FUN_023ee8	023f6a	LOAD	CAST(INT_ZEXT(INT_ADD(LEAF(register:0010:2:short),CONST(0x1e,2))))
023ee8	FUN_023ee8	023f74	STORE	CAST(INT_ZEXT(INT_ADD(LEAF(register:0010:2:short),CONST(0x1e,2))))
023ee8	FUN_023ee8	023f7c	LOAD	CAST(INT_ZEXT(INT_ADD(LEAF(register:0010:2:short),CONST(0xa,2))))
023f36	FUN_023f36	023f36	STORE	CAST(INT_ZEXT(INT_ADD(LEAF(register:0010:2:short),CONST(0x10,2))))
023f36	FUN_023f36	023f3c	STORE	CAST(INT_ZEXT(INT_ADD(LEAF(register:0010:2:short),CONST(0x14,2))))
023f36	FUN_023f36	023f40	LOAD	CAST(INT_ZEXT(INT_ADD(LEAF(register:0010:2:short),CONST(0x6,2))))
023f36	FUN_023f36	023f4a	STORE	CAST(INT_ZEXT(INT_ADD(LEAF(register:0010:2:short),CONST(0x6,2))))
023f36	FUN_023f36	023f4e	LOAD	CAST(INT_ZEXT(INT_ADD(LEAF(register:0010:2:short),CONST(0x8,2))))
023f36	FUN_023f36	023f58	STORE	CAST(INT_ZEXT(INT_ADD(LEAF(register:0010:2:short),CONST(0x8,2))))
023f36	FUN_023f36	023f5c	LOAD	CAST(INT_ZEXT(INT_ADD(LEAF(register:0010:2:short),CONST(0x20,2))))
023f36	FUN_023f36	023f66	STORE	CAST(INT_ZEXT(INT_ADD(LEAF(register:0010:2:short),CONST(0x20,2))))
023f36	FUN_023f36	023f6a	LOAD	CAST(INT_ZEXT(INT_ADD(LEAF(register:0010:2:short),CONST(0x1e,2))))
023f36	FUN_023f36	023f74	STORE	CAST(INT_ZEXT(INT_ADD(LEAF(register:0010:2:short),CONST(0x1e,2))))
023f36	FUN_023f36	023f7c	LOAD	CAST(INT_ZEXT(INT_ADD(LEAF(register:0010:2:short),CONST(0xa,2))))
024192	FUN_024192	020316	LOAD	CAST(INT_ZEXT(MULTIEQUAL(INT_ADD(LEAF(register:0010:2:ushort),CONST(0x1,2)),MULTIEQUAL(COPY(CALL(LEAF(02bcca:8:?),INDIRECT(INDIRECT(INDIRECT(INDIRECT(LEAF(00faf2:2:undefined2),CONST(0x11,4)),CONST(0x571,4)),CONST(0x5ab,4)),CONST(0x600,4)),CALL(LEAF(02bcca:8:?),INDIRECT(INDIRECT(INDIRECT(LEAF(00faf0:2:undefined2),CONST(0x11,4)),CONST(0x571,4)),CONST(0x5ab,4)),INDIRECT(INDIRECT(INDIRECT(LEAF(00faee:2:undefined2),CONST(0x11,4)),CONST(0x571,4)),CONST(0x5ab,4))))),COPY(INDIRECT(LEAF(00faf6:2:ushort),CONST(0x11,4)))))))
024192	FUN_024192	0203ac	STORE	CAST(INT_ZEXT(MULTIEQUAL(MULTIEQUAL(MULTIEQUAL(LEAF(register:000e:2:ushort),LEAF(register:000e:2:ushort)),LEAF(register:000e:2:ushort),LEAF(register:000e:2:ushort)),INT_ADD(LEAF(register:000e:2:ushort),CONST(0x1,2)))))
024192	FUN_024192	0203b2	LOAD	CAST(INT_ZEXT(MULTIEQUAL(MULTIEQUAL(MULTIEQUAL(LEAF(register:000e:2:ushort),LEAF(register:000e:2:ushort)),LEAF(register:000e:2:ushort),LEAF(register:000e:2:ushort)),INT_ADD(LEAF(register:000e:2:ushort),CONST(0x1,2)))))
024192	FUN_024192	024192	STORE	CAST(INT_ZEXT(LEAF(register:0006:2:ushort)))
024198	FUN_024198	020316	LOAD	CAST(INT_ZEXT(MULTIEQUAL(INT_ADD(LEAF(register:0010:2:ushort),CONST(0x1,2)),MULTIEQUAL(COPY(CALL(LEAF(02bcca:8:?),INDIRECT(INDIRECT(INDIRECT(LEAF(00faf2:2:undefined2),CONST(0x52f,4)),CONST(0x569,4)),CONST(0x5be,4)),CALL(LEAF(02bcca:8:?),INDIRECT(INDIRECT(LEAF(00faf0:2:undefined2),CONST(0x52f,4)),CONST(0x569,4)),INDIRECT(INDIRECT(LEAF(00faee:2:undefined2),CONST(0x52f,4)),CONST(0x569,4))))),COPY(LEAF(00faf6:2:ushort))))))
024198	FUN_024198	0203ac	STORE	CAST(INT_ZEXT(MULTIEQUAL(MULTIEQUAL(MULTIEQUAL(LEAF(register:000e:2:ushort),LEAF(register:000e:2:ushort)),LEAF(register:000e:2:ushort),LEAF(register:000e:2:ushort)),INT_ADD(LEAF(register:000e:2:ushort),CONST(0x1,2)))))
024198	FUN_024198	0203b2	LOAD	CAST(INT_ZEXT(MULTIEQUAL(MULTIEQUAL(MULTIEQUAL(LEAF(register:000e:2:ushort),LEAF(register:000e:2:ushort)),LEAF(register:000e:2:ushort),LEAF(register:000e:2:ushort)),INT_ADD(LEAF(register:000e:2:ushort),CONST(0x1,2)))))
0241b0	FUN_0241b0	020316	LOAD	CAST(INT_ZEXT(MULTIEQUAL(INT_ADD(LEAF(register:0010:2:ushort),CONST(0x1,2)),CALL(LEAF(02bcca:8:?),INDIRECT(INDIRECT(INDIRECT(LEAF(00faf2:2:undefined2),CONST(0x20,4)),CONST(0x5a,4)),CONST(0xaf,4)),CALL(LEAF(02bcca:8:?),INDIRECT(INDIRECT(LEAF(00faf0:2:undefined2),CONST(0x20,4)),CONST(0x5a,4)),INDIRECT(INDIRECT(LEAF(00faee:2:undefined2),CONST(0x20,4)),CONST(0x5a,4)))))))
0248e6	FUN_0248e6	024902	STORE	CAST(INT_ZEXT(INT_ADD(SUBPIECE(PTRSUB(CONST(0x0,3),CONST(0xe865,3)),CONST(0x0,4)),INT_ZEXT(LEAF(00fac2:1:byte)))))
0248e6	FUN_0248e6	024930	STORE	CAST(INT_ZEXT(INT_ADD(SUBPIECE(PTRSUB(CONST(0x0,3),CONST(0xe865,3)),CONST(0x0,4)),INT_ZEXT(MULTIEQUAL(INT_AND(INT_ADD(INDIRECT(LEAF(00fac2:1:byte),CONST(0x1134,4)),CONST(0x1,1)),CONST(0x1f,1)),LEAF(unique:00023b00:1:byte),LEAF(00fac2:1:byte),LEAF(00fac2:1:byte))))))
0248e6	FUN_0248e6	02495e	STORE	CAST(INT_ZEXT(INT_ADD(SUBPIECE(PTRSUB(CONST(0x0,3),CONST(0xe865,3)),CONST(0x0,4)),INT_ZEXT(INT_AND(INT_ADD(INDIRECT(MULTIEQUAL(INT_AND(INT_ADD(INDIRECT(LEAF(00fac2:1:byte),CONST(0x1134,4)),CONST(0x1,1)),CONST(0x1f,1)),LEAF(unique:00023b00:1:byte),LEAF(00fac2:1:byte),LEAF(00fac2:1:byte)),CONST(0x7c,4)),CONST(0x1,1)),CONST(0x1f,1))))))
0248e6	FUN_0248e6	02498e	STORE	CAST(INT_ZEXT(INT_ADD(SUBPIECE(PTRSUB(CONST(0x0,3),CONST(0xe865,3)),CONST(0x0,4)),INT_ZEXT(INT_AND(INT_ADD(INDIRECT(INT_AND(INT_ADD(INDIRECT(MULTIEQUAL(INT_AND(INT_ADD(INDIRECT(LEAF(00fac2:1:byte),CONST(0x1134,4)),CONST(0x1,1)),CONST(0x1f,1)),LEAF(unique:00023b00:1:byte),LEAF(00fac2:1:byte),LEAF(00fac2:1:byte)),CONST(0x7c,4)),CONST(0x1,1)),CONST(0x1f,1)),CONST(0x179,4)),CONST(0x1,1)),CONST(0x1f,1))))))
0248e6	FUN_0248e6	0249be	STORE	CAST(INT_ZEXT(INT_ADD(SUBPIECE(PTRSUB(CONST(0x0,3),CONST(0xe865,3)),CONST(0x0,4)),INT_ZEXT(INT_AND(INT_ADD(INDIRECT(INT_AND(INT_ADD(INDIRECT(INT_AND(INT_ADD(INDIRECT(MULTIEQUAL(INT_AND(INT_ADD(LEAF(00fac2:1:byte),CONST(0x1,1)),CONST(0x1f,1)),LEAF(unique:00023b00:1:byte),LEAF(00fac2:1:byte),LEAF(00fac2:1:byte)),CONST(0x7c,4)),CONST(0x1,1)),CONST(0x1f,1)),CONST(0x179,4)),CONST(0x1,1)),CONST(0x1f,1)),CONST(0x276,4)),CONST(0x1,1)),CONST(0x1f,1))))))
0248e6	FUN_0248e6	0249f2	STORE	CAST(INT_ZEXT(INT_ADD(SUBPIECE(PTRSUB(CONST(0x0,3),CONST(0xe865,3)),CONST(0x0,4)),INT_ZEXT(INT_AND(INT_ADD(INDIRECT(INT_AND(INT_ADD(INDIRECT(INT_AND(INT_ADD(INDIRECT(INT_AND(INT_ADD(INDIRECT(LEAF(00fac2:1:byte),CONST(0x7c,4)),CONST(0x1,1)),CONST(0x1f,1)),CONST(0x179,4)),CONST(0x1,1)),CONST(0x1f,1)),CONST(0x276,4)),CONST(0x1,1)),CONST(0x1f,1)),CONST(0x373,4)),CONST(0x1,1)),CONST(0x1f,1))))))
0248e6	FUN_0248e6	024a20	STORE	CAST(INT_ZEXT(INT_ADD(SUBPIECE(PTRSUB(CONST(0x0,3),CONST(0xe865,3)),CONST(0x0,4)),INT_ZEXT(MULTIEQUAL(INT_AND(INT_ADD(INDIRECT(INT_AND(INT_ADD(INDIRECT(INT_AND(INT_ADD(INDIRECT(INT_AND(INT_ADD(LEAF(00fac2:1:byte),CONST(0x1,1)),CONST(0x1f,1)),CONST(0x276,4)),CONST(0x1,1)),CONST(0x1f,1)),CONST(0x373,4)),CONST(0x1,1)),CONST(0x1f,1)),CONST(0xd2c,4)),CONST(0x1,1)),CONST(0x1f,1)),LEAF(unique:00023b00:1:byte),LEAF(unique:00023b00:1:byte))))))
0248e6	FUN_0248e6	024a50	STORE	CAST(INT_ZEXT(INT_ADD(SUBPIECE(PTRSUB(CONST(0x0,3),CONST(0xe865,3)),CONST(0x0,4)),INT_ZEXT(INT_AND(INT_ADD(INDIRECT(MULTIEQUAL(INT_AND(INT_ADD(INDIRECT(INT_AND(INT_ADD(INDIRECT(INT_AND(INT_ADD(LEAF(00fac2:1:byte),CONST(0x1,1)),CONST(0x1f,1)),CONST(0x373,4)),CONST(0x1,1)),CONST(0x1f,1)),CONST(0xd2c,4)),CONST(0x1,1)),CONST(0x1f,1)),LEAF(unique:00023b00:1:byte),LEAF(unique:00023b00:1:byte)),CONST(0x479,4)),CONST(0x1,1)),CONST(0x1f,1))))))
0248e6	FUN_0248e6	024a7e	STORE	CAST(INT_ZEXT(INT_ADD(SUBPIECE(PTRSUB(CONST(0x0,3),CONST(0xe865,3)),CONST(0x0,4)),INT_ZEXT(INT_AND(INT_ADD(INDIRECT(INT_AND(INT_ADD(INDIRECT(MULTIEQUAL(INT_AND(INT_ADD(INDIRECT(INT_AND(INT_ADD(LEAF(00fac2:1:byte),CONST(0x1,1)),CONST(0x1f,1)),CONST(0xd2c,4)),CONST(0x1,1)),CONST(0x1f,1)),LEAF(unique:00023b00:1:byte),LEAF(unique:00023b00:1:byte)),CONST(0x479,4)),CONST(0x1,1)),CONST(0x1f,1)),CONST(0x576,4)),CONST(0x1,1)),CONST(0x1f,1))))))
0248e6	FUN_0248e6	024aac	STORE	CAST(INT_ZEXT(INT_ADD(SUBPIECE(PTRSUB(CONST(0x0,3),CONST(0xe865,3)),CONST(0x0,4)),INT_ZEXT(INT_AND(INT_ADD(INDIRECT(INT_AND(INT_ADD(INDIRECT(INT_AND(INT_ADD(INDIRECT(MULTIEQUAL(INT_AND(INT_ADD(LEAF(00fac2:1:byte),CONST(0x1,1)),CONST(0x1f,1)),LEAF(unique:00023b00:1:byte),INT_AND(INT_ADD(LEAF(00fac2:1:byte),CONST(0x1,1)),CONST(0x1f,1))),CONST(0x479,4)),CONST(0x1,1)),CONST(0x1f,1)),CONST(0x576,4)),CONST(0x1,1)),CONST(0x1f,1)),CONST(0x673,4)),CONST(0x1,1)),CONST(0x1f,1))))))
0248e6	FUN_0248e6	024ada	STORE	CAST(INT_ZEXT(INT_ADD(SUBPIECE(PTRSUB(CONST(0x0,3),CONST(0xe865,3)),CONST(0x0,4)),INT_ZEXT(INT_AND(INT_ADD(INDIRECT(INT_AND(INT_ADD(INDIRECT(INT_AND(INT_ADD(INDIRECT(INT_AND(INT_ADD(INDIRECT(LEAF(00fac2:1:byte),CONST(0x479,4)),CONST(0x1,1)),CONST(0x1f,1)),CONST(0x576,4)),CONST(0x1,1)),CONST(0x1f,1)),CONST(0x673,4)),CONST(0x1,1)),CONST(0x1f,1)),CONST(0x770,4)),CONST(0x1,1)),CONST(0x1f,1))))))
024b14	FUN_024b14	024b14	LOAD	SEGMENTOP(CONST(0x11999a5c210,8),CONST(0x2,2),CAST(INT_AND(LEAF(register:0008:2:ushort),CONST(0x3fff,2))))
024b2e	FUN_024b2e	024b50	STORE	CAST(INT_ZEXT(INT_ADD(SUBPIECE(PTRSUB(CONST(0x0,3),CONST(0xe885,3)),CONST(0x0,4)),INT_ZEXT(LEAF(00fac4:1:byte)))))
024bb4	FUN_024bb4	02093c	LOAD	CAST(INT_ZEXT(INT_ADD(SUBPIECE(PTRSUB(CONST(0x0,3),CONST(0xef77,3)),CONST(0x0,4)),MULTIEQUAL(COPY(CONST(0x0,2)),INT_ADD(LEAF(register:0012:2:ushort),CONST(0x1,2))))))
024bb4	FUN_024bb4	020940	STORE	CAST(INT_ZEXT(INT_ADD(SUBPIECE(PTRSUB(CONST(0x0,3),CONST(0xec26,3)),CONST(0x0,4)),MULTIEQUAL(COPY(CONST(0x0,2)),INT_ADD(LEAF(register:0012:2:ushort),CONST(0x1,2))))))
024bb4	FUN_024bb4	020944	LOAD	CAST(INT_ZEXT(INT_ADD(SUBPIECE(PTRSUB(CONST(0x0,3),CONST(0xef77,3)),CONST(0x0,4)),MULTIEQUAL(COPY(CONST(0x0,2)),INT_ADD(LEAF(register:0012:2:ushort),CONST(0x1,2))))))
024bb4	FUN_024bb4	020948	STORE	CAST(INT_ZEXT(INT_ADD(SUBPIECE(PTRSUB(CONST(0x0,3),CONST(0xec5a,3)),CONST(0x0,4)),MULTIEQUAL(COPY(CONST(0x0,2)),INT_ADD(LEAF(register:0012:2:ushort),CONST(0x1,2))))))
024bb4	FUN_024bb4	02094c	LOAD	CAST(INT_ZEXT(INT_ADD(SUBPIECE(PTRSUB(CONST(0x0,3),CONST(0xec26,3)),CONST(0x0,4)),MULTIEQUAL(COPY(CONST(0x0,2)),INT_ADD(LEAF(register:0012:2:ushort),CONST(0x1,2))))))
024bb4	FUN_024bb4	02097a	LOAD	CAST(INT_ZEXT(INT_ADD(INT_ADD(SUBPIECE(PTRSUB(CONST(0x0,3),CONST(0xef81,3)),CONST(0x0,4)),INT_MULT(MULTIEQUAL(COPY(CONST(0x0,2)),INT_ADD(LEAF(register:0012:2:ushort),CONST(0x1,2))),CONST(0xa,2))),INT_ZEXT(MULTIEQUAL(COPY(CONST(0x0,1)),INT_ADD(LEAF(register:000c:1:byte),CONST(0x1,1)))))))
024bb4	FUN_024bb4	02097a	STORE	CAST(INT_ZEXT(INT_ADD(INT_ADD(SUBPIECE(PTRSUB(CONST(0x0,3),CONST(0xea1a,3)),CONST(0x0,4)),INT_MULT(INT_ZEXT(LOAD(CONST(0x1f1,4),CAST(INT_ZEXT(INT_ADD(SUBPIECE(PTRSUB(CONST(0x0,3),CONST(0xec26,3)),CONST(0x0,4)),MULTIEQUAL(COPY(CONST(0x0,2)),INT_ADD(LEAF(register:0012:2:ushort),CONST(0x1,2)))))))),CONST(0xa,2))),INT_ZEXT(MULTIEQUAL(COPY(CONST(0x0,1)),INT_ADD(LEAF(register:000c:1:byte),CONST(0x1,1)))))))
024bb4	FUN_024bb4	020984	LOAD	CAST(INT_ZEXT(INT_ADD(SUBPIECE(PTRSUB(CONST(0x0,3),CONST(0xea1a,3)),CONST(0x0,4)),INT_MULT(INT_ZEXT(LOAD(CONST(0x1f1,4),CAST(INT_ZEXT(INT_ADD(SUBPIECE(PTRSUB(CONST(0x0,3),CONST(0xec26,3)),CONST(0x0,4)),MULTIEQUAL(COPY(CONST(0x0,2)),INT_ADD(LEAF(register:0012:2:ushort),CONST(0x1,2)))))))),CONST(0xa,2)))))
024bb4	FUN_024bb4	02098e	LOAD	CAST(INT_ZEXT(INT_ADD(SUBPIECE(PTRSUB(CONST(0x0,3),CONST(0xec26,3)),CONST(0x0,4)),MULTIEQUAL(COPY(CONST(0x0,2)),INT_ADD(LEAF(register:0012:2:ushort),CONST(0x1,2))))))
024bb4	FUN_024bb4	0249f2	STORE	CAST(INT_ZEXT(CAST(INT_ADD(SUBPIECE(PTRSUB(CONST(0x0,3),CONST(0xe865,3)),CONST(0x0,4)),INDIRECT(MULTIEQUAL(INDIRECT(MULTIEQUAL(INDIRECT(INDIRECT(LEAF(00efea:2:short),CONST(0x4c,4)),CONST(0x1ad2,4)),LEAF(00efea:2:short)),CONST(0x20b,4)),INDIRECT(LEAF(00efea:2:short),CONST(0x17ae,4)),INDIRECT(LEAF(00efea:2:short),CONST(0x193b,4)),INDIRECT(LEAF(00efea:2:short),CONST(0x1ac8,4))),CONST(0x247,4))))))
024bb4	FUN_024bb4	024a20	STORE	CAST(INT_ZEXT(INT_ADD(SUBPIECE(PTRSUB(CONST(0x0,3),CONST(0xe865,3)),CONST(0x0,4)),INT_ZEXT(INT_AND(INT_ADD(INDIRECT(INDIRECT(MULTIEQUAL(INDIRECT(MULTIEQUAL(INDIRECT(INDIRECT(LEAF(00fac2:1:byte),CONST(0x4c,4)),CONST(0x1ad2,4)),LEAF(00fac2:1:byte)),CONST(0x20b,4)),INDIRECT(LEAF(00fac2:1:byte),CONST(0x17ae,4)),INDIRECT(LEAF(00fac2:1:byte),CONST(0x193b,4)),INDIRECT(LEAF(00fac2:1:byte),CONST(0x1ac8,4))),CONST(0x247,4)),CONST(0x29c,4)),CONST(0x1,1)),CONST(0x1f,1))))))
024bb4	FUN_024bb4	024a50	STORE	CAST(INT_ZEXT(INT_ADD(SUBPIECE(PTRSUB(CONST(0x0,3),CONST(0xe865,3)),CONST(0x0,4)),INT_ZEXT(INT_AND(INT_ADD(INDIRECT(INT_AND(INT_ADD(INDIRECT(INDIRECT(MULTIEQUAL(INDIRECT(MULTIEQUAL(INDIRECT(INDIRECT(LEAF(00fac2:1:byte),CONST(0x4c,4)),CONST(0x1ad2,4)),LEAF(00fac2:1:byte)),CONST(0x20b,4)),INDIRECT(LEAF(00fac2:1:byte),CONST(0x17ae,4)),INDIRECT(LEAF(00fac2:1:byte),CONST(0x193b,4)),INDIRECT(LEAF(00fac2:1:byte),CONST(0x1ac8,4))),CONST(0x247,4)),CONST(0x29c,4)),CONST(0x1,1)),CONST(0x1f,1)),CONST(0x399,4)),CONST(0x1,1)),CONST(0x1f,1))))))
024bb4	FUN_024bb4	024a7e	STORE	CAST(INT_ZEXT(INT_ADD(SUBPIECE(PTRSUB(CONST(0x0,3),CONST(0xe865,3)),CONST(0x0,4)),INT_ZEXT(INT_AND(INT_ADD(INDIRECT(INT_AND(INT_ADD(INDIRECT(INT_AND(INT_ADD(INDIRECT(INDIRECT(MULTIEQUAL(INDIRECT(LEAF(00fac2:1:byte),CONST(0x20b,4)),INDIRECT(LEAF(00fac2:1:byte),CONST(0x17ae,4)),INDIRECT(LEAF(00fac2:1:byte),CONST(0x193b,4)),INDIRECT(LEAF(00fac2:1:byte),CONST(0x1ac8,4))),CONST(0x247,4)),CONST(0x29c,4)),CONST(0x1,1)),CONST(0x1f,1)),CONST(0x399,4)),CONST(0x1,1)),CONST(0x1f,1)),CONST(0x496,4)),CONST(0x1,1)),CONST(0x1f,1))))))
024bb4	FUN_024bb4	024aac	STORE	CAST(INT_ZEXT(INT_ADD(SUBPIECE(PTRSUB(CONST(0x0,3),CONST(0xe865,3)),CONST(0x0,4)),INT_ZEXT(INT_AND(INT_ADD(INDIRECT(INT_AND(INT_ADD(INDIRECT(INT_AND(INT_ADD(INDIRECT(INT_AND(INT_ADD(INDIRECT(LEAF(00fac2:1:byte),CONST(0x29c,4)),CONST(0x1,1)),CONST(0x1f,1)),CONST(0x399,4)),CONST(0x1,1)),CONST(0x1f,1)),CONST(0x496,4)),CONST(0x1,1)),CONST(0x1f,1)),CONST(0x593,4)),CONST(0x1,1)),CONST(0x1f,1))))))
024bb4	FUN_024bb4	024ada	STORE	CAST(INT_ZEXT(INT_ADD(SUBPIECE(PTRSUB(CONST(0x0,3),CONST(0xe865,3)),CONST(0x0,4)),INT_ZEXT(INT_AND(INT_ADD(INDIRECT(INT_AND(INT_ADD(INDIRECT(INT_AND(INT_ADD(INDIRECT(INT_AND(INT_ADD(INDIRECT(LEAF(unique:00023b00:1:byte),CONST(0x399,4)),CONST(0x1,1)),CONST(0x1f,1)),CONST(0x496,4)),CONST(0x1,1)),CONST(0x1f,1)),CONST(0x593,4)),CONST(0x1,1)),CONST(0x1f,1)),CONST(0x690,4)),CONST(0x1,1)),CONST(0x1f,1))))))
024bb4	FUN_024bb4	024bbc	STORE	CAST(INT_ZEXT(INT_ADD(SUBPIECE(PTRSUB(CONST(0x0,3),CONST(0xe885,3)),CONST(0x0,4)),INT_ZEXT(LEAF(00fac4:1:byte)))))
024bea	FUN_024bea	02093c	LOAD	CAST(INT_ZEXT(INT_ADD(SUBPIECE(PTRSUB(CONST(0x0,3),CONST(0xef77,3)),CONST(0x0,4)),MULTIEQUAL(COPY(CONST(0x0,2)),INT_ADD(LEAF(register:0012:2:ushort),CONST(0x1,2))))))
024bea	FUN_024bea	020940	STORE	CAST(INT_ZEXT(INT_ADD(SUBPIECE(PTRSUB(CONST(0x0,3),CONST(0xec26,3)),CONST(0x0,4)),MULTIEQUAL(COPY(CONST(0x0,2)),INT_ADD(LEAF(register:0012:2:ushort),CONST(0x1,2))))))
024bea	FUN_024bea	020944	LOAD	CAST(INT_ZEXT(INT_ADD(SUBPIECE(PTRSUB(CONST(0x0,3),CONST(0xef77,3)),CONST(0x0,4)),MULTIEQUAL(COPY(CONST(0x0,2)),INT_ADD(LEAF(register:0012:2:ushort),CONST(0x1,2))))))
024bea	FUN_024bea	020948	STORE	CAST(INT_ZEXT(INT_ADD(SUBPIECE(PTRSUB(CONST(0x0,3),CONST(0xec5a,3)),CONST(0x0,4)),MULTIEQUAL(COPY(CONST(0x0,2)),INT_ADD(LEAF(register:0012:2:ushort),CONST(0x1,2))))))
024bea	FUN_024bea	02094c	LOAD	CAST(INT_ZEXT(INT_ADD(SUBPIECE(PTRSUB(CONST(0x0,3),CONST(0xec26,3)),CONST(0x0,4)),MULTIEQUAL(COPY(CONST(0x0,2)),INT_ADD(LEAF(register:0012:2:ushort),CONST(0x1,2))))))
024bea	FUN_024bea	02097a	LOAD	CAST(INT_ZEXT(INT_ADD(INT_ADD(SUBPIECE(PTRSUB(CONST(0x0,3),CONST(0xef81,3)),CONST(0x0,4)),INT_MULT(MULTIEQUAL(COPY(CONST(0x0,2)),INT_ADD(LEAF(register:0012:2:ushort),CONST(0x1,2))),CONST(0xa,2))),INT_ZEXT(MULTIEQUAL(COPY(CONST(0x0,1)),INT_ADD(LEAF(register:000c:1:byte),CONST(0x1,1)))))))
024bea	FUN_024bea	02097a	STORE	CAST(INT_ZEXT(INT_ADD(INT_ADD(SUBPIECE(PTRSUB(CONST(0x0,3),CONST(0xea1a,3)),CONST(0x0,4)),INT_MULT(INT_ZEXT(LOAD(CONST(0x1f1,4),CAST(INT_ZEXT(INT_ADD(SUBPIECE(PTRSUB(CONST(0x0,3),CONST(0xec26,3)),CONST(0x0,4)),MULTIEQUAL(COPY(CONST(0x0,2)),INT_ADD(LEAF(register:0012:2:ushort),CONST(0x1,2)))))))),CONST(0xa,2))),INT_ZEXT(MULTIEQUAL(COPY(CONST(0x0,1)),INT_ADD(LEAF(register:000c:1:byte),CONST(0x1,1)))))))
024bea	FUN_024bea	020984	LOAD	CAST(INT_ZEXT(INT_ADD(SUBPIECE(PTRSUB(CONST(0x0,3),CONST(0xea1a,3)),CONST(0x0,4)),INT_MULT(INT_ZEXT(LOAD(CONST(0x1f1,4),CAST(INT_ZEXT(INT_ADD(SUBPIECE(PTRSUB(CONST(0x0,3),CONST(0xec26,3)),CONST(0x0,4)),MULTIEQUAL(COPY(CONST(0x0,2)),INT_ADD(LEAF(register:0012:2:ushort),CONST(0x1,2)))))))),CONST(0xa,2)))))
024bea	FUN_024bea	02098e	LOAD	CAST(INT_ZEXT(INT_ADD(SUBPIECE(PTRSUB(CONST(0x0,3),CONST(0xec26,3)),CONST(0x0,4)),MULTIEQUAL(COPY(CONST(0x0,2)),INT_ADD(LEAF(register:0012:2:ushort),CONST(0x1,2))))))
024bea	FUN_024bea	0249f2	STORE	CAST(INT_ZEXT(CAST(INT_ADD(SUBPIECE(PTRSUB(CONST(0x0,3),CONST(0xe865,3)),CONST(0x0,4)),INDIRECT(MULTIEQUAL(INDIRECT(MULTIEQUAL(INDIRECT(INDIRECT(LEAF(00efea:2:short),CONST(0x33,4)),CONST(0x1ab9,4)),LEAF(00efea:2:short)),CONST(0x1f2,4)),INDIRECT(LEAF(00efea:2:short),CONST(0x1795,4)),INDIRECT(LEAF(00efea:2:short),CONST(0x1922,4)),INDIRECT(LEAF(00efea:2:short),CONST(0x1aaf,4))),CONST(0x22e,4))))))
024bea	FUN_024bea	024a20	STORE	CAST(INT_ZEXT(INT_ADD(SUBPIECE(PTRSUB(CONST(0x0,3),CONST(0xe865,3)),CONST(0x0,4)),INT_ZEXT(INT_AND(INT_ADD(INDIRECT(INDIRECT(MULTIEQUAL(INDIRECT(MULTIEQUAL(INDIRECT(INT_AND(INT_ADD(INDIRECT(LEAF(00fac2:1:byte),CONST(0x33,4)),CONST(0x1,1)),CONST(0x1f,1)),CONST(0x1ab9,4)),LEAF(unique:00023b00:1:byte)),CONST(0x1f2,4)),INDIRECT(LEAF(00fac2:1:byte),CONST(0x1795,4)),INDIRECT(LEAF(00fac2:1:byte),CONST(0x1922,4)),INDIRECT(LEAF(00fac2:1:byte),CONST(0x1aaf,4))),CONST(0x22e,4)),CONST(0x283,4)),CONST(0x1,1)),CONST(0x1f,1))))))
024bea	FUN_024bea	024a50	STORE	CAST(INT_ZEXT(INT_ADD(SUBPIECE(PTRSUB(CONST(0x0,3),CONST(0xe865,3)),CONST(0x0,4)),INT_ZEXT(INT_AND(INT_ADD(INDIRECT(INT_AND(INT_ADD(INDIRECT(INDIRECT(MULTIEQUAL(INDIRECT(MULTIEQUAL(INDIRECT(INT_AND(LEAF(unique:00022d00:1:byte),CONST(0x1f,1)),CONST(0x1ab9,4)),LEAF(unique:00023b00:1:byte)),CONST(0x1f2,4)),INDIRECT(LEAF(00fac2:1:byte),CONST(0x1795,4)),INDIRECT(LEAF(00fac2:1:byte),CONST(0x1922,4)),INDIRECT(LEAF(00fac2:1:byte),CONST(0x1aaf,4))),CONST(0x22e,4)),CONST(0x283,4)),CONST(0x1,1)),CONST(0x1f,1)),CONST(0x380,4)),CONST(0x1,1)),CONST(0x1f,1))))))
024bea	FUN_024bea	024a7e	STORE	CAST(INT_ZEXT(INT_ADD(SUBPIECE(PTRSUB(CONST(0x0,3),CONST(0xe865,3)),CONST(0x0,4)),INT_ZEXT(INT_AND(INT_ADD(INDIRECT(INT_AND(INT_ADD(INDIRECT(INT_AND(INT_ADD(INDIRECT(INDIRECT(MULTIEQUAL(INDIRECT(LEAF(00fac2:1:byte),CONST(0x1f2,4)),INDIRECT(LEAF(00fac2:1:byte),CONST(0x1795,4)),INDIRECT(LEAF(00fac2:1:byte),CONST(0x1922,4)),INDIRECT(LEAF(00fac2:1:byte),CONST(0x1aaf,4))),CONST(0x22e,4)),CONST(0x283,4)),CONST(0x1,1)),CONST(0x1f,1)),CONST(0x380,4)),CONST(0x1,1)),CONST(0x1f,1)),CONST(0x47d,4)),CONST(0x1,1)),CONST(0x1f,1))))))
024bea	FUN_024bea	024aac	STORE	CAST(INT_ZEXT(INT_ADD(SUBPIECE(PTRSUB(CONST(0x0,3),CONST(0xe865,3)),CONST(0x0,4)),INT_ZEXT(INT_AND(INT_ADD(INDIRECT(INT_AND(INT_ADD(INDIRECT(INT_AND(INT_ADD(INDIRECT(INT_AND(INT_ADD(INDIRECT(LEAF(00fac2:1:byte),CONST(0x283,4)),CONST(0x1,1)),CONST(0x1f,1)),CONST(0x380,4)),CONST(0x1,1)),CONST(0x1f,1)),CONST(0x47d,4)),CONST(0x1,1)),CONST(0x1f,1)),CONST(0x57a,4)),CONST(0x1,1)),CONST(0x1f,1))))))
024bea	FUN_024bea	024ada	STORE	CAST(INT_ZEXT(INT_ADD(SUBPIECE(PTRSUB(CONST(0x0,3),CONST(0xe865,3)),CONST(0x0,4)),INT_ZEXT(INT_AND(INT_ADD(INDIRECT(INT_AND(INT_ADD(INDIRECT(INT_AND(INT_ADD(INDIRECT(INT_AND(INT_ADD(INDIRECT(LEAF(unique:00023b00:1:byte),CONST(0x380,4)),CONST(0x1,1)),CONST(0x1f,1)),CONST(0x47d,4)),CONST(0x1,1)),CONST(0x1f,1)),CONST(0x57a,4)),CONST(0x1,1)),CONST(0x1f,1)),CONST(0x677,4)),CONST(0x1,1)),CONST(0x1f,1))))))
024bea	FUN_024bea	024bee	STORE	CAST(INT_ZEXT(INT_ADD(SUBPIECE(PTRSUB(CONST(0x0,3),CONST(0xe865,3)),CONST(0x0,4)),INT_ZEXT(LEAF(00fac2:1:byte)))))
024c80	FUN_024c80	02093c	LOAD	CAST(INT_ZEXT(INT_ADD(SUBPIECE(PTRSUB(CONST(0x0,3),CONST(0xef77,3)),CONST(0x0,4)),MULTIEQUAL(COPY(CONST(0x0,2)),INT_ADD(LEAF(register:0012:2:ushort),CONST(0x1,2))))))
024c80	FUN_024c80	020940	STORE	CAST(INT_ZEXT(INT_ADD(SUBPIECE(PTRSUB(CONST(0x0,3),CONST(0xec26,3)),CONST(0x0,4)),MULTIEQUAL(COPY(CONST(0x0,2)),INT_ADD(LEAF(register:0012:2:ushort),CONST(0x1,2))))))
024c80	FUN_024c80	020944	LOAD	CAST(INT_ZEXT(INT_ADD(SUBPIECE(PTRSUB(CONST(0x0,3),CONST(0xef77,3)),CONST(0x0,4)),MULTIEQUAL(COPY(CONST(0x0,2)),INT_ADD(LEAF(register:0012:2:ushort),CONST(0x1,2))))))
024c80	FUN_024c80	020948	STORE	CAST(INT_ZEXT(INT_ADD(SUBPIECE(PTRSUB(CONST(0x0,3),CONST(0xec5a,3)),CONST(0x0,4)),MULTIEQUAL(COPY(CONST(0x0,2)),INT_ADD(LEAF(register:0012:2:ushort),CONST(0x1,2))))))
024c80	FUN_024c80	02094c	LOAD	CAST(INT_ZEXT(INT_ADD(SUBPIECE(PTRSUB(CONST(0x0,3),CONST(0xec26,3)),CONST(0x0,4)),MULTIEQUAL(COPY(CONST(0x0,2)),INT_ADD(LEAF(register:0012:2:ushort),CONST(0x1,2))))))
024c80	FUN_024c80	02097a	LOAD	CAST(INT_ZEXT(INT_ADD(INT_ADD(SUBPIECE(PTRSUB(CONST(0x0,3),CONST(0xef81,3)),CONST(0x0,4)),INT_MULT(MULTIEQUAL(COPY(CONST(0x0,2)),INT_ADD(LEAF(register:0012:2:ushort),CONST(0x1,2))),CONST(0xa,2))),INT_ZEXT(MULTIEQUAL(COPY(CONST(0x0,1)),INT_ADD(LEAF(register:000c:1:byte),CONST(0x1,1)))))))
024c80	FUN_024c80	02097a	STORE	CAST(INT_ZEXT(INT_ADD(INT_ADD(SUBPIECE(PTRSUB(CONST(0x0,3),CONST(0xea1a,3)),CONST(0x0,4)),INT_MULT(INT_ZEXT(LOAD(CONST(0x1f1,4),CAST(INT_ZEXT(INT_ADD(SUBPIECE(PTRSUB(CONST(0x0,3),CONST(0xec26,3)),CONST(0x0,4)),MULTIEQUAL(COPY(CONST(0x0,2)),INT_ADD(LEAF(register:0012:2:ushort),CONST(0x1,2)))))))),CONST(0xa,2))),INT_ZEXT(MULTIEQUAL(COPY(CONST(0x0,1)),INT_ADD(LEAF(register:000c:1:byte),CONST(0x1,1)))))))
024c80	FUN_024c80	020984	LOAD	CAST(INT_ZEXT(INT_ADD(SUBPIECE(PTRSUB(CONST(0x0,3),CONST(0xea1a,3)),CONST(0x0,4)),INT_MULT(INT_ZEXT(LOAD(CONST(0x1f1,4),CAST(INT_ZEXT(INT_ADD(SUBPIECE(PTRSUB(CONST(0x0,3),CONST(0xec26,3)),CONST(0x0,4)),MULTIEQUAL(COPY(CONST(0x0,2)),INT_ADD(LEAF(register:0012:2:ushort),CONST(0x1,2)))))))),CONST(0xa,2)))))
024c80	FUN_024c80	02098e	LOAD	CAST(INT_ZEXT(INT_ADD(SUBPIECE(PTRSUB(CONST(0x0,3),CONST(0xec26,3)),CONST(0x0,4)),MULTIEQUAL(COPY(CONST(0x0,2)),INT_ADD(LEAF(register:0012:2:ushort),CONST(0x1,2))))))
024c80	FUN_024c80	0249f2	STORE	CAST(INT_ZEXT(CAST(INT_ADD(SUBPIECE(PTRSUB(CONST(0x0,3),CONST(0xe865,3)),CONST(0x0,4)),INDIRECT(MULTIEQUAL(INDIRECT(MULTIEQUAL(INDIRECT(INDIRECT(LEAF(00efea:2:short),CONST(0x33,4)),CONST(0x1ab9,4)),LEAF(00efea:2:short)),CONST(0x1f2,4)),INDIRECT(LEAF(00efea:2:short),CONST(0x1795,4)),INDIRECT(LEAF(00efea:2:short),CONST(0x1922,4)),INDIRECT(LEAF(00efea:2:short),CONST(0x1aaf,4))),CONST(0x22e,4))))))
024c80	FUN_024c80	024a20	STORE	CAST(INT_ZEXT(INT_ADD(SUBPIECE(PTRSUB(CONST(0x0,3),CONST(0xe865,3)),CONST(0x0,4)),INT_ZEXT(INT_AND(INT_ADD(INDIRECT(INDIRECT(MULTIEQUAL(INDIRECT(MULTIEQUAL(INDIRECT(INDIRECT(LEAF(00fac2:1:byte),CONST(0x33,4)),CONST(0x1ab9,4)),LEAF(00fac2:1:byte)),CONST(0x1f2,4)),INDIRECT(LEAF(00fac2:1:byte),CONST(0x1795,4)),INDIRECT(LEAF(00fac2:1:byte),CONST(0x1922,4)),INDIRECT(LEAF(00fac2:1:byte),CONST(0x1aaf,4))),CONST(0x22e,4)),CONST(0x283,4)),CONST(0x1,1)),CONST(0x1f,1))))))
024c80	FUN_024c80	024a50	STORE	CAST(INT_ZEXT(INT_ADD(SUBPIECE(PTRSUB(CONST(0x0,3),CONST(0xe865,3)),CONST(0x0,4)),INT_ZEXT(INT_AND(INT_ADD(INDIRECT(INT_AND(INT_ADD(INDIRECT(INDIRECT(MULTIEQUAL(INDIRECT(MULTIEQUAL(INDIRECT(INDIRECT(LEAF(00fac2:1:byte),CONST(0x33,4)),CONST(0x1ab9,4)),LEAF(00fac2:1:byte)),CONST(0x1f2,4)),INDIRECT(LEAF(00fac2:1:byte),CONST(0x1795,4)),INDIRECT(LEAF(00fac2:1:byte),CONST(0x1922,4)),INDIRECT(LEAF(00fac2:1:byte),CONST(0x1aaf,4))),CONST(0x22e,4)),CONST(0x283,4)),CONST(0x1,1)),CONST(0x1f,1)),CONST(0x380,4)),CONST(0x1,1)),CONST(0x1f,1))))))
024c80	FUN_024c80	024a7e	STORE	CAST(INT_ZEXT(INT_ADD(SUBPIECE(PTRSUB(CONST(0x0,3),CONST(0xe865,3)),CONST(0x0,4)),INT_ZEXT(INT_AND(INT_ADD(INDIRECT(INT_AND(INT_ADD(INDIRECT(INT_AND(INT_ADD(INDIRECT(INDIRECT(MULTIEQUAL(INDIRECT(LEAF(00fac2:1:byte),CONST(0x1f2,4)),INDIRECT(LEAF(00fac2:1:byte),CONST(0x1795,4)),INDIRECT(LEAF(00fac2:1:byte),CONST(0x1922,4)),INDIRECT(LEAF(00fac2:1:byte),CONST(0x1aaf,4))),CONST(0x22e,4)),CONST(0x283,4)),CONST(0x1,1)),CONST(0x1f,1)),CONST(0x380,4)),CONST(0x1,1)),CONST(0x1f,1)),CONST(0x47d,4)),CONST(0x1,1)),CONST(0x1f,1))))))
024c80	FUN_024c80	024aac	STORE	CAST(INT_ZEXT(INT_ADD(SUBPIECE(PTRSUB(CONST(0x0,3),CONST(0xe865,3)),CONST(0x0,4)),INT_ZEXT(INT_AND(INT_ADD(INDIRECT(INT_AND(INT_ADD(INDIRECT(INT_AND(INT_ADD(INDIRECT(INT_AND(INT_ADD(INDIRECT(LEAF(00fac2:1:byte),CONST(0x283,4)),CONST(0x1,1)),CONST(0x1f,1)),CONST(0x380,4)),CONST(0x1,1)),CONST(0x1f,1)),CONST(0x47d,4)),CONST(0x1,1)),CONST(0x1f,1)),CONST(0x57a,4)),CONST(0x1,1)),CONST(0x1f,1))))))
024c80	FUN_024c80	024ada	STORE	CAST(INT_ZEXT(INT_ADD(SUBPIECE(PTRSUB(CONST(0x0,3),CONST(0xe865,3)),CONST(0x0,4)),INT_ZEXT(INT_AND(INT_ADD(INDIRECT(INT_AND(INT_ADD(INDIRECT(INT_AND(INT_ADD(INDIRECT(INT_AND(INT_ADD(INDIRECT(LEAF(unique:00023b00:1:byte),CONST(0x380,4)),CONST(0x1,1)),CONST(0x1f,1)),CONST(0x47d,4)),CONST(0x1,1)),CONST(0x1f,1)),CONST(0x57a,4)),CONST(0x1,1)),CONST(0x1f,1)),CONST(0x677,4)),CONST(0x1,1)),CONST(0x1f,1))))))
024c80	FUN_024c80	024c84	STORE	CAST(INT_ZEXT(INT_ADD(SUBPIECE(PTRSUB(CONST(0x0,3),CONST(0xe885,3)),CONST(0x0,4)),INT_ZEXT(LEAF(00fac4:1:byte)))))
024cae	FUN_024cae	02093c	LOAD	CAST(INT_ZEXT(INT_ADD(SUBPIECE(PTRSUB(CONST(0x0,3),CONST(0xef77,3)),CONST(0x0,4)),MULTIEQUAL(COPY(CONST(0x0,2)),INT_ADD(LEAF(register:0012:2:ushort),CONST(0x1,2))))))
024cae	FUN_024cae	020940	STORE	CAST(INT_ZEXT(INT_ADD(SUBPIECE(PTRSUB(CONST(0x0,3),CONST(0xec26,3)),CONST(0x0,4)),MULTIEQUAL(COPY(CONST(0x0,2)),INT_ADD(LEAF(register:0012:2:ushort),CONST(0x1,2))))))
024cae	FUN_024cae	020944	LOAD	CAST(INT_ZEXT(INT_ADD(SUBPIECE(PTRSUB(CONST(0x0,3),CONST(0xef77,3)),CONST(0x0,4)),MULTIEQUAL(COPY(CONST(0x0,2)),INT_ADD(LEAF(register:0012:2:ushort),CONST(0x1,2))))))
024cae	FUN_024cae	020948	STORE	CAST(INT_ZEXT(INT_ADD(SUBPIECE(PTRSUB(CONST(0x0,3),CONST(0xec5a,3)),CONST(0x0,4)),MULTIEQUAL(COPY(CONST(0x0,2)),INT_ADD(LEAF(register:0012:2:ushort),CONST(0x1,2))))))
024cae	FUN_024cae	02094c	LOAD	CAST(INT_ZEXT(INT_ADD(SUBPIECE(PTRSUB(CONST(0x0,3),CONST(0xec26,3)),CONST(0x0,4)),MULTIEQUAL(COPY(CONST(0x0,2)),INT_ADD(LEAF(register:0012:2:ushort),CONST(0x1,2))))))
024cae	FUN_024cae	02097a	LOAD	CAST(INT_ZEXT(INT_ADD(INT_ADD(SUBPIECE(PTRSUB(CONST(0x0,3),CONST(0xef81,3)),CONST(0x0,4)),INT_MULT(MULTIEQUAL(COPY(CONST(0x0,2)),INT_ADD(LEAF(register:0012:2:ushort),CONST(0x1,2))),CONST(0xa,2))),INT_ZEXT(MULTIEQUAL(COPY(CONST(0x0,1)),INT_ADD(LEAF(register:000c:1:byte),CONST(0x1,1)))))))
024cae	FUN_024cae	02097a	STORE	CAST(INT_ZEXT(INT_ADD(INT_ADD(SUBPIECE(PTRSUB(CONST(0x0,3),CONST(0xea1a,3)),CONST(0x0,4)),INT_MULT(INT_ZEXT(LOAD(CONST(0x1f1,4),CAST(INT_ZEXT(INT_ADD(SUBPIECE(PTRSUB(CONST(0x0,3),CONST(0xec26,3)),CONST(0x0,4)),MULTIEQUAL(COPY(CONST(0x0,2)),INT_ADD(LEAF(register:0012:2:ushort),CONST(0x1,2)))))))),CONST(0xa,2))),INT_ZEXT(MULTIEQUAL(COPY(CONST(0x0,1)),INT_ADD(LEAF(register:000c:1:byte),CONST(0x1,1)))))))
024cae	FUN_024cae	020984	LOAD	CAST(INT_ZEXT(INT_ADD(SUBPIECE(PTRSUB(CONST(0x0,3),CONST(0xea1a,3)),CONST(0x0,4)),INT_MULT(INT_ZEXT(LOAD(CONST(0x1f1,4),CAST(INT_ZEXT(INT_ADD(SUBPIECE(PTRSUB(CONST(0x0,3),CONST(0xec26,3)),CONST(0x0,4)),MULTIEQUAL(COPY(CONST(0x0,2)),INT_ADD(LEAF(register:0012:2:ushort),CONST(0x1,2)))))))),CONST(0xa,2)))))
024cae	FUN_024cae	02098e	LOAD	CAST(INT_ZEXT(INT_ADD(SUBPIECE(PTRSUB(CONST(0x0,3),CONST(0xec26,3)),CONST(0x0,4)),MULTIEQUAL(COPY(CONST(0x0,2)),INT_ADD(LEAF(register:0012:2:ushort),CONST(0x1,2))))))
024cae	FUN_024cae	0249f2	STORE	CAST(INT_ZEXT(CAST(INT_ADD(SUBPIECE(PTRSUB(CONST(0x0,3),CONST(0xe865,3)),CONST(0x0,4)),INDIRECT(MULTIEQUAL(INDIRECT(MULTIEQUAL(INDIRECT(LEAF(00efea:2:short),CONST(0x19b3,4)),LEAF(00efea:2:short)),CONST(0xec,4)),INDIRECT(LEAF(00efea:2:short),CONST(0x168f,4)),INDIRECT(LEAF(00efea:2:short),CONST(0x181c,4)),INDIRECT(LEAF(00efea:2:short),CONST(0x19a9,4))),CONST(0x128,4))))))
024cae	FUN_024cae	024a20	STORE	CAST(INT_ZEXT(INT_ADD(SUBPIECE(PTRSUB(CONST(0x0,3),CONST(0xe865,3)),CONST(0x0,4)),INT_ZEXT(INT_AND(INT_ADD(INDIRECT(INDIRECT(MULTIEQUAL(INDIRECT(MULTIEQUAL(INDIRECT(LEAF(00fac2:1:byte),CONST(0x19b3,4)),LEAF(00fac2:1:byte)),CONST(0xec,4)),INDIRECT(LEAF(00fac2:1:byte),CONST(0x168f,4)),INDIRECT(LEAF(00fac2:1:byte),CONST(0x181c,4)),INDIRECT(LEAF(00fac2:1:byte),CONST(0x19a9,4))),CONST(0x128,4)),CONST(0x17d,4)),CONST(0x1,1)),CONST(0x1f,1))))))
024cae	FUN_024cae	024a50	STORE	CAST(INT_ZEXT(INT_ADD(SUBPIECE(PTRSUB(CONST(0x0,3),CONST(0xe865,3)),CONST(0x0,4)),INT_ZEXT(INT_AND(INT_ADD(INDIRECT(INT_AND(INT_ADD(INDIRECT(INDIRECT(MULTIEQUAL(INDIRECT(MULTIEQUAL(INDIRECT(LEAF(00fac2:1:byte),CONST(0x19b3,4)),LEAF(00fac2:1:byte)),CONST(0xec,4)),INDIRECT(LEAF(00fac2:1:byte),CONST(0x168f,4)),INDIRECT(LEAF(00fac2:1:byte),CONST(0x181c,4)),INDIRECT(LEAF(00fac2:1:byte),CONST(0x19a9,4))),CONST(0x128,4)),CONST(0x17d,4)),CONST(0x1,1)),CONST(0x1f,1)),CONST(0x27a,4)),CONST(0x1,1)),CONST(0x1f,1))))))
024cae	FUN_024cae	024a7e	STORE	CAST(INT_ZEXT(INT_ADD(SUBPIECE(PTRSUB(CONST(0x0,3),CONST(0xe865,3)),CONST(0x0,4)),INT_ZEXT(INT_AND(INT_ADD(INDIRECT(INT_AND(INT_ADD(INDIRECT(INT_AND(INT_ADD(INDIRECT(INDIRECT(MULTIEQUAL(INDIRECT(LEAF(00fac2:1:byte),CONST(0xec,4)),INDIRECT(LEAF(00fac2:1:byte),CONST(0x168f,4)),INDIRECT(LEAF(00fac2:1:byte),CONST(0x181c,4)),INDIRECT(LEAF(00fac2:1:byte),CONST(0x19a9,4))),CONST(0x128,4)),CONST(0x17d,4)),CONST(0x1,1)),CONST(0x1f,1)),CONST(0x27a,4)),CONST(0x1,1)),CONST(0x1f,1)),CONST(0x377,4)),CONST(0x1,1)),CONST(0x1f,1))))))
024cae	FUN_024cae	024aac	STORE	CAST(INT_ZEXT(INT_ADD(SUBPIECE(PTRSUB(CONST(0x0,3),CONST(0xe865,3)),CONST(0x0,4)),INT_ZEXT(INT_AND(INT_ADD(INDIRECT(INT_AND(INT_ADD(INDIRECT(INT_AND(INT_ADD(INDIRECT(INT_AND(INT_ADD(INDIRECT(LEAF(00fac2:1:byte),CONST(0x17d,4)),CONST(0x1,1)),CONST(0x1f,1)),CONST(0x27a,4)),CONST(0x1,1)),CONST(0x1f,1)),CONST(0x377,4)),CONST(0x1,1)),CONST(0x1f,1)),CONST(0x474,4)),CONST(0x1,1)),CONST(0x1f,1))))))
024cae	FUN_024cae	024ada	STORE	CAST(INT_ZEXT(INT_ADD(SUBPIECE(PTRSUB(CONST(0x0,3),CONST(0xe865,3)),CONST(0x0,4)),INT_ZEXT(INT_AND(INT_ADD(INDIRECT(INT_AND(INT_ADD(INDIRECT(INT_AND(INT_ADD(INDIRECT(INT_AND(INT_ADD(INDIRECT(LEAF(unique:00023b00:1:byte),CONST(0x27a,4)),CONST(0x1,1)),CONST(0x1f,1)),CONST(0x377,4)),CONST(0x1,1)),CONST(0x1f,1)),CONST(0x474,4)),CONST(0x1,1)),CONST(0x1f,1)),CONST(0x571,4)),CONST(0x1,1)),CONST(0x1f,1))))))
024cf4	FUN_024cf4	02093c	LOAD	CAST(INT_ZEXT(INT_ADD(SUBPIECE(PTRSUB(CONST(0x0,3),CONST(0xef77,3)),CONST(0x0,4)),MULTIEQUAL(COPY(CONST(0x0,2)),INT_ADD(LEAF(register:0012:2:ushort),CONST(0x1,2))))))
024cf4	FUN_024cf4	020940	STORE	CAST(INT_ZEXT(INT_ADD(SUBPIECE(PTRSUB(CONST(0x0,3),CONST(0xec26,3)),CONST(0x0,4)),MULTIEQUAL(COPY(CONST(0x0,2)),INT_ADD(LEAF(register:0012:2:ushort),CONST(0x1,2))))))
024cf4	FUN_024cf4	020944	LOAD	CAST(INT_ZEXT(INT_ADD(SUBPIECE(PTRSUB(CONST(0x0,3),CONST(0xef77,3)),CONST(0x0,4)),MULTIEQUAL(COPY(CONST(0x0,2)),INT_ADD(LEAF(register:0012:2:ushort),CONST(0x1,2))))))
024cf4	FUN_024cf4	020948	STORE	CAST(INT_ZEXT(INT_ADD(SUBPIECE(PTRSUB(CONST(0x0,3),CONST(0xec5a,3)),CONST(0x0,4)),MULTIEQUAL(COPY(CONST(0x0,2)),INT_ADD(LEAF(register:0012:2:ushort),CONST(0x1,2))))))
024cf4	FUN_024cf4	02094c	LOAD	CAST(INT_ZEXT(INT_ADD(SUBPIECE(PTRSUB(CONST(0x0,3),CONST(0xec26,3)),CONST(0x0,4)),MULTIEQUAL(COPY(CONST(0x0,2)),INT_ADD(LEAF(register:0012:2:ushort),CONST(0x1,2))))))
024cf4	FUN_024cf4	02097a	LOAD	CAST(INT_ZEXT(INT_ADD(INT_ADD(SUBPIECE(PTRSUB(CONST(0x0,3),CONST(0xef81,3)),CONST(0x0,4)),INT_MULT(MULTIEQUAL(COPY(CONST(0x0,2)),INT_ADD(LEAF(register:0012:2:ushort),CONST(0x1,2))),CONST(0xa,2))),INT_ZEXT(MULTIEQUAL(COPY(CONST(0x0,1)),INT_ADD(LEAF(register:000c:1:byte),CONST(0x1,1)))))))
024cf4	FUN_024cf4	02097a	STORE	CAST(INT_ZEXT(INT_ADD(INT_ADD(SUBPIECE(PTRSUB(CONST(0x0,3),CONST(0xea1a,3)),CONST(0x0,4)),INT_MULT(INT_ZEXT(LOAD(CONST(0x1f1,4),CAST(INT_ZEXT(INT_ADD(SUBPIECE(PTRSUB(CONST(0x0,3),CONST(0xec26,3)),CONST(0x0,4)),MULTIEQUAL(COPY(CONST(0x0,2)),INT_ADD(LEAF(register:0012:2:ushort),CONST(0x1,2)))))))),CONST(0xa,2))),INT_ZEXT(MULTIEQUAL(COPY(CONST(0x0,1)),INT_ADD(LEAF(register:000c:1:byte),CONST(0x1,1)))))))
024cf4	FUN_024cf4	020984	LOAD	CAST(INT_ZEXT(INT_ADD(SUBPIECE(PTRSUB(CONST(0x0,3),CONST(0xea1a,3)),CONST(0x0,4)),INT_MULT(INT_ZEXT(LOAD(CONST(0x1f1,4),CAST(INT_ZEXT(INT_ADD(SUBPIECE(PTRSUB(CONST(0x0,3),CONST(0xec26,3)),CONST(0x0,4)),MULTIEQUAL(COPY(CONST(0x0,2)),INT_ADD(LEAF(register:0012:2:ushort),CONST(0x1,2)))))))),CONST(0xa,2)))))
024cf4	FUN_024cf4	02098e	LOAD	CAST(INT_ZEXT(INT_ADD(SUBPIECE(PTRSUB(CONST(0x0,3),CONST(0xec26,3)),CONST(0x0,4)),MULTIEQUAL(COPY(CONST(0x0,2)),INT_ADD(LEAF(register:0012:2:ushort),CONST(0x1,2))))))
024cf4	FUN_024cf4	0249f2	STORE	CAST(INT_ZEXT(CAST(INT_ADD(SUBPIECE(PTRSUB(CONST(0x0,3),CONST(0xe865,3)),CONST(0x0,4)),INDIRECT(MULTIEQUAL(INDIRECT(LEAF(00efea:2:short),CONST(0x57,4)),INDIRECT(LEAF(00efea:2:short),CONST(0x15fa,4)),INDIRECT(LEAF(00efea:2:short),CONST(0x1787,4))),CONST(0x93,4))))))
024cf4	FUN_024cf4	024a20	STORE	CAST(INT_ZEXT(INT_ADD(SUBPIECE(PTRSUB(CONST(0x0,3),CONST(0xe865,3)),CONST(0x0,4)),INT_ZEXT(INT_AND(INT_ADD(INDIRECT(INDIRECT(MULTIEQUAL(INDIRECT(LEAF(00fac2:1:byte),CONST(0x57,4)),INDIRECT(LEAF(00fac2:1:byte),CONST(0x15fa,4)),INDIRECT(LEAF(00fac2:1:byte),CONST(0x1787,4))),CONST(0x93,4)),CONST(0xe8,4)),CONST(0x1,1)),CONST(0x1f,1))))))
024cf4	FUN_024cf4	024a50	STORE	CAST(INT_ZEXT(INT_ADD(SUBPIECE(PTRSUB(CONST(0x0,3),CONST(0xe865,3)),CONST(0x0,4)),INT_ZEXT(INT_AND(INT_ADD(INDIRECT(INT_AND(INT_ADD(INDIRECT(INDIRECT(MULTIEQUAL(INDIRECT(LEAF(00fac2:1:byte),CONST(0x57,4)),INDIRECT(LEAF(00fac2:1:byte),CONST(0x15fa,4)),INDIRECT(LEAF(00fac2:1:byte),CONST(0x1787,4))),CONST(0x93,4)),CONST(0xe8,4)),CONST(0x1,1)),CONST(0x1f,1)),CONST(0x1e5,4)),CONST(0x1,1)),CONST(0x1f,1))))))
024cf4	FUN_024cf4	024a7e	STORE	CAST(INT_ZEXT(INT_ADD(SUBPIECE(PTRSUB(CONST(0x0,3),CONST(0xe865,3)),CONST(0x0,4)),INT_ZEXT(INT_AND(INT_ADD(INDIRECT(INT_AND(INT_ADD(INDIRECT(INT_AND(INT_ADD(INDIRECT(INDIRECT(MULTIEQUAL(INDIRECT(LEAF(00fac2:1:byte),CONST(0x57,4)),INDIRECT(LEAF(00fac2:1:byte),CONST(0x15fa,4)),INDIRECT(LEAF(00fac2:1:byte),CONST(0x1787,4))),CONST(0x93,4)),CONST(0xe8,4)),CONST(0x1,1)),CONST(0x1f,1)),CONST(0x1e5,4)),CONST(0x1,1)),CONST(0x1f,1)),CONST(0x2e2,4)),CONST(0x1,1)),CONST(0x1f,1))))))
024cf4	FUN_024cf4	024aac	STORE	CAST(INT_ZEXT(INT_ADD(SUBPIECE(PTRSUB(CONST(0x0,3),CONST(0xe865,3)),CONST(0x0,4)),INT_ZEXT(INT_AND(INT_ADD(INDIRECT(INT_AND(INT_ADD(INDIRECT(INT_AND(INT_ADD(INDIRECT(INT_AND(INT_ADD(INDIRECT(LEAF(00fac2:1:byte),CONST(0xe8,4)),CONST(0x1,1)),CONST(0x1f,1)),CONST(0x1e5,4)),CONST(0x1,1)),CONST(0x1f,1)),CONST(0x2e2,4)),CONST(0x1,1)),CONST(0x1f,1)),CONST(0x3df,4)),CONST(0x1,1)),CONST(0x1f,1))))))
024cf4	FUN_024cf4	024ada	STORE	CAST(INT_ZEXT(INT_ADD(SUBPIECE(PTRSUB(CONST(0x0,3),CONST(0xe865,3)),CONST(0x0,4)),INT_ZEXT(INT_AND(INT_ADD(INDIRECT(INT_AND(INT_ADD(INDIRECT(INT_AND(INT_ADD(INDIRECT(INT_AND(INT_ADD(INDIRECT(LEAF(unique:00023b00:1:byte),CONST(0x1e5,4)),CONST(0x1,1)),CONST(0x1f,1)),CONST(0x2e2,4)),CONST(0x1,1)),CONST(0x1f,1)),CONST(0x3df,4)),CONST(0x1,1)),CONST(0x1f,1)),CONST(0x4dc,4)),CONST(0x1,1)),CONST(0x1f,1))))))
024d36	FUN_024d36	02093c	LOAD	CAST(INT_ZEXT(INT_ADD(SUBPIECE(PTRSUB(CONST(0x0,3),CONST(0xef77,3)),CONST(0x0,4)),MULTIEQUAL(COPY(CONST(0x0,2)),INT_ADD(LEAF(register:0012:2:ushort),CONST(0x1,2))))))
024d36	FUN_024d36	020940	STORE	CAST(INT_ZEXT(INT_ADD(SUBPIECE(PTRSUB(CONST(0x0,3),CONST(0xec26,3)),CONST(0x0,4)),MULTIEQUAL(COPY(CONST(0x0,2)),INT_ADD(LEAF(register:0012:2:ushort),CONST(0x1,2))))))
024d36	FUN_024d36	020944	LOAD	CAST(INT_ZEXT(INT_ADD(SUBPIECE(PTRSUB(CONST(0x0,3),CONST(0xef77,3)),CONST(0x0,4)),MULTIEQUAL(COPY(CONST(0x0,2)),INT_ADD(LEAF(register:0012:2:ushort),CONST(0x1,2))))))
024d36	FUN_024d36	020948	STORE	CAST(INT_ZEXT(INT_ADD(SUBPIECE(PTRSUB(CONST(0x0,3),CONST(0xec5a,3)),CONST(0x0,4)),MULTIEQUAL(COPY(CONST(0x0,2)),INT_ADD(LEAF(register:0012:2:ushort),CONST(0x1,2))))))
024d36	FUN_024d36	02094c	LOAD	CAST(INT_ZEXT(INT_ADD(SUBPIECE(PTRSUB(CONST(0x0,3),CONST(0xec26,3)),CONST(0x0,4)),MULTIEQUAL(COPY(CONST(0x0,2)),INT_ADD(LEAF(register:0012:2:ushort),CONST(0x1,2))))))
024d36	FUN_024d36	02097a	LOAD	CAST(INT_ZEXT(INT_ADD(INT_ADD(SUBPIECE(PTRSUB(CONST(0x0,3),CONST(0xef81,3)),CONST(0x0,4)),INT_MULT(MULTIEQUAL(COPY(CONST(0x0,2)),INT_ADD(LEAF(register:0012:2:ushort),CONST(0x1,2))),CONST(0xa,2))),INT_ZEXT(MULTIEQUAL(COPY(CONST(0x0,1)),INT_ADD(LEAF(register:000c:1:byte),CONST(0x1,1)))))))
024d36	FUN_024d36	02097a	STORE	CAST(INT_ZEXT(INT_ADD(INT_ADD(SUBPIECE(PTRSUB(CONST(0x0,3),CONST(0xea1a,3)),CONST(0x0,4)),INT_MULT(INT_ZEXT(LOAD(CONST(0x1f1,4),CAST(INT_ZEXT(INT_ADD(SUBPIECE(PTRSUB(CONST(0x0,3),CONST(0xec26,3)),CONST(0x0,4)),MULTIEQUAL(COPY(CONST(0x0,2)),INT_ADD(LEAF(register:0012:2:ushort),CONST(0x1,2)))))))),CONST(0xa,2))),INT_ZEXT(MULTIEQUAL(COPY(CONST(0x0,1)),INT_ADD(LEAF(register:000c:1:byte),CONST(0x1,1)))))))
024d36	FUN_024d36	020984	LOAD	CAST(INT_ZEXT(INT_ADD(SUBPIECE(PTRSUB(CONST(0x0,3),CONST(0xea1a,3)),CONST(0x0,4)),INT_MULT(INT_ZEXT(LOAD(CONST(0x1f1,4),CAST(INT_ZEXT(INT_ADD(SUBPIECE(PTRSUB(CONST(0x0,3),CONST(0xec26,3)),CONST(0x0,4)),MULTIEQUAL(COPY(CONST(0x0,2)),INT_ADD(LEAF(register:0012:2:ushort),CONST(0x1,2)))))))),CONST(0xa,2)))))
024d36	FUN_024d36	02098e	LOAD	CAST(INT_ZEXT(INT_ADD(SUBPIECE(PTRSUB(CONST(0x0,3),CONST(0xec26,3)),CONST(0x0,4)),MULTIEQUAL(COPY(CONST(0x0,2)),INT_ADD(LEAF(register:0012:2:ushort),CONST(0x1,2))))))
024d36	FUN_024d36	0249f2	STORE	CAST(INT_ZEXT(CAST(INT_ADD(SUBPIECE(PTRSUB(CONST(0x0,3),CONST(0xe865,3)),CONST(0x0,4)),INDIRECT(INDIRECT(LEAF(00efea:2:short),CONST(0x111,4)),CONST(0x14d,4))))))
024d36	FUN_024d36	024a20	STORE	CAST(INT_ZEXT(INT_ADD(SUBPIECE(PTRSUB(CONST(0x0,3),CONST(0xe865,3)),CONST(0x0,4)),INT_ZEXT(INT_AND(INT_ADD(INDIRECT(INDIRECT(INDIRECT(LEAF(00fac2:1:byte),CONST(0x111,4)),CONST(0x14d,4)),CONST(0x1a2,4)),CONST(0x1,1)),CONST(0x1f,1))))))
024d36	FUN_024d36	024a50	STORE	CAST(INT_ZEXT(INT_ADD(SUBPIECE(PTRSUB(CONST(0x0,3),CONST(0xe865,3)),CONST(0x0,4)),INT_ZEXT(INT_AND(INT_ADD(INDIRECT(INT_AND(INT_ADD(INDIRECT(INDIRECT(INDIRECT(LEAF(00fac2:1:byte),CONST(0x111,4)),CONST(0x14d,4)),CONST(0x1a2,4)),CONST(0x1,1)),CONST(0x1f,1)),CONST(0x29f,4)),CONST(0x1,1)),CONST(0x1f,1))))))
024d36	FUN_024d36	024a7e	STORE	CAST(INT_ZEXT(INT_ADD(SUBPIECE(PTRSUB(CONST(0x0,3),CONST(0xe865,3)),CONST(0x0,4)),INT_ZEXT(INT_AND(INT_ADD(INDIRECT(INT_AND(INT_ADD(INDIRECT(INT_AND(INT_ADD(INDIRECT(INDIRECT(INDIRECT(LEAF(00fac2:1:byte),CONST(0x111,4)),CONST(0x14d,4)),CONST(0x1a2,4)),CONST(0x1,1)),CONST(0x1f,1)),CONST(0x29f,4)),CONST(0x1,1)),CONST(0x1f,1)),CONST(0x39c,4)),CONST(0x1,1)),CONST(0x1f,1))))))
024d36	FUN_024d36	024aac	STORE	CAST(INT_ZEXT(INT_ADD(SUBPIECE(PTRSUB(CONST(0x0,3),CONST(0xe865,3)),CONST(0x0,4)),INT_ZEXT(INT_AND(INT_ADD(INDIRECT(INT_AND(INT_ADD(INDIRECT(INT_AND(INT_ADD(INDIRECT(INT_AND(INT_ADD(INDIRECT(LEAF(00fac2:1:byte),CONST(0x1a2,4)),CONST(0x1,1)),CONST(0x1f,1)),CONST(0x29f,4)),CONST(0x1,1)),CONST(0x1f,1)),CONST(0x39c,4)),CONST(0x1,1)),CONST(0x1f,1)),CONST(0x499,4)),CONST(0x1,1)),CONST(0x1f,1))))))
024d36	FUN_024d36	024ada	STORE	CAST(INT_ZEXT(INT_ADD(SUBPIECE(PTRSUB(CONST(0x0,3),CONST(0xe865,3)),CONST(0x0,4)),INT_ZEXT(INT_AND(INT_ADD(INDIRECT(INT_AND(INT_ADD(INDIRECT(INT_AND(INT_ADD(INDIRECT(INT_AND(INT_ADD(INDIRECT(LEAF(unique:00023b00:1:byte),CONST(0x29f,4)),CONST(0x1,1)),CONST(0x1f,1)),CONST(0x39c,4)),CONST(0x1,1)),CONST(0x1f,1)),CONST(0x499,4)),CONST(0x1,1)),CONST(0x1f,1)),CONST(0x596,4)),CONST(0x1,1)),CONST(0x1f,1))))))
024ef4	FUN_024ef4	024f04	LOAD	CAST(INT_ZEXT(LEAF(00ed4e:2:ushort)))
024ef4	FUN_024ef4	024f0a	STORE	CAST(INT_ZEXT(LEAF(00ed4e:2:ushort)))
025140	FUN_025140	025140	STORE	CAST(INT_ZEXT(LEAF(register:0012:2:ushort)))
025404	FUN_025404	021e20	LOAD	CAST(INT_ZEXT(INT_ADD(SUBPIECE(PTRSUB(CONST(0x0,3),CONST(0xec26,3)),CONST(0x0,4)),INT_ZEXT(MULTIEQUAL(MULTIEQUAL(MULTIEQUAL(LEAF(register:000e:1:byte),LEAF(register:000e:1:byte)),LEAF(register:000e:1:byte)),INT_ADD(LEAF(register:000e:1:byte),CONST(0x1,1)),INT_ADD(LEAF(register:000e:1:byte),CONST(0x1,1)))))))
025404	FUN_025404	021e34	LOAD	CAST(INT_ZEXT(INT_ADD(SUBPIECE(PTRSUB(CONST(0x0,3),CONST(0xea1a,3)),CONST(0x0,4)),INT_MULT(INT_ZEXT(LOAD(CONST(0x1f1,4),CAST(INT_ZEXT(INT_ADD(SUBPIECE(PTRSUB(CONST(0x0,3),CONST(0xec26,3)),CONST(0x0,4)),INT_ZEXT(MULTIEQUAL(MULTIEQUAL(MULTIEQUAL(LEAF(register:000e:1:byte),LEAF(register:000e:1:byte)),LEAF(register:000e:1:byte)),INT_ADD(LEAF(register:000e:1:byte),CONST(0x1,1)),INT_ADD(LEAF(register:000e:1:byte),CONST(0x1,1))))))))),CONST(0xa,2)))))
025404	FUN_025404	021e40	LOAD	CAST(INT_ZEXT(INT_ADD(INT_MULT(INT_ZEXT(LOAD(CONST(0x1f1,4),CAST(INT_ZEXT(INT_ADD(SUBPIECE(PTRSUB(CONST(0x0,3),CONST(0xec26,3)),CONST(0x0,4)),INT_ZEXT(MULTIEQUAL(MULTIEQUAL(MULTIEQUAL(LEAF(register:000e:1:byte),LEAF(register:000e:1:byte)),LEAF(register:000e:1:byte)),INT_ADD(LEAF(register:000e:1:byte),CONST(0x1,1)),INT_ADD(LEAF(register:000e:1:byte),CONST(0x1,1))))))))),CONST(0xa,2)),CONST(0xea1d,2))))
025404	FUN_025404	021e44	STORE	CAST(INT_ZEXT(INT_ADD(INT_MULT(INT_ZEXT(LOAD(CONST(0x1f1,4),CAST(INT_ZEXT(INT_ADD(SUBPIECE(PTRSUB(CONST(0x0,3),CONST(0xec26,3)),CONST(0x0,4)),INT_ZEXT(MULTIEQUAL(MULTIEQUAL(MULTIEQUAL(LEAF(register:000e:1:byte),LEAF(register:000e:1:byte)),LEAF(register:000e:1:byte)),INT_ADD(LEAF(register:000e:1:byte),CONST(0x1,1)),INT_ADD(LEAF(register:000e:1:byte),CONST(0x1,1))))))))),CONST(0xa,2)),CONST(0xea1d,2))))
025404	FUN_025404	021e54	STORE	CAST(INT_ZEXT(INT_ADD(INT_ADD(SUBPIECE(PTRSUB(CONST(0x0,3),CONST(0xea1a,3)),CONST(0x0,4)),INT_MULT(INT_ZEXT(LOAD(CONST(0x1f1,4),CAST(INT_ZEXT(INT_ADD(SUBPIECE(PTRSUB(CONST(0x0,3),CONST(0xec26,3)),CONST(0x0,4)),INT_ZEXT(MULTIEQUAL(MULTIEQUAL(MULTIEQUAL(LEAF(register:000e:1:byte),LEAF(register:000e:1:byte)),LEAF(register:000e:1:byte)),INT_ADD(LEAF(register:000e:1:byte),CONST(0x1,1)),INT_ADD(LEAF(register:000e:1:byte),CONST(0x1,1))))))))),CONST(0xa,2))),INT_ZEXT(MULTIEQUAL(COPY(CONST(0x0,1)),INT_ADD(LEAF(register:000c:1:byte),CONST(0x1,1)))))))
025404	FUN_025404	021e66	LOAD	CAST(INT_ZEXT(INT_ADD(SUBPIECE(PTRSUB(CONST(0x0,3),CONST(0xec5a,3)),CONST(0x0,4)),INT_ZEXT(MULTIEQUAL(INT_ADD(SUBPIECE(MULTIEQUAL(LEAF(register:000c:2:ushort),LEAF(register:000c:2:ushort)),CONST(0x0,2)),CONST(0x1,1)),COPY(CONST(0x0,1)))))))
025434	FUN_025434	021e20	LOAD	CAST(INT_ZEXT(INT_ADD(SUBPIECE(PTRSUB(CONST(0x0,3),CONST(0xec26,3)),CONST(0x0,4)),INT_ZEXT(MULTIEQUAL(MULTIEQUAL(LEAF(register:000e:1:byte),LEAF(register:000e:1:byte),LEAF(register:000e:1:byte)),INT_ADD(LEAF(register:000e:1:byte),CONST(0x1,1)),INT_ADD(LEAF(register:000e:1:byte),CONST(0x1,1)))))))
025434	FUN_025434	021e34	LOAD	CAST(INT_ZEXT(INT_ADD(SUBPIECE(PTRSUB(CONST(0x0,3),CONST(0xea1a,3)),CONST(0x0,4)),INT_MULT(INT_ZEXT(LOAD(CONST(0x1f1,4),CAST(INT_ZEXT(INT_ADD(SUBPIECE(PTRSUB(CONST(0x0,3),CONST(0xec26,3)),CONST(0x0,4)),INT_ZEXT(MULTIEQUAL(MULTIEQUAL(LEAF(register:000e:1:byte),LEAF(register:000e:1:byte),LEAF(register:000e:1:byte)),INT_ADD(LEAF(register:000e:1:byte),CONST(0x1,1)),INT_ADD(LEAF(register:000e:1:byte),CONST(0x1,1))))))))),CONST(0xa,2)))))
025434	FUN_025434	021e40	LOAD	CAST(INT_ZEXT(INT_ADD(INT_MULT(INT_ZEXT(LOAD(CONST(0x1f1,4),CAST(INT_ZEXT(INT_ADD(SUBPIECE(PTRSUB(CONST(0x0,3),CONST(0xec26,3)),CONST(0x0,4)),INT_ZEXT(MULTIEQUAL(MULTIEQUAL(LEAF(register:000e:1:byte),LEAF(register:000e:1:byte),LEAF(register:000e:1:byte)),INT_ADD(LEAF(register:000e:1:byte),CONST(0x1,1)),INT_ADD(LEAF(register:000e:1:byte),CONST(0x1,1))))))))),CONST(0xa,2)),CONST(0xea1d,2))))
025434	FUN_025434	021e44	STORE	CAST(INT_ZEXT(INT_ADD(INT_MULT(INT_ZEXT(LOAD(CONST(0x1f1,4),CAST(INT_ZEXT(INT_ADD(SUBPIECE(PTRSUB(CONST(0x0,3),CONST(0xec26,3)),CONST(0x0,4)),INT_ZEXT(MULTIEQUAL(MULTIEQUAL(LEAF(register:000e:1:byte),LEAF(register:000e:1:byte),LEAF(register:000e:1:byte)),INT_ADD(LEAF(register:000e:1:byte),CONST(0x1,1)),INT_ADD(LEAF(register:000e:1:byte),CONST(0x1,1))))))))),CONST(0xa,2)),CONST(0xea1d,2))))
025434	FUN_025434	021e54	STORE	CAST(INT_ZEXT(INT_ADD(INT_ADD(SUBPIECE(PTRSUB(CONST(0x0,3),CONST(0xea1a,3)),CONST(0x0,4)),INT_MULT(INT_ZEXT(LOAD(CONST(0x1f1,4),CAST(INT_ZEXT(INT_ADD(SUBPIECE(PTRSUB(CONST(0x0,3),CONST(0xec26,3)),CONST(0x0,4)),INT_ZEXT(MULTIEQUAL(MULTIEQUAL(LEAF(register:000e:1:byte),LEAF(register:000e:1:byte),LEAF(register:000e:1:byte)),INT_ADD(LEAF(register:000e:1:byte),CONST(0x1,1)),INT_ADD(LEAF(register:000e:1:byte),CONST(0x1,1))))))))),CONST(0xa,2))),INT_ZEXT(MULTIEQUAL(COPY(CONST(0x0,1)),INT_ADD(LEAF(register:000c:1:byte),CONST(0x1,1)))))))
025434	FUN_025434	021e66	LOAD	CAST(INT_ZEXT(INT_ADD(SUBPIECE(PTRSUB(CONST(0x0,3),CONST(0xec5a,3)),CONST(0x0,4)),INT_ZEXT(MULTIEQUAL(INT_ADD(LEAF(unique:10000021:1:byte),CONST(0x1,1)),LEAF(register:0008:1:byte),COPY(CONST(0x0,1)))))))
02544a	FUN_02544a	021e20	LOAD	CAST(INT_ZEXT(INT_ADD(SUBPIECE(PTRSUB(CONST(0x0,3),CONST(0xec26,3)),CONST(0x0,4)),INT_ZEXT(MULTIEQUAL(MULTIEQUAL(LEAF(register:000e:1:byte),LEAF(register:000e:1:byte),LEAF(register:000e:1:byte)),INT_ADD(LEAF(register:000e:1:byte),CONST(0x1,1)),INT_ADD(LEAF(register:000e:1:byte),CONST(0x1,1)))))))
02544a	FUN_02544a	021e34	LOAD	CAST(INT_ZEXT(INT_ADD(SUBPIECE(PTRSUB(CONST(0x0,3),CONST(0xea1a,3)),CONST(0x0,4)),INT_MULT(INT_ZEXT(LOAD(CONST(0x1f1,4),CAST(INT_ZEXT(INT_ADD(SUBPIECE(PTRSUB(CONST(0x0,3),CONST(0xec26,3)),CONST(0x0,4)),INT_ZEXT(MULTIEQUAL(MULTIEQUAL(LEAF(register:000e:1:byte),LEAF(register:000e:1:byte),LEAF(register:000e:1:byte)),INT_ADD(LEAF(register:000e:1:byte),CONST(0x1,1)),INT_ADD(LEAF(register:000e:1:byte),CONST(0x1,1))))))))),CONST(0xa,2)))))
02544a	FUN_02544a	021e40	LOAD	CAST(INT_ZEXT(INT_ADD(INT_MULT(INT_ZEXT(LOAD(CONST(0x1f1,4),CAST(INT_ZEXT(INT_ADD(SUBPIECE(PTRSUB(CONST(0x0,3),CONST(0xec26,3)),CONST(0x0,4)),INT_ZEXT(MULTIEQUAL(MULTIEQUAL(LEAF(register:000e:1:byte),LEAF(register:000e:1:byte),LEAF(register:000e:1:byte)),INT_ADD(LEAF(register:000e:1:byte),CONST(0x1,1)),INT_ADD(LEAF(register:000e:1:byte),CONST(0x1,1))))))))),CONST(0xa,2)),CONST(0xea1d,2))))
02544a	FUN_02544a	021e44	STORE	CAST(INT_ZEXT(INT_ADD(INT_MULT(INT_ZEXT(LOAD(CONST(0x1f1,4),CAST(INT_ZEXT(INT_ADD(SUBPIECE(PTRSUB(CONST(0x0,3),CONST(0xec26,3)),CONST(0x0,4)),INT_ZEXT(MULTIEQUAL(MULTIEQUAL(LEAF(register:000e:1:byte),LEAF(register:000e:1:byte),LEAF(register:000e:1:byte)),INT_ADD(LEAF(register:000e:1:byte),CONST(0x1,1)),INT_ADD(LEAF(register:000e:1:byte),CONST(0x1,1))))))))),CONST(0xa,2)),CONST(0xea1d,2))))
02544a	FUN_02544a	021e54	STORE	CAST(INT_ZEXT(INT_ADD(INT_ADD(SUBPIECE(PTRSUB(CONST(0x0,3),CONST(0xea1a,3)),CONST(0x0,4)),INT_MULT(INT_ZEXT(LOAD(CONST(0x1f1,4),CAST(INT_ZEXT(INT_ADD(SUBPIECE(PTRSUB(CONST(0x0,3),CONST(0xec26,3)),CONST(0x0,4)),INT_ZEXT(MULTIEQUAL(MULTIEQUAL(LEAF(register:000e:1:byte),LEAF(register:000e:1:byte),LEAF(register:000e:1:byte)),INT_ADD(LEAF(register:000e:1:byte),CONST(0x1,1)),INT_ADD(LEAF(register:000e:1:byte),CONST(0x1,1))))))))),CONST(0xa,2))),INT_ZEXT(MULTIEQUAL(COPY(CONST(0x0,1)),INT_ADD(LEAF(register:000c:1:byte),CONST(0x1,1)))))))
02544a	FUN_02544a	021e66	LOAD	CAST(INT_ZEXT(INT_ADD(SUBPIECE(PTRSUB(CONST(0x0,3),CONST(0xec5a,3)),CONST(0x0,4)),MULTIEQUAL(INT_ZEXT(CAST(INT_ADD(SUBPIECE(LEAF(register:000c:2:ushort),CONST(0x0,2)),CONST(0x1,1)))),MULTIEQUAL(INT_AND(INT_ZEXT(LEAF(00fadf:1:byte)),CONST(0x10,2)),INT_ZEXT(LEAF(00fae6:1:byte)),LEAF(register:0008:2:ushort)),COPY(CONST(0x0,2))))))
0254d4	FUN_0254d4	021e20	LOAD	CAST(INT_ZEXT(INT_ADD(SUBPIECE(PTRSUB(CONST(0x0,3),CONST(0xec26,3)),CONST(0x0,4)),INT_ZEXT(MULTIEQUAL(MULTIEQUAL(LEAF(register:000e:1:byte),LEAF(register:000e:1:byte),LEAF(register:000e:1:byte)),INT_ADD(LEAF(register:000e:1:byte),CONST(0x1,1)),INT_ADD(LEAF(register:000e:1:byte),CONST(0x1,1)))))))
0254d4	FUN_0254d4	021e34	LOAD	CAST(INT_ZEXT(INT_ADD(SUBPIECE(PTRSUB(CONST(0x0,3),CONST(0xea1a,3)),CONST(0x0,4)),INT_MULT(INT_ZEXT(LOAD(CONST(0x1f1,4),CAST(INT_ZEXT(INT_ADD(SUBPIECE(PTRSUB(CONST(0x0,3),CONST(0xec26,3)),CONST(0x0,4)),INT_ZEXT(MULTIEQUAL(MULTIEQUAL(LEAF(register:000e:1:byte),LEAF(register:000e:1:byte),LEAF(register:000e:1:byte)),INT_ADD(LEAF(register:000e:1:byte),CONST(0x1,1)),INT_ADD(LEAF(register:000e:1:byte),CONST(0x1,1))))))))),CONST(0xa,2)))))
0254d4	FUN_0254d4	021e40	LOAD	CAST(INT_ZEXT(INT_ADD(INT_MULT(INT_ZEXT(LOAD(CONST(0x1f1,4),CAST(INT_ZEXT(INT_ADD(SUBPIECE(PTRSUB(CONST(0x0,3),CONST(0xec26,3)),CONST(0x0,4)),INT_ZEXT(MULTIEQUAL(MULTIEQUAL(LEAF(register:000e:1:byte),LEAF(register:000e:1:byte),LEAF(register:000e:1:byte)),INT_ADD(LEAF(register:000e:1:byte),CONST(0x1,1)),INT_ADD(LEAF(register:000e:1:byte),CONST(0x1,1))))))))),CONST(0xa,2)),CONST(0xea1d,2))))
0254d4	FUN_0254d4	021e44	STORE	CAST(INT_ZEXT(INT_ADD(INT_MULT(INT_ZEXT(LOAD(CONST(0x1f1,4),CAST(INT_ZEXT(INT_ADD(SUBPIECE(PTRSUB(CONST(0x0,3),CONST(0xec26,3)),CONST(0x0,4)),INT_ZEXT(MULTIEQUAL(MULTIEQUAL(LEAF(register:000e:1:byte),LEAF(register:000e:1:byte),LEAF(register:000e:1:byte)),INT_ADD(LEAF(register:000e:1:byte),CONST(0x1,1)),INT_ADD(LEAF(register:000e:1:byte),CONST(0x1,1))))))))),CONST(0xa,2)),CONST(0xea1d,2))))
0254d4	FUN_0254d4	021e54	STORE	CAST(INT_ZEXT(INT_ADD(INT_ADD(SUBPIECE(PTRSUB(CONST(0x0,3),CONST(0xea1a,3)),CONST(0x0,4)),INT_MULT(INT_ZEXT(LOAD(CONST(0x1f1,4),CAST(INT_ZEXT(INT_ADD(SUBPIECE(PTRSUB(CONST(0x0,3),CONST(0xec26,3)),CONST(0x0,4)),INT_ZEXT(MULTIEQUAL(MULTIEQUAL(LEAF(register:000e:1:byte),LEAF(register:000e:1:byte),LEAF(register:000e:1:byte)),INT_ADD(LEAF(register:000e:1:byte),CONST(0x1,1)),INT_ADD(LEAF(register:000e:1:byte),CONST(0x1,1))))))))),CONST(0xa,2))),INT_ZEXT(MULTIEQUAL(COPY(CONST(0x0,1)),INT_ADD(LEAF(register:000c:1:byte),CONST(0x1,1)))))))
0254d4	FUN_0254d4	021e66	LOAD	CAST(INT_ZEXT(INT_ADD(SUBPIECE(PTRSUB(CONST(0x0,3),CONST(0xec5a,3)),CONST(0x0,4)),MULTIEQUAL(INT_ZEXT(CAST(INT_ADD(SUBPIECE(LEAF(register:000c:2:ushort),CONST(0x0,2)),CONST(0x1,1)))),MULTIEQUAL(INT_AND(INT_ZEXT(LEAF(00fadf:1:byte)),CONST(0x2,2)),INT_ZEXT(LEAF(00fae6:1:byte)),LEAF(register:0008:2:ushort)),COPY(CONST(0x0,2))))))
02555c	FUN_02555c	021e20	LOAD	CAST(INT_ZEXT(INT_ADD(SUBPIECE(PTRSUB(CONST(0x0,3),CONST(0xec26,3)),CONST(0x0,4)),INT_ZEXT(MULTIEQUAL(MULTIEQUAL(LEAF(register:000e:1:byte),LEAF(register:000e:1:byte),LEAF(register:000e:1:byte)),INT_ADD(LEAF(register:000e:1:byte),CONST(0x1,1)),INT_ADD(LEAF(register:000e:1:byte),CONST(0x1,1)))))))
02555c	FUN_02555c	021e34	LOAD	CAST(INT_ZEXT(INT_ADD(SUBPIECE(PTRSUB(CONST(0x0,3),CONST(0xea1a,3)),CONST(0x0,4)),INT_MULT(INT_ZEXT(LOAD(CONST(0x1f1,4),CAST(INT_ZEXT(INT_ADD(SUBPIECE(PTRSUB(CONST(0x0,3),CONST(0xec26,3)),CONST(0x0,4)),INT_ZEXT(MULTIEQUAL(MULTIEQUAL(LEAF(register:000e:1:byte),LEAF(register:000e:1:byte),LEAF(register:000e:1:byte)),INT_ADD(LEAF(register:000e:1:byte),CONST(0x1,1)),INT_ADD(LEAF(register:000e:1:byte),CONST(0x1,1))))))))),CONST(0xa,2)))))
02555c	FUN_02555c	021e40	LOAD	CAST(INT_ZEXT(INT_ADD(INT_MULT(INT_ZEXT(LOAD(CONST(0x1f1,4),CAST(INT_ZEXT(INT_ADD(SUBPIECE(PTRSUB(CONST(0x0,3),CONST(0xec26,3)),CONST(0x0,4)),INT_ZEXT(MULTIEQUAL(MULTIEQUAL(LEAF(register:000e:1:byte),LEAF(register:000e:1:byte),LEAF(register:000e:1:byte)),INT_ADD(LEAF(register:000e:1:byte),CONST(0x1,1)),INT_ADD(LEAF(register:000e:1:byte),CONST(0x1,1))))))))),CONST(0xa,2)),CONST(0xea1d,2))))
02555c	FUN_02555c	021e44	STORE	CAST(INT_ZEXT(INT_ADD(INT_MULT(INT_ZEXT(LOAD(CONST(0x1f1,4),CAST(INT_ZEXT(INT_ADD(SUBPIECE(PTRSUB(CONST(0x0,3),CONST(0xec26,3)),CONST(0x0,4)),INT_ZEXT(MULTIEQUAL(MULTIEQUAL(LEAF(register:000e:1:byte),LEAF(register:000e:1:byte),LEAF(register:000e:1:byte)),INT_ADD(LEAF(register:000e:1:byte),CONST(0x1,1)),INT_ADD(LEAF(register:000e:1:byte),CONST(0x1,1))))))))),CONST(0xa,2)),CONST(0xea1d,2))))
02555c	FUN_02555c	021e54	STORE	CAST(INT_ZEXT(INT_ADD(INT_ADD(SUBPIECE(PTRSUB(CONST(0x0,3),CONST(0xea1a,3)),CONST(0x0,4)),INT_MULT(INT_ZEXT(LOAD(CONST(0x1f1,4),CAST(INT_ZEXT(INT_ADD(SUBPIECE(PTRSUB(CONST(0x0,3),CONST(0xec26,3)),CONST(0x0,4)),INT_ZEXT(MULTIEQUAL(MULTIEQUAL(LEAF(register:000e:1:byte),LEAF(register:000e:1:byte),LEAF(register:000e:1:byte)),INT_ADD(LEAF(register:000e:1:byte),CONST(0x1,1)),INT_ADD(LEAF(register:000e:1:byte),CONST(0x1,1))))))))),CONST(0xa,2))),INT_ZEXT(MULTIEQUAL(COPY(CONST(0x0,1)),INT_ADD(LEAF(register:000c:1:byte),CONST(0x1,1)))))))
02555c	FUN_02555c	021e66	LOAD	CAST(INT_ZEXT(INT_ADD(SUBPIECE(PTRSUB(CONST(0x0,3),CONST(0xec5a,3)),CONST(0x0,4)),MULTIEQUAL(INT_ZEXT(CAST(INT_ADD(SUBPIECE(LEAF(register:000c:2:ushort),CONST(0x0,2)),CONST(0x1,1)))),INT_AND(INT_ZEXT(LEAF(00eba0:1:byte)),CONST(0x2,2)),COPY(CONST(0x0,2))))))
0256ea	FUN_0256ea	021e20	LOAD	CAST(INT_ZEXT(INT_ADD(SUBPIECE(PTRSUB(CONST(0x0,3),CONST(0xec26,3)),CONST(0x0,4)),INT_ZEXT(MULTIEQUAL(MULTIEQUAL(LEAF(register:000e:1:byte),LEAF(register:000e:1:byte),LEAF(register:000e:1:byte)),INT_ADD(LEAF(register:000e:1:byte),CONST(0x1,1)),INT_ADD(LEAF(register:000e:1:byte),CONST(0x1,1)))))))
0256ea	FUN_0256ea	021e34	LOAD	CAST(INT_ZEXT(INT_ADD(SUBPIECE(PTRSUB(CONST(0x0,3),CONST(0xea1a,3)),CONST(0x0,4)),INT_MULT(INT_ZEXT(LOAD(CONST(0x1f1,4),CAST(INT_ZEXT(INT_ADD(SUBPIECE(PTRSUB(CONST(0x0,3),CONST(0xec26,3)),CONST(0x0,4)),INT_ZEXT(MULTIEQUAL(MULTIEQUAL(LEAF(register:000e:1:byte),LEAF(register:000e:1:byte),LEAF(register:000e:1:byte)),INT_ADD(LEAF(register:000e:1:byte),CONST(0x1,1)),INT_ADD(LEAF(register:000e:1:byte),CONST(0x1,1))))))))),CONST(0xa,2)))))
0256ea	FUN_0256ea	021e40	LOAD	CAST(INT_ZEXT(INT_ADD(INT_MULT(INT_ZEXT(LOAD(CONST(0x1f1,4),CAST(INT_ZEXT(INT_ADD(SUBPIECE(PTRSUB(CONST(0x0,3),CONST(0xec26,3)),CONST(0x0,4)),INT_ZEXT(MULTIEQUAL(MULTIEQUAL(LEAF(register:000e:1:byte),LEAF(register:000e:1:byte),LEAF(register:000e:1:byte)),INT_ADD(LEAF(register:000e:1:byte),CONST(0x1,1)),INT_ADD(LEAF(register:000e:1:byte),CONST(0x1,1))))))))),CONST(0xa,2)),CONST(0xea1d,2))))
0256ea	FUN_0256ea	021e44	STORE	CAST(INT_ZEXT(INT_ADD(INT_MULT(INT_ZEXT(LOAD(CONST(0x1f1,4),CAST(INT_ZEXT(INT_ADD(SUBPIECE(PTRSUB(CONST(0x0,3),CONST(0xec26,3)),CONST(0x0,4)),INT_ZEXT(MULTIEQUAL(MULTIEQUAL(LEAF(register:000e:1:byte),LEAF(register:000e:1:byte),LEAF(register:000e:1:byte)),INT_ADD(LEAF(register:000e:1:byte),CONST(0x1,1)),INT_ADD(LEAF(register:000e:1:byte),CONST(0x1,1))))))))),CONST(0xa,2)),CONST(0xea1d,2))))
0256ea	FUN_0256ea	021e54	STORE	CAST(INT_ZEXT(INT_ADD(INT_ADD(SUBPIECE(PTRSUB(CONST(0x0,3),CONST(0xea1a,3)),CONST(0x0,4)),INT_MULT(INT_ZEXT(LOAD(CONST(0x1f1,4),CAST(INT_ZEXT(INT_ADD(SUBPIECE(PTRSUB(CONST(0x0,3),CONST(0xec26,3)),CONST(0x0,4)),INT_ZEXT(MULTIEQUAL(MULTIEQUAL(LEAF(register:000e:1:byte),LEAF(register:000e:1:byte),LEAF(register:000e:1:byte)),INT_ADD(LEAF(register:000e:1:byte),CONST(0x1,1)),INT_ADD(LEAF(register:000e:1:byte),CONST(0x1,1))))))))),CONST(0xa,2))),INT_ZEXT(MULTIEQUAL(COPY(CONST(0x0,1)),INT_ADD(LEAF(register:000c:1:byte),CONST(0x1,1)))))))
0256ea	FUN_0256ea	021e66	LOAD	CAST(INT_ZEXT(INT_ADD(SUBPIECE(PTRSUB(CONST(0x0,3),CONST(0xec5a,3)),CONST(0x0,4)),MULTIEQUAL(INT_ZEXT(CAST(INT_ADD(SUBPIECE(LEAF(register:000c:2:ushort),CONST(0x0,2)),CONST(0x1,1)))),MULTIEQUAL(INT_AND(INT_ZEXT(LEAF(00fadf:1:byte)),CONST(0x1,2)),INT_ZEXT(LEAF(00fae6:1:byte)),LEAF(register:0008:2:ushort)),COPY(CONST(0x0,2))))))
025772	FUN_025772	021e20	LOAD	CAST(INT_ZEXT(INT_ADD(SUBPIECE(PTRSUB(CONST(0x0,3),CONST(0xec26,3)),CONST(0x0,4)),INT_ZEXT(MULTIEQUAL(MULTIEQUAL(LEAF(register:000e:1:byte),LEAF(register:000e:1:byte),LEAF(register:000e:1:byte)),INT_ADD(LEAF(register:000e:1:byte),CONST(0x1,1)),INT_ADD(LEAF(register:000e:1:byte),CONST(0x1,1)))))))
025772	FUN_025772	021e34	LOAD	CAST(INT_ZEXT(INT_ADD(SUBPIECE(PTRSUB(CONST(0x0,3),CONST(0xea1a,3)),CONST(0x0,4)),INT_MULT(INT_ZEXT(LOAD(CONST(0x1f1,4),CAST(INT_ZEXT(INT_ADD(SUBPIECE(PTRSUB(CONST(0x0,3),CONST(0xec26,3)),CONST(0x0,4)),INT_ZEXT(MULTIEQUAL(MULTIEQUAL(LEAF(register:000e:1:byte),LEAF(register:000e:1:byte),LEAF(register:000e:1:byte)),INT_ADD(LEAF(register:000e:1:byte),CONST(0x1,1)),INT_ADD(LEAF(register:000e:1:byte),CONST(0x1,1))))))))),CONST(0xa,2)))))
025772	FUN_025772	021e40	LOAD	CAST(INT_ZEXT(INT_ADD(INT_MULT(INT_ZEXT(LOAD(CONST(0x1f1,4),CAST(INT_ZEXT(INT_ADD(SUBPIECE(PTRSUB(CONST(0x0,3),CONST(0xec26,3)),CONST(0x0,4)),INT_ZEXT(MULTIEQUAL(MULTIEQUAL(LEAF(register:000e:1:byte),LEAF(register:000e:1:byte),LEAF(register:000e:1:byte)),INT_ADD(LEAF(register:000e:1:byte),CONST(0x1,1)),INT_ADD(LEAF(register:000e:1:byte),CONST(0x1,1))))))))),CONST(0xa,2)),CONST(0xea1d,2))))
025772	FUN_025772	021e44	STORE	CAST(INT_ZEXT(INT_ADD(INT_MULT(INT_ZEXT(LOAD(CONST(0x1f1,4),CAST(INT_ZEXT(INT_ADD(SUBPIECE(PTRSUB(CONST(0x0,3),CONST(0xec26,3)),CONST(0x0,4)),INT_ZEXT(MULTIEQUAL(MULTIEQUAL(LEAF(register:000e:1:byte),LEAF(register:000e:1:byte),LEAF(register:000e:1:byte)),INT_ADD(LEAF(register:000e:1:byte),CONST(0x1,1)),INT_ADD(LEAF(register:000e:1:byte),CONST(0x1,1))))))))),CONST(0xa,2)),CONST(0xea1d,2))))
025772	FUN_025772	021e54	STORE	CAST(INT_ZEXT(INT_ADD(INT_ADD(SUBPIECE(PTRSUB(CONST(0x0,3),CONST(0xea1a,3)),CONST(0x0,4)),INT_MULT(INT_ZEXT(LOAD(CONST(0x1f1,4),CAST(INT_ZEXT(INT_ADD(SUBPIECE(PTRSUB(CONST(0x0,3),CONST(0xec26,3)),CONST(0x0,4)),INT_ZEXT(MULTIEQUAL(MULTIEQUAL(LEAF(register:000e:1:byte),LEAF(register:000e:1:byte),LEAF(register:000e:1:byte)),INT_ADD(LEAF(register:000e:1:byte),CONST(0x1,1)),INT_ADD(LEAF(register:000e:1:byte),CONST(0x1,1))))))))),CONST(0xa,2))),INT_ZEXT(MULTIEQUAL(COPY(CONST(0x0,1)),INT_ADD(LEAF(register:000c:1:byte),CONST(0x1,1)))))))
025772	FUN_025772	021e66	LOAD	CAST(INT_ZEXT(INT_ADD(SUBPIECE(PTRSUB(CONST(0x0,3),CONST(0xec5a,3)),CONST(0x0,4)),MULTIEQUAL(INT_ZEXT(CAST(INT_ADD(SUBPIECE(LEAF(register:000c:2:ushort),CONST(0x0,2)),CONST(0x1,1)))),MULTIEQUAL(INT_AND(INT_ZEXT(LEAF(00fadf:1:byte)),CONST(0x4,2)),INT_ZEXT(LEAF(00fae6:1:byte)),LEAF(register:0008:2:ushort)),COPY(CONST(0x0,2))))))
025900	FUN_025900	021e20	LOAD	CAST(INT_ZEXT(INT_ADD(SUBPIECE(PTRSUB(CONST(0x0,3),CONST(0xec26,3)),CONST(0x0,4)),INT_ZEXT(MULTIEQUAL(MULTIEQUAL(LEAF(register:000e:1:byte),LEAF(register:000e:1:byte),LEAF(register:000e:1:byte)),INT_ADD(LEAF(register:000e:1:byte),CONST(0x1,1)),INT_ADD(LEAF(register:000e:1:byte),CONST(0x1,1)))))))
025900	FUN_025900	021e34	LOAD	CAST(INT_ZEXT(INT_ADD(SUBPIECE(PTRSUB(CONST(0x0,3),CONST(0xea1a,3)),CONST(0x0,4)),INT_MULT(INT_ZEXT(LOAD(CONST(0x1f1,4),CAST(INT_ZEXT(INT_ADD(SUBPIECE(PTRSUB(CONST(0x0,3),CONST(0xec26,3)),CONST(0x0,4)),INT_ZEXT(MULTIEQUAL(MULTIEQUAL(LEAF(register:000e:1:byte),LEAF(register:000e:1:byte),LEAF(register:000e:1:byte)),INT_ADD(LEAF(register:000e:1:byte),CONST(0x1,1)),INT_ADD(LEAF(register:000e:1:byte),CONST(0x1,1))))))))),CONST(0xa,2)))))
025900	FUN_025900	021e40	LOAD	CAST(INT_ZEXT(INT_ADD(INT_MULT(INT_ZEXT(LOAD(CONST(0x1f1,4),CAST(INT_ZEXT(INT_ADD(SUBPIECE(PTRSUB(CONST(0x0,3),CONST(0xec26,3)),CONST(0x0,4)),INT_ZEXT(MULTIEQUAL(MULTIEQUAL(LEAF(register:000e:1:byte),LEAF(register:000e:1:byte),LEAF(register:000e:1:byte)),INT_ADD(LEAF(register:000e:1:byte),CONST(0x1,1)),INT_ADD(LEAF(register:000e:1:byte),CONST(0x1,1))))))))),CONST(0xa,2)),CONST(0xea1d,2))))
025900	FUN_025900	021e44	STORE	CAST(INT_ZEXT(INT_ADD(INT_MULT(INT_ZEXT(LOAD(CONST(0x1f1,4),CAST(INT_ZEXT(INT_ADD(SUBPIECE(PTRSUB(CONST(0x0,3),CONST(0xec26,3)),CONST(0x0,4)),INT_ZEXT(MULTIEQUAL(MULTIEQUAL(LEAF(register:000e:1:byte),LEAF(register:000e:1:byte),LEAF(register:000e:1:byte)),INT_ADD(LEAF(register:000e:1:byte),CONST(0x1,1)),INT_ADD(LEAF(register:000e:1:byte),CONST(0x1,1))))))))),CONST(0xa,2)),CONST(0xea1d,2))))
025900	FUN_025900	021e54	STORE	CAST(INT_ZEXT(INT_ADD(INT_ADD(SUBPIECE(PTRSUB(CONST(0x0,3),CONST(0xea1a,3)),CONST(0x0,4)),INT_MULT(INT_ZEXT(LOAD(CONST(0x1f1,4),CAST(INT_ZEXT(INT_ADD(SUBPIECE(PTRSUB(CONST(0x0,3),CONST(0xec26,3)),CONST(0x0,4)),INT_ZEXT(MULTIEQUAL(MULTIEQUAL(LEAF(register:000e:1:byte),LEAF(register:000e:1:byte),LEAF(register:000e:1:byte)),INT_ADD(LEAF(register:000e:1:byte),CONST(0x1,1)),INT_ADD(LEAF(register:000e:1:byte),CONST(0x1,1))))))))),CONST(0xa,2))),INT_ZEXT(MULTIEQUAL(COPY(CONST(0x0,1)),INT_ADD(LEAF(register:000c:1:byte),CONST(0x1,1)))))))
025900	FUN_025900	021e66	LOAD	CAST(INT_ZEXT(INT_ADD(SUBPIECE(PTRSUB(CONST(0x0,3),CONST(0xec5a,3)),CONST(0x0,4)),MULTIEQUAL(INT_ZEXT(CAST(INT_ADD(SUBPIECE(LEAF(register:000c:2:ushort),CONST(0x0,2)),CONST(0x1,1)))),MULTIEQUAL(INT_AND(INT_ZEXT(LEAF(00fadf:1:byte)),CONST(0x8,2)),INT_ZEXT(LEAF(00fae6:1:byte)),LEAF(register:0008:2:ushort)),COPY(CONST(0x0,2))))))
02598a	FUN_02598a	021e20	LOAD	CAST(INT_ZEXT(INT_ADD(SUBPIECE(PTRSUB(CONST(0x0,3),CONST(0xec26,3)),CONST(0x0,4)),INT_ZEXT(MULTIEQUAL(MULTIEQUAL(LEAF(register:000e:1:byte),LEAF(register:000e:1:byte),LEAF(register:000e:1:byte)),INT_ADD(LEAF(register:000e:1:byte),CONST(0x1,1)),INT_ADD(LEAF(register:000e:1:byte),CONST(0x1,1)))))))
02598a	FUN_02598a	021e34	LOAD	CAST(INT_ZEXT(INT_ADD(SUBPIECE(PTRSUB(CONST(0x0,3),CONST(0xea1a,3)),CONST(0x0,4)),INT_MULT(INT_ZEXT(LOAD(CONST(0x1f1,4),CAST(INT_ZEXT(INT_ADD(SUBPIECE(PTRSUB(CONST(0x0,3),CONST(0xec26,3)),CONST(0x0,4)),INT_ZEXT(MULTIEQUAL(MULTIEQUAL(LEAF(register:000e:1:byte),LEAF(register:000e:1:byte),LEAF(register:000e:1:byte)),INT_ADD(LEAF(register:000e:1:byte),CONST(0x1,1)),INT_ADD(LEAF(register:000e:1:byte),CONST(0x1,1))))))))),CONST(0xa,2)))))
02598a	FUN_02598a	021e40	LOAD	CAST(INT_ZEXT(INT_ADD(INT_MULT(INT_ZEXT(LOAD(CONST(0x1f1,4),CAST(INT_ZEXT(INT_ADD(SUBPIECE(PTRSUB(CONST(0x0,3),CONST(0xec26,3)),CONST(0x0,4)),INT_ZEXT(MULTIEQUAL(MULTIEQUAL(LEAF(register:000e:1:byte),LEAF(register:000e:1:byte),LEAF(register:000e:1:byte)),INT_ADD(LEAF(register:000e:1:byte),CONST(0x1,1)),INT_ADD(LEAF(register:000e:1:byte),CONST(0x1,1))))))))),CONST(0xa,2)),CONST(0xea1d,2))))
02598a	FUN_02598a	021e44	STORE	CAST(INT_ZEXT(INT_ADD(INT_MULT(INT_ZEXT(LOAD(CONST(0x1f1,4),CAST(INT_ZEXT(INT_ADD(SUBPIECE(PTRSUB(CONST(0x0,3),CONST(0xec26,3)),CONST(0x0,4)),INT_ZEXT(MULTIEQUAL(MULTIEQUAL(LEAF(register:000e:1:byte),LEAF(register:000e:1:byte),LEAF(register:000e:1:byte)),INT_ADD(LEAF(register:000e:1:byte),CONST(0x1,1)),INT_ADD(LEAF(register:000e:1:byte),CONST(0x1,1))))))))),CONST(0xa,2)),CONST(0xea1d,2))))
02598a	FUN_02598a	021e54	STORE	CAST(INT_ZEXT(INT_ADD(INT_ADD(SUBPIECE(PTRSUB(CONST(0x0,3),CONST(0xea1a,3)),CONST(0x0,4)),INT_MULT(INT_ZEXT(LOAD(CONST(0x1f1,4),CAST(INT_ZEXT(INT_ADD(SUBPIECE(PTRSUB(CONST(0x0,3),CONST(0xec26,3)),CONST(0x0,4)),INT_ZEXT(MULTIEQUAL(MULTIEQUAL(LEAF(register:000e:1:byte),LEAF(register:000e:1:byte),LEAF(register:000e:1:byte)),INT_ADD(LEAF(register:000e:1:byte),CONST(0x1,1)),INT_ADD(LEAF(register:000e:1:byte),CONST(0x1,1))))))))),CONST(0xa,2))),INT_ZEXT(MULTIEQUAL(COPY(CONST(0x0,1)),INT_ADD(LEAF(register:000c:1:byte),CONST(0x1,1)))))))
02598a	FUN_02598a	021e66	LOAD	CAST(INT_ZEXT(INT_ADD(SUBPIECE(PTRSUB(CONST(0x0,3),CONST(0xec5a,3)),CONST(0x0,4)),MULTIEQUAL(INT_ZEXT(CAST(INT_ADD(SUBPIECE(LEAF(register:000c:2:ushort),CONST(0x0,2)),CONST(0x1,1)))),MULTIEQUAL(INT_AND(INT_ZEXT(LEAF(00fadf:1:byte)),CONST(0x20,2)),INT_ZEXT(LEAF(00fae6:1:byte)),LEAF(register:0008:2:ushort)),COPY(CONST(0x0,2))))))
025a14	FUN_025a14	021b04	STORE	CAST(INT_ZEXT(INT_ADD(LEAF(register:0018:2:short),CONST(0x1,2))))
025ba6	FUN_025ba6	021ca6	LOAD	CAST(INT_ZEXT(INT_ADD(LEAF(register:0018:2:ushort),CONST(0x1,2))))
025ba6	FUN_025ba6	021cca	STORE	CAST(INT_ZEXT(LEAF(register:0018:2:ushort)))
025ba6	FUN_025ba6	021cce	STORE	CAST(INT_ZEXT(INT_ADD(LEAF(register:0018:2:ushort),CONST(0x1,2))))
025ba6	FUN_025ba6	021ce8	LOAD	CAST(INT_ZEXT(LEAF(register:0018:2:ushort)))
025ba6	FUN_025ba6	021cfa	STORE	CAST(INT_ZEXT(INT_ADD(SUBPIECE(PTRSUB(CONST(0x0,3),CONST(0xec5a,3)),CONST(0x0,4)),INT_ZEXT(LEAF(00ea19:1:byte)))))
025ba6	FUN_025ba6	021d04	LOAD	CAST(INT_ZEXT(INT_ADD(LEAF(register:001a:2:short),CONST(0x8,2))))
025ba6	FUN_025ba6	021d08	LOAD	CAST(INT_ZEXT(LOAD(CONST(0x1f1,4),CAST(INT_ZEXT(INT_ADD(LEAF(register:001a:2:short),CONST(0x8,2)))))))
025ba6	FUN_025ba6	021d0a	STORE	CAST(INT_ZEXT(INT_ADD(LEAF(register:0018:2:ushort),CONST(0x4,2))))
025ba6	FUN_025ba6	021d0e	LOAD	CAST(INT_ZEXT(INT_ADD(LEAF(register:001a:2:short),CONST(0xa,2))))
025ba6	FUN_025ba6	021d12	LOAD	CAST(INT_ZEXT(LOAD(CONST(0x1f1,4),CAST(INT_ZEXT(INT_ADD(LEAF(register:001a:2:short),CONST(0xa,2)))))))
025ba6	FUN_025ba6	021d14	STORE	CAST(INT_ZEXT(INT_ADD(LEAF(register:0018:2:ushort),CONST(0x5,2))))
025ba6	FUN_025ba6	021d18	LOAD	CAST(INT_ZEXT(INT_ADD(LEAF(register:001a:2:short),CONST(0xc,2))))
025ba6	FUN_025ba6	021d1c	LOAD	CAST(INT_ZEXT(LOAD(CONST(0x1f1,4),CAST(INT_ZEXT(INT_ADD(LEAF(register:001a:2:short),CONST(0xc,2)))))))
025ba6	FUN_025ba6	021d1e	STORE	CAST(INT_ZEXT(INT_ADD(LEAF(register:0018:2:ushort),CONST(0x6,2))))
025ba6	FUN_025ba6	021d22	LOAD	CAST(INT_ZEXT(INT_ADD(LEAF(register:001a:2:short),CONST(0xe,2))))
025ba6	FUN_025ba6	021d26	LOAD	CAST(INT_ZEXT(LOAD(CONST(0x1f1,4),CAST(INT_ZEXT(INT_ADD(LEAF(register:001a:2:short),CONST(0xe,2)))))))
025ba6	FUN_025ba6	021d28	STORE	CAST(INT_ZEXT(INT_ADD(LEAF(register:0018:2:ushort),CONST(0x7,2))))
025ba6	FUN_025ba6	021d30	LOAD	CAST(INT_ZEXT(INT_ADD(LEAF(register:001a:2:short),CONST(0x1,2))))
025ba6	FUN_025ba6	021d44	STORE	CAST(INT_ZEXT(LEAF(register:0018:2:ushort)))
025ba6	FUN_025ba6	021d4a	STORE	CAST(INT_ZEXT(INT_ADD(LEAF(register:0018:2:ushort),CONST(0x9,2))))
025ba6	FUN_025ba6	021d52	STORE	CAST(INT_ZEXT(INT_ADD(LEAF(register:0018:2:ushort),CONST(0x8,2))))
025ba6	FUN_025ba6	021d7c	STORE	CAST(INT_ZEXT(INT_ADD(SUBPIECE(PTRSUB(CONST(0x0,3),CONST(0xec26,3)),CONST(0x0,4)),INT_ZEXT(MULTIEQUAL(INDIRECT(INDIRECT(INDIRECT(INDIRECT(INDIRECT(INDIRECT(INDIRECT(INDIRECT(LEAF(00ea18:1:byte),CONST(0xdfd,4)),CONST(0xe92,4)),CONST(0xee3,4)),CONST(0xf34,4)),CONST(0xf85,4)),CONST(0x1069,4)),CONST(0x109f,4)),CONST(0x10d5,4)),LEAF(00ea18:1:byte),LEAF(00ea18:1:byte),LEAF(00ea18:1:byte))))))
025ba6	FUN_025ba6	021d8e	STORE	CAST(INT_ZEXT(INT_ADD(LEAF(register:0018:2:ushort),CONST(0x3,2))))
025ba6	FUN_025ba6	021d92	LOAD	CAST(INT_ZEXT(INT_ADD(LEAF(register:0018:2:ushort),CONST(0x2,2))))
025ba6	FUN_025ba6	021da0	LOAD	CAST(INT_ZEXT(INT_ADD(LEAF(register:0018:2:ushort),CONST(0x2,2))))
025ba6	FUN_025ba6	021da4	STORE	CAST(INT_ZEXT(INT_ADD(LEAF(register:0018:2:ushort),CONST(0x2,2))))
025ba6	FUN_025ba6	021dbe	STORE	CAST(INT_ZEXT(LEAF(register:0018:2:ushort)))
025ba6	FUN_025ba6	021dc2	STORE	CAST(INT_ZEXT(INT_ADD(LEAF(register:0018:2:ushort),CONST(0x1,2))))
0265ea	FUN_0265ea	0265f8	LOAD	CAST(INT_ZEXT(INT_ADD(LEAF(register:0010:2:short),CONST(0x1,2))))
0265ea	FUN_0265ea	02660e	LOAD	CAST(INT_ZEXT(INT_ADD(LEAF(register:0010:2:short),CONST(0x2,2))))
026604	FUN_026604	02660e	LOAD	CAST(INT_ZEXT(INT_ADD(LEAF(register:0010:2:short),CONST(0x1,2))))
02664a	FUN_02664a	026654	LOAD	CAST(INT_ZEXT(INT_ADD(LEAF(register:0010:2:short),CONST(0x1,2))))
02664a	FUN_02664a	02666a	LOAD	CAST(INT_ZEXT(INT_ADD(LEAF(register:0010:2:short),CONST(0x2,2))))
02664a	FUN_02664a	026680	LOAD	CAST(INT_ZEXT(INT_ADD(LEAF(register:0010:2:short),CONST(0x3,2))))
02664a	FUN_02664a	026696	LOAD	CAST(INT_ZEXT(INT_ADD(LEAF(register:0010:2:short),CONST(0x4,2))))
02664a	FUN_02664a	0266ac	LOAD	CAST(INT_ZEXT(INT_ADD(LEAF(register:0010:2:short),CONST(0x5,2))))
02668e	FUN_02668e	026696	LOAD	CAST(INT_ZEXT(LEAF(register:0010:2:ushort)))
02668e	FUN_02668e	0266ac	LOAD	CAST(INT_ZEXT(INT_ADD(LEAF(register:0010:2:ushort),CONST(0x1,2))))
026c68	FUN_026c68	0230f0	LOAD	CAST(INT_ZEXT(INT_ADD(INT_MULT(LEAF(register:000c:2:ushort),CONST(0x2,2)),CONST(0xe9a8,2))))
026c68	FUN_026c68	02310a	STORE	CAST(INT_ZEXT(INT_ADD(INT_MULT(MULTIEQUAL(COPY(LEAF(register:000c:2:ushort)),LEAF(register:000a:2:ushort)),CONST(0x2,2)),CONST(0xe9a8,2))))
026c68	FUN_026c68	023112	LOAD	CAST(INT_ZEXT(INT_ADD(SUBPIECE(PTRSUB(CONST(0x0,3),CONST(0xe9a9,3)),CONST(0x0,4)),INT_MULT(LEAF(register:000c:2:ushort),CONST(0x2,2)))))
026c68	FUN_026c68	023126	STORE	CAST(INT_ZEXT(INT_ADD(INT_MULT(LEAF(register:000c:2:ushort),CONST(0x2,2)),CONST(0xe9a8,2))))
026c68	FUN_026c68	023132	LOAD	CAST(INT_ZEXT(INT_ADD(SUBPIECE(PTRSUB(CONST(0x0,3),CONST(0xe9a9,3)),CONST(0x0,4)),INT_MULT(LEAF(register:000c:2:ushort),CONST(0x2,2)))))
026c68	FUN_026c68	023144	STORE	CAST(INT_ZEXT(INT_ADD(INT_MULT(LEAF(register:000c:2:ushort),CONST(0x2,2)),CONST(0xe9a8,2))))
026c68	FUN_026c68	02316c	LOAD	CAST(INT_ZEXT(INT_ADD(INT_MULT(LEAF(register:000c:2:ushort),CONST(0x2,2)),CONST(0xa91c,2))))
026c68	FUN_026c68	02317a	LOAD	CAST(INT_ZEXT(INT_ADD(INT_MULT(LEAF(register:000c:2:ushort),CONST(0x2,2)),CONST(0xa928,2))))
026c68	FUN_026c68	023188	LOAD	CAST(INT_ZEXT(INT_ADD(INT_MULT(LEAF(register:000c:2:ushort),CONST(0x2,2)),CONST(0xa928,2))))
026c68	FUN_026c68	0231d0	LOAD	CAST(INT_ZEXT(INT_ADD(INT_MULT(LEAF(register:000c:2:ushort),CONST(0x2,2)),CONST(0xe9c0,2))))
026c68	FUN_026c68	0231e6	LOAD	CAST(INT_ZEXT(INT_ADD(INT_ADD(SUBPIECE(PTRSUB(CONST(0x0,3),CONST(0xd840,3)),CONST(0x0,4)),INT_MULT(LEAF(register:000c:2:ushort),CONST(0x40,2))),INT_ZEXT(MULTIEQUAL(MULTIEQUAL(INDIRECT(INDIRECT(MULTIEQUAL(INDIRECT(MULTIEQUAL(MULTIEQUAL(MULTIEQUAL(MULTIEQUAL(MULTIEQUAL(INDIRECT(LEAF(00e9b9:1:byte),CONST(0x1143,4)),LEAF(00e9b9:1:byte)),LEAF(00e9b9:1:byte)),INDIRECT(MULTIEQUAL(LEAF(00e9b9:1:byte),LEAF(00e9b9:1:byte),LEAF(00e9b9:1:byte)),CONST(0x3ed8,4)),INDIRECT(LEAF(00e9b9:1:byte),CONST(0x3f83,4)),LEAF(00e9b9:1:byte)),MULTIEQUAL(LEAF(00e9b9:1:byte),LEAF(00e9b9:1:byte)),LEAF(00e9b9:1:byte)),LEAF(00e9b9:1:byte)),CONST(0x1308,4)),LEAF(00e9b9:1:byte)),CONST(0x1353,4)),CONST(0x3d1a,4)),LEAF(00e9b9:1:byte)),INDIRECT(LEAF(00e9b9:1:byte),CONST(0x3af2,4)),LEAF(00e9b9:1:byte))))))
026c68	FUN_026c68	0231f0	STORE	CAST(INT_ZEXT(INT_ADD(SUBPIECE(PTRSUB(CONST(0x0,3),CONST(0xe9ba,3)),CONST(0x0,4)),LEAF(register:000c:2:ushort))))
026c68	FUN_026c68	023202	LOAD	CAST(INT_ZEXT(INT_ADD(SUBPIECE(PTRSUB(CONST(0x0,3),CONST(0xe9a9,3)),CONST(0x0,4)),INT_MULT(LEAF(register:000c:2:ushort),CONST(0x2,2)))))
026c68	FUN_026c68	023210	LOAD	CAST(INT_ZEXT(INT_ADD(SUBPIECE(PTRSUB(CONST(0x0,3),CONST(0xe9a9,3)),CONST(0x0,4)),INT_MULT(LEAF(register:000c:2:ushort),CONST(0x2,2)))))
026c68	FUN_026c68	023248	LOAD	CAST(INT_ZEXT(INT_ADD(SUBPIECE(PTRSUB(CONST(0x0,3),CONST(0xfb20,3)),CONST(0x0,4)),LEAF(register:000c:2:ushort))))
026c68	FUN_026c68	023258	LOAD	CAST(INT_ZEXT(INT_ADD(INT_MULT(LEAF(register:000c:2:ushort),CONST(0x2,2)),CONST(0xa904,2))))
026c68	FUN_026c68	023264	LOAD	CAST(INT_ZEXT(INT_ADD(SUBPIECE(PTRSUB(CONST(0x0,3),CONST(0xfb20,3)),CONST(0x0,4)),LEAF(register:000c:2:ushort))))
026c68	FUN_026c68	0232c4	LOAD	CAST(INT_ZEXT(INT_ADD(INT_MULT(LEAF(register:000c:2:ushort),CONST(0x2,2)),CONST(0xa910,2))))
026c68	FUN_026c68	0233ae	LOAD	CAST(INT_ZEXT(INT_ADD(SUBPIECE(PTRSUB(CONST(0x0,3),CONST(0xe9ba,3)),CONST(0x0,4)),LEAF(register:000c:2:ushort))))
026c68	FUN_026c68	0233b6	STORE	CAST(INT_ZEXT(INT_ADD(INT_ADD(SUBPIECE(PTRSUB(CONST(0x0,3),CONST(0xd840,3)),CONST(0x0,4)),INT_MULT(LEAF(register:000c:2:ushort),CONST(0x40,2))),INT_ZEXT(LOAD(CONST(0x1f1,4),CAST(INT_ZEXT(INT_ADD(SUBPIECE(PTRSUB(CONST(0x0,3),CONST(0xe9ba,3)),CONST(0x0,4)),LEAF(register:000c:2:ushort)))))))))
026c68	FUN_026c68	0233b8	LOAD	CAST(INT_ZEXT(INT_ADD(SUBPIECE(PTRSUB(CONST(0x0,3),CONST(0xe9ba,3)),CONST(0x0,4)),LEAF(register:000c:2:ushort))))
026c68	FUN_026c68	0233de	LOAD	CAST(INT_ZEXT(INT_ADD(INT_ADD(SUBPIECE(PTRSUB(CONST(0x0,3),CONST(0xd840,3)),CONST(0x0,4)),INT_MULT(LEAF(register:000c:2:ushort),CONST(0x40,2))),INT_ZEXT(MULTIEQUAL(MULTIEQUAL(INDIRECT(MULTIEQUAL(INDIRECT(MULTIEQUAL(INDIRECT(INDIRECT(INDIRECT(MULTIEQUAL(INDIRECT(MULTIEQUAL(LEAF(00e9b9:1:byte),LEAF(00e9b9:1:byte),LEAF(00e9b9:1:byte)),CONST(0x17d6,4)),LEAF(00e9b9:1:byte)),CONST(0x1901,4)),CONST(0x1944,4)),CONST(0x3270,4)),LEAF(00e9b9:1:byte),LEAF(00e9b9:1:byte),LEAF(00e9b9:1:byte)),CONST(0x1b09,4)),INDIRECT(MULTIEQUAL(INDIRECT(LEAF(00e9b9:1:byte),CONST(0x3507,4)),INDIRECT(LEAF(00e9b9:1:byte),CONST(0x3645,4))),CONST(0x35a5,4))),CONST(0x2e3d,4)),LEAF(00e9b9:1:byte),LEAF(00e9b9:1:byte),LEAF(00e9b9:1:byte),LEAF(00e9b9:1:byte),LEAF(00e9b9:1:byte),LEAF(00e9b9:1:byte),LEAF(00e9b9:1:byte),LEAF(00e9b9:1:byte),LEAF(00e9b9:1:byte),LEAF(00e9b9:1:byte)),INDIRECT(LEAF(00e9b9:1:byte),CONST(0x2ffc,4)))))))
026c68	FUN_026c68	0234a0	STORE	CAST(INT_ZEXT(INT_ADD(INT_ADD(SUBPIECE(PTRSUB(CONST(0x0,3),CONST(0xd840,3)),CONST(0x0,4)),INT_MULT(LEAF(register:000c:2:ushort),CONST(0x40,2))),INT_ZEXT(INDIRECT(INDIRECT(MULTIEQUAL(MULTIEQUAL(INDIRECT(MULTIEQUAL(INDIRECT(MULTIEQUAL(INDIRECT(INDIRECT(INDIRECT(MULTIEQUAL(LEAF(00e9b9:1:byte),LEAF(00e9b9:1:byte)),CONST(0x1901,4)),CONST(0x1944,4)),CONST(0x3270,4)),LEAF(00e9b9:1:byte),LEAF(00e9b9:1:byte),LEAF(00e9b9:1:byte)),CONST(0x1b09,4)),INDIRECT(MULTIEQUAL(INDIRECT(LEAF(00e9b9:1:byte),CONST(0x3507,4)),INDIRECT(LEAF(00e9b9:1:byte),CONST(0x3645,4))),CONST(0x35a5,4))),CONST(0x2e3d,4)),LEAF(00e9b9:1:byte),LEAF(00e9b9:1:byte),LEAF(00e9b9:1:byte),LEAF(00e9b9:1:byte),LEAF(00e9b9:1:byte),LEAF(00e9b9:1:byte),LEAF(00e9b9:1:byte),LEAF(00e9b9:1:byte),LEAF(00e9b9:1:byte),LEAF(00e9b9:1:byte)),INDIRECT(LEAF(00e9b9:1:byte),CONST(0x2ffc,4))),CONST(0x203f,4)),CONST(0x2711,4))))))
026c68	FUN_026c68	023528	STORE	CAST(INT_ZEXT(INT_ADD(SUBPIECE(PTRSUB(CONST(0x0,3),CONST(0xe9ba,3)),CONST(0x0,4)),LEAF(register:000c:2:ushort))))
026c68	FUN_026c68	026cd6	LOAD	CAST(INT_ZEXT(MULTIEQUAL(SUBPIECE(PTRSUB(CONST(0x0,3),CONST(0xedff,3)),CONST(0x0,4)),INT_ADD(LEAF(register:000c:2:ushort),CONST(0x5,2)))))
026c68	FUN_026c68	026d06	LOAD	CAST(INT_ZEXT(INT_ADD(MULTIEQUAL(SUBPIECE(PTRSUB(CONST(0x0,3),CONST(0xedff,3)),CONST(0x0,4)),INT_ADD(LEAF(register:000c:2:ushort),CONST(0x5,2))),CONST(0x3,2))))
026c68	FUN_026c68	026d0e	LOAD	CAST(INT_ZEXT(INT_ADD(MULTIEQUAL(SUBPIECE(PTRSUB(CONST(0x0,3),CONST(0xedff,3)),CONST(0x0,4)),INT_ADD(LEAF(register:000c:2:ushort),CONST(0x5,2))),CONST(0x4,2))))
026c68	FUN_026c68	026d1a	LOAD	CAST(INT_ZEXT(MULTIEQUAL(SUBPIECE(PTRSUB(CONST(0x0,3),CONST(0xedff,3)),CONST(0x0,4)),INT_ADD(LEAF(register:000c:2:ushort),CONST(0x5,2)))))
026c68	FUN_026c68	026d1e	LOAD	CAST(INT_ZEXT(INT_AND(PIECE(LOAD(CONST(0x1f1,4),CAST(INT_ZEXT(INT_ADD(MULTIEQUAL(SUBPIECE(PTRSUB(CONST(0x0,3),CONST(0xedff,3)),CONST(0x0,4)),INT_ADD(LEAF(register:000c:2:ushort),CONST(0x5,2))),CONST(0x3,2))))),LOAD(CONST(0x1f1,4),CAST(INT_ZEXT(INT_ADD(LEAF(register:000c:2:ushort),CONST(0x4,2)))))),CONST(0x3fff,2))))
026c68	FUN_026c68	026d1e	STORE	CAST(INT_ZEXT(MULTIEQUAL(SUBPIECE(PTRSUB(CONST(0x0,3),CONST(0xe523,3)),CONST(0x0,4)),MULTIEQUAL(INT_ADD(MULTIEQUAL(INT_ADD(LEAF(register:000e:2:ushort),CONST(0x1,2)),LEAF(register:000e:2:ushort)),CONST(0x1,2)),INT_ADD(LEAF(register:000e:2:ushort),CONST(0x2,2)),LEAF(register:000e:2:ushort)))))
026c68	FUN_026c68	026d22	LOAD	CAST(INT_ZEXT(INT_ADD(INT_AND(PIECE(LOAD(CONST(0x1f1,4),CAST(INT_ZEXT(INT_ADD(MULTIEQUAL(SUBPIECE(PTRSUB(CONST(0x0,3),CONST(0xedff,3)),CONST(0x0,4)),INT_ADD(LEAF(register:000c:2:ushort),CONST(0x5,2))),CONST(0x3,2))))),LOAD(CONST(0x1f1,4),CAST(INT_ZEXT(INT_ADD(LEAF(register:000c:2:ushort),CONST(0x4,2)))))),CONST(0x3fff,2)),CONST(0x1,2))))
026c68	FUN_026c68	026d26	STORE	CAST(INT_ZEXT(MULTIEQUAL(SUBPIECE(PTRSUB(CONST(0x0,3),CONST(0xe523,3)),CONST(0x0,4)),MULTIEQUAL(INT_ADD(MULTIEQUAL(INT_ADD(LEAF(register:000e:2:ushort),CONST(0x1,2)),LEAF(register:000e:2:ushort)),CONST(0x1,2)),INT_ADD(LEAF(register:000e:2:ushort),CONST(0x2,2)),LEAF(register:000e:2:ushort)))))
026c68	FUN_026c68	026d2a	LOAD	CAST(INT_ZEXT(INT_AND(PIECE(LOAD(CONST(0x1f1,4),CAST(INT_ZEXT(INT_ADD(MULTIEQUAL(SUBPIECE(PTRSUB(CONST(0x0,3),CONST(0xedff,3)),CONST(0x0,4)),INT_ADD(LEAF(register:000c:2:ushort),CONST(0x5,2))),CONST(0x3,2))))),LOAD(CONST(0x1f1,4),CAST(INT_ZEXT(INT_ADD(LEAF(register:000c:2:ushort),CONST(0x4,2)))))),CONST(0x3fff,2))))
026c68	FUN_026c68	026d2a	STORE	CAST(INT_ZEXT(INT_ADD(MULTIEQUAL(SUBPIECE(PTRSUB(CONST(0x0,3),CONST(0xe523,3)),CONST(0x0,4)),MULTIEQUAL(INT_ADD(MULTIEQUAL(LEAF(unique:00022d00:2:ushort),LEAF(register:000e:2:ushort)),CONST(0x1,2)),INT_ADD(LEAF(register:000e:2:ushort),CONST(0x2,2)),LEAF(register:000e:2:ushort))),CONST(0x1,2))))
026c68	FUN_026c68	026d36	LOAD	CAST(INT_ZEXT(INT_ADD(MULTIEQUAL(SUBPIECE(PTRSUB(CONST(0x0,3),CONST(0xedff,3)),CONST(0x0,4)),INT_ADD(LEAF(register:000c:2:ushort),CONST(0x5,2))),CONST(0x4,2))))
026c68	FUN_026c68	026d44	STORE	CAST(INT_ZEXT(INT_ADD(MULTIEQUAL(SUBPIECE(PTRSUB(CONST(0x0,3),CONST(0xe523,3)),CONST(0x0,4)),MULTIEQUAL(INT_ADD(MULTIEQUAL(INT_ADD(LEAF(register:000e:2:ushort),CONST(0x1,2)),LEAF(register:000e:2:ushort)),CONST(0x1,2)),INT_ADD(LEAF(register:000e:2:ushort),CONST(0x2,2)),LEAF(register:000e:2:ushort))),CONST(0x1,2))))
026c68	FUN_026c68	026d4c	STORE	CAST(INT_ZEXT(MULTIEQUAL(SUBPIECE(PTRSUB(CONST(0x0,3),CONST(0xe523,3)),CONST(0x0,4)),MULTIEQUAL(INT_ADD(MULTIEQUAL(INT_ADD(LEAF(register:000e:2:ushort),CONST(0x1,2)),LEAF(register:000e:2:ushort)),CONST(0x1,2)),INT_ADD(LEAF(register:000e:2:ushort),CONST(0x2,2)),LEAF(register:000e:2:ushort)))))
026c68	FUN_026c68	0275ca	LOAD	CAST(INT_ZEXT(MULTIEQUAL(COPY(CONST(0x0,2)),MULTIEQUAL(INT_ADD(LEAF(register:000e:2:ushort),CONST(0x1,2)),INT_ZEXT(MULTIEQUAL(INDIRECT(INDIRECT(MULTIEQUAL(INDIRECT(MULTIEQUAL(MULTIEQUAL(MULTIEQUAL(MULTIEQUAL(MULTIEQUAL(INDIRECT(LEAF(000192:1:byte),CONST(0x1143,4)),LEAF(000192:1:byte)),LEAF(000192:1:byte)),INDIRECT(MULTIEQUAL(LEAF(000192:1:byte),LEAF(000192:1:byte),LEAF(000192:1:byte)),CONST(0x3ed8,4)),INDIRECT(LEAF(000192:1:byte),CONST(0x3f83,4)),LEAF(000192:1:byte)),MULTIEQUAL(LEAF(000192:1:byte),LEAF(000192:1:byte)),LEAF(000192:1:byte)),LEAF(000192:1:byte)),CONST(0x1308,4)),LEAF(000192:1:byte)),CONST(0x1353,4)),CONST(0x3d1a,4)),LEAF(000192:1:byte)))))))
026c68	FUN_026c68	0275d0	STORE	CAST(INT_ZEXT(MULTIEQUAL(COPY(INT_ADD(LEAF(register:0012:2:ushort),CONST(0x1,2))),MULTIEQUAL(MULTIEQUAL(MULTIEQUAL(MULTIEQUAL(MULTIEQUAL(MULTIEQUAL(INT_AND(CALL(LEAF(02c404:8:?),CONST(0x24ca,2)),CONST(0xff,2)),LEAF(register:0012:2:ushort)),LEAF(register:0012:2:ushort)),MULTIEQUAL(LEAF(register:0012:2:ushort),LEAF(register:0012:2:ushort),LEAF(register:0012:2:ushort)),LEAF(register:0012:2:ushort),LEAF(register:0012:2:ushort)),MULTIEQUAL(LEAF(register:0012:2:ushort),LEAF(register:0012:2:ushort)),LEAF(register:0012:2:ushort)),LEAF(register:0012:2:ushort)),LEAF(register:0012:2:ushort)))))
026cde	FUN_026cde	026cd6	LOAD	CAST(INT_ZEXT(INT_ADD(MULTIEQUAL(COPY(MULTIEQUAL(LEAF(unique:00022d00:2:ushort),LEAF(register:000c:2:ushort))),COPY(LEAF(unique:00022d00:2:ushort)),LEAF(unique:10000042:2:ushort)),CONST(0x5,2))))
026cde	FUN_026cde	026d06	LOAD	CAST(INT_ZEXT(INT_ADD(MULTIEQUAL(COPY(MULTIEQUAL(INT_ADD(LEAF(register:000c:2:ushort),CONST(0x5,2)),LEAF(register:000c:2:ushort))),COPY(LEAF(unique:00022d00:2:ushort)),LEAF(unique:10000042:2:ushort)),CONST(0x8,2))))
026cde	FUN_026cde	026d0e	LOAD	CAST(INT_ZEXT(INT_ADD(MULTIEQUAL(COPY(MULTIEQUAL(INT_ADD(LEAF(register:000c:2:ushort),CONST(0x5,2)),LEAF(register:000c:2:ushort))),COPY(LEAF(unique:00022d00:2:ushort)),LEAF(unique:10000042:2:ushort)),CONST(0x9,2))))
026cde	FUN_026cde	026d1a	LOAD	CAST(INT_ZEXT(INT_ADD(MULTIEQUAL(COPY(MULTIEQUAL(LEAF(unique:00022d00:2:ushort),LEAF(register:000c:2:ushort))),COPY(LEAF(unique:00022d00:2:ushort)),LEAF(unique:10000042:2:ushort)),CONST(0x5,2))))
026cde	FUN_026cde	026d1e	LOAD	CAST(INT_ZEXT(INT_AND(PIECE(LOAD(CONST(0x1f1,4),CAST(INT_ZEXT(INT_ADD(MULTIEQUAL(COPY(MULTIEQUAL(INT_ADD(LEAF(register:000c:2:ushort),CONST(0x5,2)),LEAF(register:000c:2:ushort))),COPY(LEAF(unique:00022d00:2:ushort)),LEAF(unique:10000042:2:ushort)),CONST(0x8,2))))),LOAD(CONST(0x1f1,4),CAST(INT_ZEXT(INT_ADD(LEAF(register:000c:2:ushort),CONST(0x9,2)))))),CONST(0x3fff,2))))
026cde	FUN_026cde	026d1e	STORE	CAST(INT_ZEXT(MULTIEQUAL(INT_ADD(MULTIEQUAL(LEAF(register:000e:2:ushort),LEAF(register:000e:2:ushort)),CONST(0x2,2)),INT_ADD(MULTIEQUAL(INT_ADD(LEAF(register:000e:2:ushort),CONST(0x1,2)),LEAF(register:000e:2:ushort)),CONST(0x1,2)),LEAF(register:000e:2:ushort))))
026cde	FUN_026cde	026d22	LOAD	CAST(INT_ZEXT(INT_ADD(INT_AND(PIECE(LOAD(CONST(0x1f1,4),CAST(INT_ZEXT(INT_ADD(MULTIEQUAL(COPY(MULTIEQUAL(INT_ADD(LEAF(register:000c:2:ushort),CONST(0x5,2)),LEAF(register:000c:2:ushort))),COPY(LEAF(unique:00022d00:2:ushort)),LEAF(unique:10000042:2:ushort)),CONST(0x8,2))))),LOAD(CONST(0x1f1,4),CAST(INT_ZEXT(INT_ADD(LEAF(register:000c:2:ushort),CONST(0x9,2)))))),CONST(0x3fff,2)),CONST(0x1,2))))
026cde	FUN_026cde	026d26	STORE	CAST(INT_ZEXT(MULTIEQUAL(INT_ADD(MULTIEQUAL(LEAF(register:000e:2:ushort),LEAF(register:000e:2:ushort)),CONST(0x2,2)),INT_ADD(MULTIEQUAL(INT_ADD(LEAF(register:000e:2:ushort),CONST(0x1,2)),LEAF(register:000e:2:ushort)),CONST(0x1,2)),LEAF(register:000e:2:ushort))))
026cde	FUN_026cde	026d2a	LOAD	CAST(INT_ZEXT(INT_AND(PIECE(LOAD(CONST(0x1f1,4),CAST(INT_ZEXT(INT_ADD(MULTIEQUAL(COPY(MULTIEQUAL(INT_ADD(LEAF(register:000c:2:ushort),CONST(0x5,2)),LEAF(register:000c:2:ushort))),COPY(LEAF(unique:00022d00:2:ushort)),LEAF(unique:10000042:2:ushort)),CONST(0x8,2))))),LOAD(CONST(0x1f1,4),CAST(INT_ZEXT(INT_ADD(LEAF(register:000c:2:ushort),CONST(0x9,2)))))),CONST(0x3fff,2))))
026cde	FUN_026cde	026d2a	STORE	CAST(INT_ZEXT(INT_ADD(MULTIEQUAL(INT_ADD(MULTIEQUAL(LEAF(register:000e:2:ushort),LEAF(register:000e:2:ushort)),CONST(0x2,2)),INT_ADD(MULTIEQUAL(LEAF(unique:00022d00:2:ushort),LEAF(register:000e:2:ushort)),CONST(0x1,2)),LEAF(register:000e:2:ushort)),CONST(0x1,2))))
026cde	FUN_026cde	026d36	LOAD	CAST(INT_ZEXT(INT_ADD(MULTIEQUAL(INT_ADD(MULTIEQUAL(COPY(LEAF(register:000c:2:ushort)),COPY(LEAF(unique:00022d00:2:ushort)),LEAF(unique:10000042:2:ushort)),CONST(0x5,2)),LEAF(register:000c:2:ushort)),CONST(0x4,2))))
026cde	FUN_026cde	026d44	STORE	CAST(INT_ZEXT(INT_ADD(MULTIEQUAL(MULTIEQUAL(INT_ADD(LEAF(register:000e:2:ushort),CONST(0x2,2)),INT_ADD(MULTIEQUAL(INT_ADD(LEAF(register:000e:2:ushort),CONST(0x1,2)),LEAF(register:000e:2:ushort)),CONST(0x1,2)),LEAF(register:000e:2:ushort)),LEAF(register:000e:2:ushort)),CONST(0x1,2))))
026cde	FUN_026cde	026d4c	STORE	CAST(INT_ZEXT(MULTIEQUAL(MULTIEQUAL(INT_ADD(LEAF(register:000e:2:ushort),CONST(0x2,2)),INT_ADD(MULTIEQUAL(INT_ADD(LEAF(register:000e:2:ushort),CONST(0x1,2)),LEAF(register:000e:2:ushort)),CONST(0x1,2)),LEAF(register:000e:2:ushort)),LEAF(register:000e:2:ushort))))
026d98	FUN_026d98	026dbc	LOAD	CAST(INT_ZEXT(MULTIEQUAL(SUBPIECE(PTRSUB(CONST(0x0,3),CONST(0xe425,3)),CONST(0x0,4)),INT_ADD(MULTIEQUAL(LEAF(register:000e:2:ushort),LEAF(unique:00022d00:2:ushort)),CONST(0x1,2)))))
026d98	FUN_026d98	026dc2	LOAD	CAST(INT_ZEXT(INT_ADD(MULTIEQUAL(SUBPIECE(PTRSUB(CONST(0x0,3),CONST(0xe425,3)),CONST(0x0,4)),INT_ADD(MULTIEQUAL(LEAF(register:000e:2:ushort),LEAF(unique:00022d00:2:ushort)),CONST(0x1,2))),CONST(0x4,2))))
026d98	FUN_026d98	026dd0	LOAD	CAST(INT_ZEXT(MULTIEQUAL(SUBPIECE(PTRSUB(CONST(0x0,3),CONST(0xe425,3)),CONST(0x0,4)),INT_ADD(MULTIEQUAL(LEAF(register:000e:2:ushort),LEAF(unique:00022d00:2:ushort)),CONST(0x1,2)))))
026d98	FUN_026d98	026dd4	LOAD	CAST(INT_ZEXT(MULTIEQUAL(SUBPIECE(PTRSUB(CONST(0x0,3),CONST(0xe425,3)),CONST(0x0,4)),INT_ADD(MULTIEQUAL(LEAF(register:000e:2:ushort),LEAF(unique:00022d00:2:ushort)),CONST(0x1,2)))))
026d98	FUN_026d98	026dda	LOAD	CAST(INT_ZEXT(INT_ADD(MULTIEQUAL(SUBPIECE(PTRSUB(CONST(0x0,3),CONST(0xe425,3)),CONST(0x0,4)),INT_ADD(MULTIEQUAL(LEAF(register:000e:2:ushort),LEAF(unique:00022d00:2:ushort)),CONST(0x1,2))),CONST(0x2,2))))
026d98	FUN_026d98	026de2	LOAD	CAST(INT_ZEXT(INT_ADD(MULTIEQUAL(SUBPIECE(PTRSUB(CONST(0x0,3),CONST(0xe425,3)),CONST(0x0,4)),INT_ADD(MULTIEQUAL(LEAF(register:000e:2:ushort),LEAF(unique:00022d00:2:ushort)),CONST(0x1,2))),CONST(0x1,2))))
026d98	FUN_026d98	026de8	LOAD	CAST(INT_ZEXT(MULTIEQUAL(SUBPIECE(PTRSUB(CONST(0x0,3),CONST(0xe425,3)),CONST(0x0,4)),INT_ADD(MULTIEQUAL(LEAF(register:000e:2:ushort),LEAF(unique:00022d00:2:ushort)),CONST(0x1,2)))))
026d98	FUN_026d98	026dee	LOAD	CAST(INT_ZEXT(INT_ADD(MULTIEQUAL(SUBPIECE(PTRSUB(CONST(0x0,3),CONST(0xe425,3)),CONST(0x0,4)),INT_ADD(MULTIEQUAL(LEAF(register:000e:2:ushort),LEAF(unique:00022d00:2:ushort)),CONST(0x1,2))),CONST(0x4,2))))
026d98	FUN_026d98	026e06	LOAD	CAST(INT_ZEXT(MULTIEQUAL(MULTIEQUAL(SUBPIECE(PTRSUB(CONST(0x0,3),CONST(0xe425,3)),CONST(0x0,4)),INT_ADD(LEAF(register:000e:2:ushort),CONST(0x1,2))),LEAF(unique:00022d00:2:ushort))))
026d98	FUN_026d98	026e06	STORE	CAST(INT_ZEXT(MULTIEQUAL(MULTIEQUAL(SUBPIECE(PTRSUB(CONST(0x0,3),CONST(0xedff,3)),CONST(0x0,4)),INT_ADD(LEAF(register:000c:2:ushort),CONST(0x1,2))),LEAF(unique:00022d00:2:ushort))))
026e16	FUN_026e16	026dbc	LOAD	CAST(INT_ZEXT(MULTIEQUAL(INT_ADD(MULTIEQUAL(LEAF(register:000e:2:ushort),LEAF(unique:00022d00:2:ushort)),CONST(0x1,2)),LEAF(register:000e:2:ushort))))
026e16	FUN_026e16	026dc2	LOAD	CAST(INT_ZEXT(INT_ADD(MULTIEQUAL(INT_ADD(MULTIEQUAL(LEAF(register:000e:2:ushort),LEAF(unique:00022d00:2:ushort)),CONST(0x1,2)),LEAF(register:000e:2:ushort)),CONST(0x4,2))))
026e16	FUN_026e16	026dd0	LOAD	CAST(INT_ZEXT(MULTIEQUAL(INT_ADD(MULTIEQUAL(LEAF(register:000e:2:ushort),LEAF(unique:00022d00:2:ushort)),CONST(0x1,2)),LEAF(register:000e:2:ushort))))
026e16	FUN_026e16	026dd4	LOAD	CAST(INT_ZEXT(MULTIEQUAL(INT_ADD(MULTIEQUAL(LEAF(register:000e:2:ushort),LEAF(unique:00022d00:2:ushort)),CONST(0x1,2)),LEAF(register:000e:2:ushort))))
026e16	FUN_026e16	026dda	LOAD	CAST(INT_ZEXT(INT_ADD(MULTIEQUAL(INT_ADD(MULTIEQUAL(LEAF(register:000e:2:ushort),LEAF(unique:00022d00:2:ushort)),CONST(0x1,2)),LEAF(register:000e:2:ushort)),CONST(0x2,2))))
026e16	FUN_026e16	026de2	LOAD	CAST(INT_ZEXT(INT_ADD(MULTIEQUAL(INT_ADD(MULTIEQUAL(LEAF(register:000e:2:ushort),LEAF(unique:00022d00:2:ushort)),CONST(0x1,2)),LEAF(register:000e:2:ushort)),CONST(0x1,2))))
026e16	FUN_026e16	026de8	LOAD	CAST(INT_ZEXT(MULTIEQUAL(INT_ADD(MULTIEQUAL(LEAF(register:000e:2:ushort),LEAF(unique:00022d00:2:ushort)),CONST(0x1,2)),LEAF(register:000e:2:ushort))))
026e16	FUN_026e16	026dee	LOAD	CAST(INT_ZEXT(INT_ADD(MULTIEQUAL(INT_ADD(MULTIEQUAL(LEAF(register:000e:2:ushort),LEAF(unique:00022d00:2:ushort)),CONST(0x1,2)),LEAF(register:000e:2:ushort)),CONST(0x4,2))))
026e16	FUN_026e16	026e06	LOAD	CAST(INT_ZEXT(MULTIEQUAL(MULTIEQUAL(INT_ADD(LEAF(register:000e:2:ushort),CONST(0x1,2)),LEAF(register:000e:2:ushort)),LEAF(unique:00022d00:2:ushort))))
026e16	FUN_026e16	026e06	STORE	CAST(INT_ZEXT(MULTIEQUAL(MULTIEQUAL(INT_ADD(LEAF(register:000c:2:ushort),CONST(0x1,2)),LEAF(register:000c:2:ushort)),LEAF(unique:00022d00:2:ushort))))
027342	FUN_027342	0234a0	STORE	CAST(INT_ZEXT(INT_ADD(INT_ADD(SUBPIECE(PTRSUB(CONST(0x0,3),CONST(0xd840,3)),CONST(0x0,4)),INT_MULT(LEAF(register:000c:2:short),CONST(0x40,2))),INT_ZEXT(INDIRECT(LEAF(00e9b9:1:byte),CONST(0x573,4))))))
027342	FUN_027342	023528	STORE	CAST(INT_ZEXT(CAST(INT_ADD(SUBPIECE(PTRSUB(CONST(0x0,3),CONST(0xe9ba,3)),CONST(0x0,4)),LEAF(register:000c:2:short)))))
02754a	FUN_02754a	023686	LOAD	CAST(INT_ZEXT(INT_ADD(LEAF(register:000c:2:short),CONST(0xdc2e,2))))
02754a	FUN_02754a	023690	LOAD	CAST(INT_ZEXT(INT_ADD(LEAF(register:000c:2:short),CONST(0xdc2e,2))))
02754a	FUN_02754a	0236a2	STORE	CAST(INT_ZEXT(CAST(INT_ADD(SUBPIECE(PTRSUB(CONST(0x0,3),CONST(0xfb26,3)),CONST(0x0,4)),LEAF(register:000c:2:short)))))
02754a	FUN_02754a	0236a8	STORE	CAST(INT_ZEXT(CAST(INT_ADD(SUBPIECE(PTRSUB(CONST(0x0,3),CONST(0xfb26,3)),CONST(0x0,4)),LEAF(register:000c:2:short)))))
02754a	FUN_02754a	0236ac	LOAD	CAST(INT_ZEXT(CAST(INT_ADD(SUBPIECE(PTRSUB(CONST(0x0,3),CONST(0xfb26,3)),CONST(0x0,4)),LEAF(register:000c:2:short)))))
02754a	FUN_02754a	0236b2	STORE	CAST(INT_ZEXT(CAST(INT_ADD(SUBPIECE(PTRSUB(CONST(0x0,3),CONST(0xfb26,3)),CONST(0x0,4)),LEAF(register:000c:2:short)))))
02754a	FUN_02754a	0275ca	LOAD	CAST(INT_ZEXT(MULTIEQUAL(INT_AND(PIECE(LEAF(00e425:1:byte),LEAF(00e426:1:undefined1)),CONST(0x3fff,2)),MULTIEQUAL(COPY(CONST(0x0,2)),INT_ADD(LEAF(register:000e:2:ushort),CONST(0x1,2))))))
02754a	FUN_02754a	0275d0	STORE	CAST(INT_ZEXT(MULTIEQUAL(COPY(SUBPIECE(PTRSUB(CONST(0x0,3),CONST(0xe523,3)),CONST(0x0,4))),COPY(INT_ADD(LEAF(register:0012:2:ushort),CONST(0x1,2))))))
027688	FUN_027688	02397c	STORE	CAST(INT_ZEXT(INT_ADD(LEAF(register:0012:2:short),CONST(0x2b,2))))
027688	FUN_027688	027858	LOAD	CAST(INT_ZEXT(MULTIEQUAL(SUBPIECE(PTRSUB(CONST(0x0,3),CONST(0xe428,3)),CONST(0x0,4)),INT_ADD(LEAF(register:0010:2:ushort),CONST(0x1,2)))))
027688	FUN_027688	027858	STORE	CAST(INT_ZEXT(MULTIEQUAL(INT_AND(PIECE(LEAF(00e425:1:byte),LEAF(00e426:1:undefined1)),CONST(0x3fff,2)),INT_ADD(LEAF(register:0012:2:ushort),CONST(0x1,2)))))
027688	FUN_027688	027866	LOAD	CAST(INT_ZEXT(MULTIEQUAL(SUBPIECE(PTRSUB(CONST(0x0,3),CONST(0xe428,3)),CONST(0x0,4)),INT_ADD(LEAF(register:0010:2:ushort),CONST(0x1,2)))))
027688	FUN_027688	027868	LOAD	CAST(INT_ZEXT(MULTIEQUAL(INT_AND(PIECE(LEAF(00e425:1:byte),LEAF(00e426:1:undefined1)),CONST(0x3fff,2)),INT_ADD(LEAF(register:0012:2:ushort),CONST(0x1,2)))))
0276d4	FUN_0276d4	02397c	STORE	CAST(INT_ZEXT(INT_ADD(LEAF(register:0012:2:short),CONST(0x2b,2))))
0276d4	FUN_0276d4	027858	LOAD	CAST(INT_ZEXT(MULTIEQUAL(SUBPIECE(PTRSUB(CONST(0x0,3),CONST(0xe428,3)),CONST(0x0,4)),INT_ADD(LEAF(register:0010:2:ushort),CONST(0x1,2)))))
0276d4	FUN_0276d4	027858	STORE	CAST(INT_ZEXT(MULTIEQUAL(INT_AND(PIECE(LEAF(00e425:1:byte),LEAF(00e426:1:undefined1)),CONST(0x3fff,2)),INT_ADD(LEAF(register:0012:2:ushort),CONST(0x1,2)))))
0276d4	FUN_0276d4	027866	LOAD	CAST(INT_ZEXT(MULTIEQUAL(SUBPIECE(PTRSUB(CONST(0x0,3),CONST(0xe428,3)),CONST(0x0,4)),INT_ADD(LEAF(register:0010:2:ushort),CONST(0x1,2)))))
0276d4	FUN_0276d4	027868	LOAD	CAST(INT_ZEXT(MULTIEQUAL(INT_AND(PIECE(LEAF(00e425:1:byte),LEAF(00e426:1:undefined1)),CONST(0x3fff,2)),INT_ADD(LEAF(register:0012:2:ushort),CONST(0x1,2)))))
0277e0	FUN_0277e0	027858	LOAD	CAST(INT_ZEXT(MULTIEQUAL(SUBPIECE(PTRSUB(CONST(0x0,3),CONST(0xe428,3)),CONST(0x0,4)),INT_ADD(LEAF(register:0010:2:ushort),CONST(0x1,2)))))
0277e0	FUN_0277e0	027858	STORE	CAST(INT_ZEXT(MULTIEQUAL(INT_AND(LEAF(register:0012:2:ushort),CONST(0x3fff,2)),INT_ADD(LEAF(register:0012:2:ushort),CONST(0x1,2)))))
0277e0	FUN_0277e0	027866	LOAD	CAST(INT_ZEXT(MULTIEQUAL(SUBPIECE(PTRSUB(CONST(0x0,3),CONST(0xe428,3)),CONST(0x0,4)),INT_ADD(LEAF(register:0010:2:ushort),CONST(0x1,2)))))
0277e0	FUN_0277e0	027868	LOAD	CAST(INT_ZEXT(MULTIEQUAL(INT_AND(LEAF(register:0012:2:ushort),CONST(0x3fff,2)),INT_ADD(LEAF(register:0012:2:ushort),CONST(0x1,2)))))
027bd8	FUN_027bd8	027c4c	LOAD	CAST(INT_ZEXT(INT_ADD(SUBPIECE(PTRSUB(CONST(0x0,3),CONST(0xf176,3)),CONST(0x0,4)),INT_ZEXT(MULTIEQUAL(COPY(CONST(0x0,1)),INT_ADD(LEAF(register:000c:1:byte),CONST(0x1,1)))))))
027bd8	FUN_027bd8	027c52	STORE	CAST(INT_ZEXT(INT_ADD(SUBPIECE(PTRSUB(CONST(0x0,3),CONST(0xe552,3)),CONST(0x0,4)),INT_ZEXT(MULTIEQUAL(COPY(CONST(0x0,1)),INT_ADD(LEAF(register:000c:1:byte),CONST(0x1,1)))))))
027bde	FUN_027bde	027c4c	LOAD	CAST(INT_ZEXT(INT_ADD(SUBPIECE(PTRSUB(CONST(0x0,3),CONST(0xf176,3)),CONST(0x0,4)),INT_ZEXT(MULTIEQUAL(COPY(CONST(0x0,1)),INT_ADD(LEAF(register:000c:1:byte),CONST(0x1,1)))))))
027bde	FUN_027bde	027c52	STORE	CAST(INT_ZEXT(INT_ADD(SUBPIECE(PTRSUB(CONST(0x0,3),CONST(0xe552,3)),CONST(0x0,4)),INT_ZEXT(MULTIEQUAL(COPY(CONST(0x0,1)),INT_ADD(LEAF(register:000c:1:byte),CONST(0x1,1)))))))
028120	FUN_028120	02812c	LOAD	CAST(INT_ZEXT(LEAF(register:0006:2:ushort)))
028120	FUN_028120	028132	LOAD	CAST(INT_ZEXT(INT_ADD(LEAF(register:0006:2:ushort),CONST(0x1,2))))
028486	FUN_028486	02865a	STORE	CAST(INT_ZEXT(INT_ADD(SUBPIECE(PTRSUB(CONST(0x0,3),CONST(0xfb20,3)),CONST(0x0,4)),INT_ZEXT(LEAF(00f13d:1:byte)))))
02855c	FUN_02855c	02865a	STORE	CAST(INT_ZEXT(INT_ADD(SUBPIECE(PTRSUB(CONST(0x0,3),CONST(0xfb20,3)),CONST(0x0,4)),INT_ZEXT(LEAF(00f13d:1:byte)))))
028632	FUN_028632	02865a	STORE	CAST(INT_ZEXT(INT_ADD(SUBPIECE(PTRSUB(CONST(0x0,3),CONST(0xfb20,3)),CONST(0x0,4)),INT_ZEXT(LEAF(00f13d:1:byte)))))
028bc2	FUN_028bc2	028bd2	STORE	CAST(INT_ZEXT(CAST(INT_ADD(SUBPIECE(PTRSUB(CONST(0x0,3),CONST(0xfb04,3)),CONST(0x0,4)),INT_MULT(LEAF(register:0012:2:short),CONST(0x2,2))))))
028c52	FUN_028c52	028c58	STORE	CAST(INT_ZEXT(INT_ADD(INT_MULT(MULTIEQUAL(LEAF(register:0012:2:ushort),INT_ADD(LEAF(register:0012:2:ushort),CONST(0x1,2))),CONST(0x2,2)),CONST(0xe996,2))))
028c52	FUN_028c52	028c60	LOAD	CAST(INT_ZEXT(INT_ADD(INT_MULT(MULTIEQUAL(LEAF(register:0012:2:ushort),INT_ADD(LEAF(register:0012:2:ushort),CONST(0x1,2))),CONST(0x2,2)),CONST(0xe996,2))))
028c52	FUN_028c52	028c74	STORE	CAST(INT_ZEXT(INT_ADD(SUBPIECE(PTRSUB(CONST(0x0,3),CONST(0xfb04,3)),CONST(0x0,4)),INT_MULT(MULTIEQUAL(LEAF(register:0012:2:ushort),INT_ADD(LEAF(register:0012:2:ushort),CONST(0x1,2))),CONST(0x2,2)))))
028d3a	FUN_028d3a	028d72	LOAD	CAST(INT_ZEXT(INT_ADD(SUBPIECE(PTRSUB(CONST(0x0,3),CONST(0xfb2f,3)),CONST(0x0,4)),INT_MULT(LEAF(register:0012:2:ushort),CONST(0x4,2)))))
028d3a	FUN_028d3a	028d8c	LOAD	CAST(INT_ZEXT(INT_SUB(INT_MULT(LEAF(register:0012:2:ushort),CONST(0x4,2)),CONST(0x4d4,2))))
028d3a	FUN_028d3a	028dbe	LOAD	CAST(INT_ZEXT(INT_SUB(INT_MULT(LEAF(register:0012:2:ushort),CONST(0x4,2)),CONST(0x4d4,2))))
028d8e	FUN_028d8e	028dbe	LOAD	CAST(INT_ZEXT(INT_SUB(INT_MULT(LEAF(register:0012:2:short),CONST(0x4,2)),CONST(0x4d4,2))))
029e4a	FUN_029e4a	029e7a	LOAD	CAST(INT_ZEXT(INT_ADD(LEAF(00ec9e:2:short),CONST(0x35,2))))
029e4a	FUN_029e4a	029e8c	STORE	CAST(INT_ZEXT(INT_ADD(LEAF(00ec9e:2:short),CONST(0x35,2))))
029e4a	FUN_029e4a	029e94	LOAD	CAST(INT_ZEXT(INT_ADD(INDIRECT(LEAF(00ec9e:2:short),CONST(0x128f,4)),CONST(0x20,2))))
029e4a	FUN_029e4a	029ee2	LOAD	CAST(INT_ZEXT(INT_ADD(INDIRECT(LEAF(00ec9e:2:short),CONST(0x1430,4)),CONST(0x6,2))))
029e4a	FUN_029e4a	029f4a	STORE	CAST(INT_ZEXT(INT_ADD(MULTIEQUAL(INDIRECT(INDIRECT(LEAF(00ec9e:2:short),CONST(0x1430,4)),CONST(0x1b17,4)),LEAF(00ec9e:2:short),LEAF(00ec9e:2:short)),CONST(0x35,2))))
029e4a	FUN_029e4a	029f6e	LOAD	CAST(INT_ZEXT(INT_ADD(MULTIEQUAL(INDIRECT(MULTIEQUAL(INDIRECT(INDIRECT(LEAF(00ec9e:2:short),CONST(0x1430,4)),CONST(0x1b17,4)),LEAF(00ec9e:2:short),LEAF(00ec9e:2:short)),CONST(0x14ba,4)),INDIRECT(INDIRECT(INDIRECT(MULTIEQUAL(LEAF(00ec9e:2:short),LEAF(00ec9e:2:short)),CONST(0x197c,4)),CONST(0x1a60,4)),CONST(0x1a9a,4))),CONST(0x6,2))))
029f4e	FUN_029f4e	029f6e	LOAD	CAST(INT_ZEXT(INT_ADD(LEAF(00ec9e:2:short),CONST(0x6,2))))
02a358	FUN_02a358	02a362	LOAD	CAST(INT_ZEXT(INT_ADD(LEAF(00ec9e:2:short),CONST(0x2,2))))
02a358	FUN_02a358	02a36a	LOAD	CAST(INT_ZEXT(INT_ADD(LEAF(00ec9e:2:short),CONST(0x4,2))))
02a358	FUN_02a358	02a46e	LOAD	CAST(INT_ZEXT(INT_ADD(LEAF(00ec9e:2:short),CONST(0x4,2))))
02a358	FUN_02a358	02a474	STORE	CAST(INT_ZEXT(INT_ADD(LEAF(00ec9e:2:short),CONST(0x4,2))))
02a358	FUN_02a358	02a47c	STORE	CAST(INT_ZEXT(INT_ADD(INDIRECT(LEAF(00ec9e:2:short),CONST(0xb95,4)),CONST(0x35,2))))
02a358	FUN_02a358	02a516	LOAD	CAST(INT_ZEXT(INT_ADD(MULTIEQUAL(INDIRECT(INDIRECT(LEAF(00ec9e:2:short),CONST(0x577,4)),CONST(0x5d5,4)),INDIRECT(LEAF(00ec9e:2:short),CONST(0x9e7,4))),CONST(0x4,2))))
02a358	FUN_02a358	02a51c	STORE	CAST(INT_ZEXT(INT_ADD(MULTIEQUAL(INDIRECT(INDIRECT(LEAF(00ec9e:2:short),CONST(0x577,4)),CONST(0x5d5,4)),INDIRECT(LEAF(00ec9e:2:short),CONST(0x9e7,4))),CONST(0x4,2))))
02a358	FUN_02a358	02a528	STORE	CAST(INT_ZEXT(INT_ADD(INDIRECT(MULTIEQUAL(INDIRECT(INDIRECT(LEAF(00ec9e:2:short),CONST(0x577,4)),CONST(0x5d5,4)),INDIRECT(LEAF(00ec9e:2:short),CONST(0x9e7,4))),CONST(0x7f5,4)),CONST(0x35,2))))
02a40a	FUN_02a40a	02a46e	LOAD	CAST(INT_ZEXT(INT_ADD(LEAF(00ec9e:2:short),CONST(0x4,2))))
02a40a	FUN_02a40a	02a474	STORE	CAST(INT_ZEXT(INT_ADD(LEAF(00ec9e:2:short),CONST(0x4,2))))
02a40a	FUN_02a40a	02a47c	STORE	CAST(INT_ZEXT(INT_ADD(INDIRECT(LEAF(00ec9e:2:short),CONST(0x6b4,4)),CONST(0x35,2))))
02a40a	FUN_02a40a	02a516	LOAD	CAST(INT_ZEXT(INT_ADD(MULTIEQUAL(INDIRECT(INDIRECT(LEAF(00ec9e:2:short),CONST(0x8e,4)),CONST(0xec,4)),INDIRECT(LEAF(00ec9e:2:short),CONST(0x4fe,4))),CONST(0x4,2))))
02a40a	FUN_02a40a	02a51c	STORE	CAST(INT_ZEXT(INT_ADD(MULTIEQUAL(INDIRECT(INDIRECT(LEAF(00ec9e:2:short),CONST(0x8e,4)),CONST(0xec,4)),INDIRECT(LEAF(00ec9e:2:short),CONST(0x4fe,4))),CONST(0x4,2))))
02a40a	FUN_02a40a	02a528	STORE	CAST(INT_ZEXT(INT_ADD(INDIRECT(MULTIEQUAL(INDIRECT(INDIRECT(LEAF(00ec9e:2:short),CONST(0x8e,4)),CONST(0xec,4)),INDIRECT(LEAF(00ec9e:2:short),CONST(0x4fe,4))),CONST(0x30c,4)),CONST(0x35,2))))
02a95c	FUN_02a95c	02a966	STORE	CAST(INT_ZEXT(INT_ADD(LEAF(register:0010:2:short),CONST(0x2,2))))
02a95c	FUN_02a95c	02a96c	LOAD	CAST(INT_ZEXT(INT_ADD(LEAF(register:0010:2:short),CONST(0x4,2))))
02a95c	FUN_02a95c	02a97e	STORE	CAST(INT_ZEXT(INT_ADD(LEAF(register:0010:2:short),CONST(0xa,2))))
02ab90	FUN_02ab90	02ed3a	LOAD	CAST(INT_ZEXT(INT_ADD(LEAF(register:0010:2:short),CONST(0x6,2))))
02ab90	FUN_02ab90	02ed54	STORE	CAST(INT_ZEXT(INT_ADD(LEAF(register:0010:2:short),CONST(0x2,2))))
02ab90	FUN_02ab90	02ed5e	LOAD	CAST(INT_ZEXT(INT_ADD(LEAF(register:0010:2:short),CONST(0x2,2))))
02ab90	FUN_02ab90	02ed6a	STORE	CAST(INT_ZEXT(INT_ADD(LEAF(register:0010:2:short),CONST(0x2,2))))
02ab90	FUN_02ab90	02ed76	LOAD	CAST(INT_ZEXT(INT_ADD(LEAF(register:0010:2:short),CONST(0x2,2))))
02ab90	FUN_02ab90	02ed82	STORE	CAST(INT_ZEXT(INT_ADD(LEAF(register:0010:2:short),CONST(0x2,2))))
02ab90	FUN_02ab90	02ed88	STORE	CAST(INT_ZEXT(INT_ADD(LEAF(register:0010:2:short),CONST(0x7,2))))
02ab90	FUN_02ab90	02edfa	STORE	CAST(INT_ZEXT(INT_ADD(LEAF(register:000e:2:short),CONST(0x2,2))))
02abf4	FUN_02abf4	02ed3a	LOAD	CAST(INT_ZEXT(INT_ADD(LEAF(register:0010:2:short),CONST(0x6,2))))
02abf4	FUN_02abf4	02ed54	STORE	CAST(INT_ZEXT(INT_ADD(LEAF(register:0010:2:short),CONST(0x2,2))))
02abf4	FUN_02abf4	02ed5e	LOAD	CAST(INT_ZEXT(INT_ADD(LEAF(register:0010:2:short),CONST(0x2,2))))
02abf4	FUN_02abf4	02ed6a	STORE	CAST(INT_ZEXT(INT_ADD(LEAF(register:0010:2:short),CONST(0x2,2))))
02abf4	FUN_02abf4	02ed76	LOAD	CAST(INT_ZEXT(INT_ADD(LEAF(register:0010:2:short),CONST(0x2,2))))
02abf4	FUN_02abf4	02ed82	STORE	CAST(INT_ZEXT(INT_ADD(LEAF(register:0010:2:short),CONST(0x2,2))))
02abf4	FUN_02abf4	02ed88	STORE	CAST(INT_ZEXT(INT_ADD(LEAF(register:0010:2:short),CONST(0x7,2))))
02abf4	FUN_02abf4	02edfa	STORE	CAST(INT_ZEXT(INT_ADD(LEAF(register:000e:2:short),CONST(0x2,2))))
02ac16	FUN_02ac16	02ed3a	LOAD	CAST(INT_ZEXT(INT_ADD(LEAF(register:0010:2:short),CONST(0x6,2))))
02ac16	FUN_02ac16	02ed54	STORE	CAST(INT_ZEXT(INT_ADD(LEAF(register:0010:2:short),CONST(0x2,2))))
02ac16	FUN_02ac16	02ed5e	LOAD	CAST(INT_ZEXT(INT_ADD(LEAF(register:0010:2:short),CONST(0x2,2))))
02ac16	FUN_02ac16	02ed6a	STORE	CAST(INT_ZEXT(INT_ADD(LEAF(register:0010:2:short),CONST(0x2,2))))
02ac16	FUN_02ac16	02ed76	LOAD	CAST(INT_ZEXT(INT_ADD(LEAF(register:0010:2:short),CONST(0x2,2))))
02ac16	FUN_02ac16	02ed82	STORE	CAST(INT_ZEXT(INT_ADD(LEAF(register:0010:2:short),CONST(0x2,2))))
02ac16	FUN_02ac16	02ed88	STORE	CAST(INT_ZEXT(INT_ADD(LEAF(register:0010:2:short),CONST(0x7,2))))
02ac16	FUN_02ac16	02edfa	STORE	CAST(INT_ZEXT(INT_ADD(LEAF(register:000e:2:short),CONST(0x2,2))))
02ad3c	FUN_02ad3c	02ef12	STORE	CAST(INT_ZEXT(LEAF(register:0012:2:ushort)))
02ad8c	FUN_02ad8c	02ef12	STORE	CAST(INT_ZEXT(LEAF(register:0012:2:ushort)))
02b37c	default	02f4aa	LOAD	CAST(INT_ZEXT(LEAF(00dc00:2:ushort)))
02b37c	default	02f4b2	LOAD	CAST(INT_ZEXT(INT_ADD(LEAF(00dc00:2:ushort),CONST(0x1,2))))
02b37c	default	02f4be	LOAD	CAST(INT_ZEXT(INT_ADD(LEAF(00dc00:2:ushort),CONST(0x2,2))))
02b37c	default	02f4c8	LOAD	CAST(INT_ZEXT(LEAF(00dc02:2:ushort)))
02b37c	default	02f4d0	LOAD	CAST(INT_ZEXT(INT_ADD(LEAF(00dc02:2:ushort),CONST(0x1,2))))
02b37c	default	02f4dc	LOAD	CAST(INT_ZEXT(INT_ADD(LEAF(00dc02:2:ushort),CONST(0x2,2))))
02b37c	default	02f4e6	LOAD	CAST(INT_ZEXT(LEAF(00dc04:2:ushort)))
02b37c	default	02f4ee	LOAD	CAST(INT_ZEXT(INT_ADD(LEAF(00dc04:2:ushort),CONST(0x1,2))))
02b37c	default	02f4fa	LOAD	CAST(INT_ZEXT(INT_ADD(LEAF(00dc04:2:ushort),CONST(0x2,2))))
02b37c	default	02f504	LOAD	CAST(INT_ZEXT(LEAF(00dc06:2:ushort)))
02b37c	default	02f50c	LOAD	CAST(INT_ZEXT(INT_ADD(LEAF(00dc06:2:ushort),CONST(0x1,2))))
02b37c	default	02f518	LOAD	CAST(INT_ZEXT(INT_ADD(LEAF(00dc06:2:ushort),CONST(0x2,2))))
02b37c	default	02f522	LOAD	CAST(INT_ZEXT(LEAF(00dc08:2:ushort)))
02b37c	default	02f52a	LOAD	CAST(INT_ZEXT(INT_ADD(LEAF(00dc08:2:ushort),CONST(0x1,2))))
02b37c	default	02f536	LOAD	CAST(INT_ZEXT(INT_ADD(LEAF(00dc08:2:ushort),CONST(0x2,2))))
02b37c	default	02f540	LOAD	CAST(INT_ZEXT(LEAF(00dc0a:2:ushort)))
02b37c	default	02f548	LOAD	CAST(INT_ZEXT(INT_ADD(LEAF(00dc0a:2:ushort),CONST(0x1,2))))
02b37c	default	02f554	LOAD	CAST(INT_ZEXT(INT_ADD(LEAF(00dc0a:2:ushort),CONST(0x2,2))))
02bb42	FUN_02bb42	02bb8c	LOAD	CAST(INT_ADD(INT_MULT(INT_RIGHT(INT_AND(LEAF(00fa9e:2:ushort),CONST(0x3ff,2)),CONST(0x2,4)),CONST(0x2,2)),LEAF(00fafa:2:short)))
02bb42	FUN_02bb42	02bc9c	LOAD	CAST(INT_ZEXT(INT_ADD(INT_MULT(INT_ZEXT(LEAF(00fa80:1:byte)),CONST(0x2,2)),CONST(0xaa08,2))))
02bb42	FUN_02bb42	02bca0	STORE	CAST(INT_ZEXT(LOAD(CONST(0x1f1,4),CAST(INT_ZEXT(INT_ADD(INT_MULT(INT_ZEXT(LEAF(00fa80:1:byte)),CONST(0x2,2)),CONST(0xaa08,2)))))))
02bb42	FUN_02bb42	02bcb0	STORE	CAST(INT_ZEXT(INT_ADD(LOAD(CONST(0x1f1,4),CAST(INT_ZEXT(INT_ADD(INT_MULT(INT_ZEXT(LEAF(00fa80:1:byte)),CONST(0x2,2)),CONST(0xaa08,2))))),CONST(0x2,2))))
02bca8	FUN_02bca8	02bcb0	STORE	CAST(INT_ZEXT(INT_ADD(LEAF(register:0008:2:short),CONST(0x2,2))))
02bd1c	FUN_02bd1c	02bd72	STORE	CAST(INT_ZEXT(LEAF(00e650:2:ushort)))
02bd54	FUN_02bd54	02bd72	STORE	CAST(INT_ZEXT(LEAF(00e650:2:ushort)))
02bfb8	FUN_02bfb8	02bfe6	STORE	CAST(INT_ADD(SUBPIECE(PTRSUB(CONST(0x0,3),CONST(0xf153,3)),CONST(0x0,4)),INT_AND(INT_ZEXT(LEAF(00f13e:1:byte)),CONST(0x1f,2))))
02c09c	FUN_02c09c	02c0fa	LOAD	CAST(INT_ZEXT(INT_ADD(LEAF(register:0010:2:short),CONST(0xa,2))))
02c09c	FUN_02c09c	02c10e	LOAD	CAST(INT_ZEXT(INT_ADD(LEAF(register:0010:2:short),CONST(0xa,2))))
02c0b0	FUN_02c0b0	02c0b0	LOAD	CAST(INT_ZEXT(LEAF(register:0018:2:ushort)))
02c0b0	FUN_02c0b0	02c0b0	STORE	CAST(INT_ZEXT(LEAF(register:001c:2:ushort)))
02c0b0	FUN_02c0b0	02c0fa	LOAD	CAST(INT_ZEXT(INT_ADD(LEAF(register:0010:2:short),CONST(0xa,2))))
02c0f2	FUN_02c0f2	02c0fa	LOAD	CAST(INT_ZEXT(INT_ADD(LEAF(register:0010:2:short),CONST(0xa,2))))
02c142	FUN_02c142	02c178	STORE	CAST(INT_ZEXT(INT_ADD(LEAF(register:0012:2:short),CONST(0x14,2))))
02c142	FUN_02c142	02c192	LOAD	CAST(INT_ZEXT(INT_ADD(LEAF(register:0012:2:short),CONST(0xa,2))))
02c142	FUN_02c142	02c1a2	STORE	CAST(INT_ZEXT(INT_ADD(LEAF(register:0012:2:short),CONST(0x14,2))))
02c1e4	FUN_02c1e4	02c204	STORE	CAST(INT_ZEXT(INT_ADD(LEAF(register:0010:2:short),CONST(0xa,2))))
02c348	FUN_02c348	02c34a	STORE	CAST(INT_ZEXT(INT_ADD(LEAF(register:0010:2:short),CONST(0xa,2))))
02c36e	FUN_02c36e	02c372	LOAD	CAST(INT_ZEXT(INT_ADD(LEAF(register:0008:2:short),CONST(0x31,2))))
02c36e	FUN_02c36e	02c376	STORE	CAST(INT_ZEXT(INT_ADD(LEAF(register:0008:2:short),CONST(0x31,2))))
02c3ec	FUN_02c3ec	02c406	STORE	CAST(INT_ZEXT(INT_ADD(LEAF(register:0010:2:short),CONST(0xa,2))))
02c3f8	FUN_02c3f8	02c406	STORE	CAST(INT_ZEXT(INT_ADD(LEAF(register:0010:2:short),CONST(0xa,2))))
02c404	FUN_02c404	02c406	STORE	CAST(INT_ZEXT(INT_ADD(LEAF(register:0010:2:short),CONST(0xa,2))))
02c41e	FUN_02c41e	02c41e	LOAD	CAST(INT_ZEXT(INT_ADD(LEAF(register:0010:2:short),CONST(0x31,2))))
02c41e	FUN_02c41e	02c42c	LOAD	CAST(INT_ZEXT(INT_ADD(LEAF(register:0010:2:short),CONST(0x31,2))))
02c41e	FUN_02c41e	02c430	STORE	CAST(INT_ZEXT(INT_ADD(LEAF(register:0010:2:short),CONST(0x31,2))))
02c984	FUN_02c984	028afa	LOAD	CAST(INT_ZEXT(INT_ADD(INT_MULT(MULTIEQUAL(INT_ADD(LEAF(register:0012:2:ushort),CONST(0x1,2)),LEAF(register:0012:2:ushort),LEAF(register:0012:2:ushort),LEAF(register:0012:2:ushort),LEAF(register:0012:2:ushort),LEAF(register:0012:2:ushort),LEAF(register:0012:2:ushort),LEAF(register:0012:2:ushort),LEAF(register:0012:2:ushort),LEAF(register:0012:2:ushort),LEAF(register:0012:2:ushort),LEAF(register:0012:2:ushort)),CONST(0x2,2)),CONST(0xe996,2))))
02c984	FUN_02c984	028b18	STORE	CAST(INT_ZEXT(INT_ADD(SUBPIECE(PTRSUB(CONST(0x0,3),CONST(0xfb04,3)),CONST(0x0,4)),INT_MULT(MULTIEQUAL(INT_ADD(LEAF(register:0012:2:ushort),CONST(0x1,2)),LEAF(register:0012:2:ushort),LEAF(register:0012:2:ushort),LEAF(register:0012:2:ushort),LEAF(register:0012:2:ushort),LEAF(register:0012:2:ushort),LEAF(register:0012:2:ushort),LEAF(register:0012:2:ushort),LEAF(register:0012:2:ushort),LEAF(register:0012:2:ushort),LEAF(register:0012:2:ushort),LEAF(register:0012:2:ushort)),CONST(0x2,2)))))
02c984	FUN_02c984	028b70	LOAD	CAST(INT_ZEXT(INT_ADD(SUBPIECE(PTRSUB(CONST(0x0,3),CONST(0xfb2f,3)),CONST(0x0,4)),INT_MULT(MULTIEQUAL(INT_SUB(INT_ZEXT(MULTIEQUAL(INDIRECT(INDIRECT(INDIRECT(LEAF(00fb49:1:byte),CONST(0x1ba,4)),CONST(0x20f,4)),CONST(0x25a,4)),LEAF(00fb49:1:byte),LEAF(00fb49:1:byte),LEAF(00fb49:1:byte),LEAF(00fb49:1:byte),LEAF(00fb49:1:byte),LEAF(00fb49:1:byte),LEAF(00fb49:1:byte),LEAF(00fb49:1:byte),LEAF(00fb49:1:byte),LEAF(00fb49:1:byte),LEAF(00fb49:1:byte))),CONST(0x2,2)),INT_ADD(INT_ZEXT(LEAF(00fb49:1:byte)),CONST(0x4,2))),CONST(0x4,2)))))
02c984	FUN_02c984	028bb4	LOAD	CAST(INT_ZEXT(INT_ADD(INT_MULT(MULTIEQUAL(LEAF(register:0012:2:ushort),MULTIEQUAL(INT_SUB(INT_ZEXT(MULTIEQUAL(INDIRECT(INDIRECT(INDIRECT(LEAF(00fb49:1:byte),CONST(0x1ba,4)),CONST(0x20f,4)),CONST(0x25a,4)),LEAF(00fb49:1:byte),LEAF(00fb49:1:byte),LEAF(00fb49:1:byte),LEAF(00fb49:1:byte),LEAF(00fb49:1:byte),LEAF(00fb49:1:byte),LEAF(00fb49:1:byte),LEAF(00fb49:1:byte),LEAF(00fb49:1:byte),LEAF(00fb49:1:byte),LEAF(00fb49:1:byte))),CONST(0x2,2)),INT_ADD(INT_ZEXT(LEAF(00fb49:1:byte)),CONST(0x4,2)))),CONST(0x2,2)),CONST(0xe996,2))))
02c984	FUN_02c984	028bbe	STORE	CAST(INT_ZEXT(LEAF(register:001c:2:ushort)))
02c984	FUN_02c984	028bd2	STORE	CAST(INT_ZEXT(INT_ADD(SUBPIECE(PTRSUB(CONST(0x0,3),CONST(0xfb04,3)),CONST(0x0,4)),INT_MULT(MULTIEQUAL(LEAF(register:0012:2:ushort),MULTIEQUAL(INT_SUB(INT_ZEXT(MULTIEQUAL(INDIRECT(INDIRECT(INDIRECT(LEAF(00fb49:1:byte),CONST(0x1ba,4)),CONST(0x20f,4)),CONST(0x25a,4)),LEAF(00fb49:1:byte),LEAF(00fb49:1:byte),LEAF(00fb49:1:byte),LEAF(00fb49:1:byte),LEAF(00fb49:1:byte),LEAF(00fb49:1:byte),LEAF(00fb49:1:byte),LEAF(00fb49:1:byte),LEAF(00fb49:1:byte),LEAF(00fb49:1:byte),LEAF(00fb49:1:byte))),CONST(0x2,2)),INT_ADD(INT_ZEXT(LEAF(00fb49:1:byte)),CONST(0x4,2)))),CONST(0x2,2)))))
02c984	FUN_02c984	02ca30	LOAD	CAST(INT_ZEXT(INT_ADD(LEAF(register:0010:2:short),CONST(0x34,2))))
02c984	FUN_02c984	02ca34	STORE	CAST(INT_ZEXT(INT_ADD(LEAF(register:0010:2:short),CONST(0x34,2))))
02c984	FUN_02c984	02ca3a	LOAD	CAST(INT_ZEXT(INT_ADD(LEAF(register:0010:2:short),CONST(0x34,2))))
02c984	FUN_02c984	02ca48	LOAD	CAST(INT_ZEXT(INT_ADD(LEAF(register:0010:2:short),CONST(0x34,2))))
02c984	FUN_02c984	02ca5a	LOAD	CAST(INT_ZEXT(INT_ADD(LEAF(00ec9e:2:short),CONST(0x35,2))))
02c984	FUN_02c984	02ca6c	STORE	CAST(INT_ZEXT(INT_ADD(LEAF(00ec9e:2:short),CONST(0x35,2))))
02c984	FUN_02c984	02ca74	LOAD	CAST(INT_ZEXT(INT_ADD(INDIRECT(LEAF(00ec9e:2:short),CONST(0x8c5,4)),CONST(0x20,2))))
02c984	FUN_02c984	02ca8c	LOAD	CAST(INT_ZEXT(INT_ADD(INDIRECT(LEAF(00ec9e:2:short),CONST(0x8c5,4)),CONST(0x20,2))))
02c984	FUN_02c984	02ca9a	STORE	CAST(INT_ZEXT(INT_ADD(LEAF(register:0010:2:short),CONST(0x34,2))))
02c984	FUN_02c984	02cb2e	LOAD	CAST(INT_ZEXT(INT_ADD(LEAF(register:0010:2:short),CONST(0x1e,2))))
02c984	FUN_02c984	02cb82	LOAD	CAST(INT_ZEXT(INT_ADD(LEAF(register:0010:2:short),CONST(0x6,2))))
02c984	FUN_02c984	02cb8c	STORE	CAST(INT_ZEXT(INT_ADD(LEAF(register:0010:2:short),CONST(0x6,2))))
02c984	FUN_02c984	02cb90	LOAD	CAST(INT_ZEXT(INT_ADD(LEAF(register:0010:2:short),CONST(0x8,2))))
02c984	FUN_02c984	02cb9a	STORE	CAST(INT_ZEXT(INT_ADD(LEAF(register:0010:2:short),CONST(0x8,2))))
02c984	FUN_02c984	02cb9e	LOAD	CAST(INT_ZEXT(INT_ADD(LEAF(register:0010:2:short),CONST(0x20,2))))
02c984	FUN_02c984	02cba8	STORE	CAST(INT_ZEXT(INT_ADD(LEAF(register:0010:2:short),CONST(0x20,2))))
02c984	FUN_02c984	02cbac	LOAD	CAST(INT_ZEXT(INT_ADD(LEAF(register:0010:2:short),CONST(0x1e,2))))
02c984	FUN_02c984	02cbb6	STORE	CAST(INT_ZEXT(INT_ADD(LEAF(register:0010:2:short),CONST(0x1e,2))))
02d7b0	FUN_02d7b0	02d7b0	LOAD	CAST(INT_ZEXT(INT_ADD(LEAF(register:0010:2:short),CONST(0x6740,2))))
02de4a	FUN_02de4a	02de4a	STORE	CAST(INT_ZEXT(LEAF(register:001c:2:ushort)))
02e40a	FUN_02e40a	02a516	LOAD	CAST(INT_ZEXT(INT_ADD(LEAF(00ec9e:2:short),CONST(0x4,2))))
02e40a	FUN_02e40a	02a51c	STORE	CAST(INT_ZEXT(INT_ADD(LEAF(00ec9e:2:short),CONST(0x4,2))))
02e40a	FUN_02e40a	02a528	STORE	CAST(INT_ZEXT(INT_ADD(INDIRECT(LEAF(00ec9e:2:short),CONST(0x1a7,4)),CONST(0x35,2))))
02e6f8	FUN_02e6f8	02e6f8	STORE	CAST(INT_ZEXT(INT_ADD(LEAF(register:0002:2:short),CONST(0x8e5c,2))))
02e754	FUN_02e754	02e756	STORE	CAST(INT_ZEXT(LEAF(register:0012:2:ushort)))
02e7da	FUN_02e7da	02a966	STORE	CAST(INT_ZEXT(INT_ADD(LEAF(register:0010:2:short),CONST(0x2,2))))
02e7da	FUN_02e7da	02a96c	LOAD	CAST(INT_ZEXT(INT_ADD(LEAF(register:0010:2:short),CONST(0x4,2))))
02e7da	FUN_02e7da	02a97e	STORE	CAST(INT_ZEXT(INT_ADD(LEAF(register:0010:2:short),CONST(0xa,2))))
02ebdc	FUN_02ebdc	02ec28	STORE	CAST(INT_ZEXT(MULTIEQUAL(SUBPIECE(PTRSUB(CONST(0x0,3),CONST(0xede4,3)),CONST(0x0,4)),COPY(CONST(0xeddc,2)))))
02ebdc	FUN_02ebdc	02ec2c	LOAD	CAST(INT_ZEXT(INT_ADD(MULTIEQUAL(SUBPIECE(PTRSUB(CONST(0x0,3),CONST(0xede4,3)),CONST(0x0,4)),COPY(CONST(0xeddc,2))),CONST(0x1,2))))
02ebdc	FUN_02ebdc	02ec44	LOAD	CAST(INT_ZEXT(MULTIEQUAL(SUBPIECE(PTRSUB(CONST(0x0,3),CONST(0xede4,3)),CONST(0x0,4)),COPY(CONST(0xeddc,2)))))
02ebdc	FUN_02ebdc	02ec5a	LOAD	CAST(INT_ZEXT(MULTIEQUAL(SUBPIECE(PTRSUB(CONST(0x0,3),CONST(0xede4,3)),CONST(0x0,4)),COPY(CONST(0xeddc,2)))))
02ebdc	FUN_02ebdc	02ec60	STORE	CAST(INT_ZEXT(MULTIEQUAL(SUBPIECE(PTRSUB(CONST(0x0,3),CONST(0xede4,3)),CONST(0x0,4)),COPY(CONST(0xeddc,2)))))
02ebdc	FUN_02ebdc	02ec6c	STORE	CAST(INT_ZEXT(MULTIEQUAL(SUBPIECE(PTRSUB(CONST(0x0,3),CONST(0xede4,3)),CONST(0x0,4)),COPY(CONST(0xeddc,2)))))
02ebdc	FUN_02ebdc	02ec80	LOAD	CAST(INT_ZEXT(MULTIEQUAL(SUBPIECE(PTRSUB(CONST(0x0,3),CONST(0xede4,3)),CONST(0x0,4)),COPY(CONST(0xeddc,2)))))
02ebdc	FUN_02ebdc	02ec86	STORE	CAST(INT_ZEXT(MULTIEQUAL(SUBPIECE(PTRSUB(CONST(0x0,3),CONST(0xede4,3)),CONST(0x0,4)),COPY(CONST(0xeddc,2)))))
02ebdc	FUN_02ebdc	02ec92	STORE	CAST(INT_ZEXT(MULTIEQUAL(SUBPIECE(PTRSUB(CONST(0x0,3),CONST(0xede4,3)),CONST(0x0,4)),COPY(CONST(0xeddc,2)))))
02ebdc	FUN_02ebdc	02ec94	LOAD	CAST(INT_ZEXT(INT_ADD(MULTIEQUAL(SUBPIECE(PTRSUB(CONST(0x0,3),CONST(0xede4,3)),CONST(0x0,4)),COPY(CONST(0xeddc,2))),CONST(0x1,2))))
02ebdc	FUN_02ebdc	02ecc6	LOAD	CAST(INT_ZEXT(INT_ADD(MULTIEQUAL(SUBPIECE(PTRSUB(CONST(0x0,3),CONST(0xed90,3)),CONST(0x0,4)),SUBPIECE(PTRSUB(CONST(0x0,3),CONST(0xed56,3)),CONST(0x0,4))),CONST(0x37,2))))
02ebdc	FUN_02ebdc	02ed18	LOAD	CAST(INT_ZEXT(MULTIEQUAL(SUBPIECE(PTRSUB(CONST(0x0,3),CONST(0xede4,3)),CONST(0x0,4)),COPY(CONST(0xeddc,2)))))
02ebdc	FUN_02ebdc	02ed26	LOAD	CAST(INT_ZEXT(MULTIEQUAL(SUBPIECE(PTRSUB(CONST(0x0,3),CONST(0xede4,3)),CONST(0x0,4)),COPY(CONST(0xeddc,2)))))
02ebdc	FUN_02ebdc	02ed3a	LOAD	CAST(INT_ZEXT(INT_ADD(MULTIEQUAL(SUBPIECE(PTRSUB(CONST(0x0,3),CONST(0xede4,3)),CONST(0x0,4)),COPY(CONST(0xeddc,2))),CONST(0x6,2))))
02ebdc	FUN_02ebdc	02ed54	STORE	CAST(INT_ZEXT(INT_ADD(MULTIEQUAL(SUBPIECE(PTRSUB(CONST(0x0,3),CONST(0xede4,3)),CONST(0x0,4)),COPY(CONST(0xeddc,2))),CONST(0x2,2))))
02ebdc	FUN_02ebdc	02ed5e	LOAD	CAST(INT_ZEXT(INT_ADD(MULTIEQUAL(SUBPIECE(PTRSUB(CONST(0x0,3),CONST(0xede4,3)),CONST(0x0,4)),COPY(CONST(0xeddc,2))),CONST(0x2,2))))
02ebdc	FUN_02ebdc	02ed6a	STORE	CAST(INT_ZEXT(INT_ADD(MULTIEQUAL(SUBPIECE(PTRSUB(CONST(0x0,3),CONST(0xede4,3)),CONST(0x0,4)),COPY(CONST(0xeddc,2))),CONST(0x2,2))))
02ebdc	FUN_02ebdc	02ed76	LOAD	CAST(INT_ZEXT(INT_ADD(MULTIEQUAL(SUBPIECE(PTRSUB(CONST(0x0,3),CONST(0xede4,3)),CONST(0x0,4)),COPY(CONST(0xeddc,2))),CONST(0x2,2))))
02ebdc	FUN_02ebdc	02ed82	STORE	CAST(INT_ZEXT(INT_ADD(MULTIEQUAL(SUBPIECE(PTRSUB(CONST(0x0,3),CONST(0xede4,3)),CONST(0x0,4)),COPY(CONST(0xeddc,2))),CONST(0x2,2))))
02ebdc	FUN_02ebdc	02ed88	STORE	CAST(INT_ZEXT(INT_ADD(MULTIEQUAL(SUBPIECE(PTRSUB(CONST(0x0,3),CONST(0xede4,3)),CONST(0x0,4)),COPY(CONST(0xeddc,2))),CONST(0x7,2))))
02ebdc	FUN_02ebdc	02edfa	STORE	CAST(INT_ZEXT(INT_ADD(MULTIEQUAL(SUBPIECE(PTRSUB(CONST(0x0,3),CONST(0xed90,3)),CONST(0x0,4)),SUBPIECE(PTRSUB(CONST(0x0,3),CONST(0xed56,3)),CONST(0x0,4))),CONST(0x2,2))))
02eece	FUN_02eece	02eeda	LOAD	CAST(INT_ZEXT(LEAF(register:0018:2:ushort)))
02eece	FUN_02eece	02eee0	LOAD	CAST(INT_ZEXT(LEAF(register:0018:2:ushort)))
02eece	FUN_02eece	02eee6	LOAD	CAST(INT_ZEXT(LEAF(register:0018:2:ushort)))
02eece	FUN_02eece	02eef4	STORE	CAST(INT_ZEXT(LEAF(register:0018:2:ushort)))
02eece	FUN_02eece	02eefa	STORE	CAST(INT_ZEXT(LEAF(register:0018:2:ushort)))
02eece	FUN_02eece	02eefe	LOAD	CAST(INT_ZEXT(LEAF(register:0018:2:ushort)))
02eece	FUN_02eece	02ef0c	STORE	CAST(INT_ZEXT(LEAF(register:0018:2:ushort)))
02eece	FUN_02eece	02ef12	STORE	CAST(INT_ZEXT(LEAF(register:0018:2:ushort)))
02f026	FUN_02f026	02f02e	LOAD	CAST(INT_ZEXT(INT_ADD(INT_ZEXT(LEAF(00fb49:1:byte)),CONST(0xa8f8,2))))
02f026	FUN_02f026	02f040	LOAD	CAST(INT_ZEXT(INT_ADD(INT_ZEXT(LOAD(CONST(0x1f1,4),CAST(INT_ZEXT(INT_ADD(INT_ZEXT(LEAF(00fb49:1:byte)),CONST(0xa8f8,2)))))),CONST(0xa8ce,2))))
02f026	FUN_02f026	02f082	STORE	CAST(INT_ZEXT(INT_ADD(INT_MULT(INT_ZEXT(LOAD(CONST(0x1f1,4),CAST(INT_ZEXT(INT_ADD(INT_ZEXT(LEAF(00fb49:1:byte)),CONST(0xa8f8,2)))))),CONST(0x2,2)),CONST(0xe83c,2))))
02f026	FUN_02f026	02f088	LOAD	CAST(INT_ZEXT(INT_ADD(INT_ZEXT(LOAD(CONST(0x1f1,4),CAST(INT_ZEXT(INT_ADD(INT_ZEXT(LEAF(00fb49:1:byte)),CONST(0xa8f8,2)))))),CONST(0xa8d4,2))))
02f026	FUN_02f026	02f09c	STORE	CAST(INT_ZEXT(INT_ADD(INT_MULT(INT_ZEXT(LOAD(CONST(0x1f1,4),CAST(INT_ZEXT(INT_ADD(INT_ZEXT(LEAF(00fb49:1:byte)),CONST(0xa8f8,2)))))),CONST(0x2,2)),CONST(0xe83c,2))))
02f026	FUN_02f026	02f0a6	LOAD	CAST(INT_ZEXT(INT_ADD(INT_MULT(INT_ZEXT(LOAD(CONST(0x1f1,4),CAST(INT_ZEXT(INT_ADD(INT_ZEXT(LEAF(00fb49:1:byte)),CONST(0xa8f8,2)))))),CONST(0x2,2)),CONST(0xe830,2))))
02f026	FUN_02f026	02f0b0	LOAD	CAST(INT_ZEXT(INT_ADD(INT_ZEXT(LOAD(CONST(0x1f1,4),CAST(INT_ZEXT(INT_ADD(INT_ZEXT(LEAF(00fb49:1:byte)),CONST(0xa8f8,2)))))),CONST(0xa8ec,2))))
02f026	FUN_02f026	02f0b8	LOAD	CAST(INT_ZEXT(INT_ADD(INT_MULT(INT_ZEXT(LOAD(CONST(0x1f1,4),CAST(INT_ZEXT(INT_ADD(INT_ZEXT(LOAD(CONST(0x1f1,4),CAST(INT_ZEXT(INT_ADD(INT_ZEXT(LEAF(00fb49:1:byte)),CONST(0xa8f8,2)))))),CONST(0xa8ec,2)))))),CONST(0x2,2)),CONST(0xe830,2))))
02f026	FUN_02f026	02f0bc	LOAD	CAST(INT_ZEXT(INT_ADD(INT_ZEXT(LOAD(CONST(0x1f1,4),CAST(INT_ZEXT(INT_ADD(INT_ZEXT(LEAF(00fb49:1:byte)),CONST(0xa8f8,2)))))),CONST(0xa8f2,2))))
02f026	FUN_02f026	02f0c4	LOAD	CAST(INT_ZEXT(INT_ADD(INT_MULT(INT_ZEXT(LOAD(CONST(0x1f1,4),CAST(INT_ZEXT(INT_ADD(INT_ZEXT(LOAD(CONST(0x1f1,4),CAST(INT_ZEXT(INT_ADD(INT_ZEXT(LEAF(00fb49:1:byte)),CONST(0xa8f8,2)))))),CONST(0xa8f2,2)))))),CONST(0x2,2)),CONST(0xe830,2))))
02f026	FUN_02f026	02f0dc	LOAD	CAST(INT_ZEXT(INT_ADD(INT_ZEXT(LOAD(CONST(0x1f1,4),CAST(INT_ZEXT(INT_ADD(INT_ZEXT(LEAF(00fb49:1:byte)),CONST(0xa8f8,2)))))),CONST(0xa8ec,2))))
02f026	FUN_02f026	02f0e4	STORE	CAST(INT_ZEXT(INT_ADD(INT_MULT(INT_ZEXT(LOAD(CONST(0x1f1,4),CAST(INT_ZEXT(INT_ADD(INT_ZEXT(LOAD(CONST(0x1f1,4),CAST(INT_ZEXT(INT_ADD(INT_ZEXT(LEAF(00fb49:1:byte)),CONST(0xa8f8,2)))))),CONST(0xa8ec,2)))))),CONST(0x2,2)),CONST(0xe848,2))))
02f026	FUN_02f026	02f0ec	LOAD	CAST(INT_ZEXT(INT_ADD(INT_ZEXT(LOAD(CONST(0x1f1,4),CAST(INT_ZEXT(INT_ADD(INT_ZEXT(LEAF(00fb49:1:byte)),CONST(0xa8f8,2)))))),CONST(0xa8ec,2))))
02f026	FUN_02f026	02f0f2	LOAD	CAST(INT_ZEXT(INT_ADD(INT_ZEXT(LOAD(CONST(0x1f1,4),CAST(INT_ZEXT(INT_ADD(INT_ZEXT(LOAD(CONST(0x1f1,4),CAST(INT_ZEXT(INT_ADD(INT_ZEXT(LEAF(00fb49:1:byte)),CONST(0xa8f8,2)))))),CONST(0xa8ec,2)))))),CONST(0xa8ce,2))))
02f026	FUN_02f026	02f0fc	LOAD	CAST(INT_ZEXT(INT_ADD(INT_ZEXT(LOAD(CONST(0x1f1,4),CAST(INT_ZEXT(INT_ADD(INT_ZEXT(LEAF(00fb49:1:byte)),CONST(0xa8f8,2)))))),CONST(0xa8ec,2))))
02f026	FUN_02f026	02f104	LOAD	CAST(INT_ZEXT(INT_ADD(INT_MULT(INT_ZEXT(LOAD(CONST(0x1f1,4),CAST(INT_ZEXT(INT_ADD(INT_ZEXT(LOAD(CONST(0x1f1,4),CAST(INT_ZEXT(INT_ADD(INT_ZEXT(LEAF(00fb49:1:byte)),CONST(0xa8f8,2)))))),CONST(0xa8ec,2)))))),CONST(0x2,2)),CONST(0xe848,2))))
02f026	FUN_02f026	02f10a	LOAD	CAST(INT_ZEXT(INT_ADD(INT_ZEXT(LOAD(CONST(0x1f1,4),CAST(INT_ZEXT(INT_ADD(INT_ZEXT(LEAF(00fb49:1:byte)),CONST(0xa8f8,2)))))),CONST(0xa8ec,2))))
02f026	FUN_02f026	02f112	LOAD	CAST(INT_ZEXT(INT_ADD(INT_MULT(INT_ZEXT(LOAD(CONST(0x1f1,4),CAST(INT_ZEXT(INT_ADD(INT_ZEXT(LOAD(CONST(0x1f1,4),CAST(INT_ZEXT(INT_ADD(INT_ZEXT(LEAF(00fb49:1:byte)),CONST(0xa8f8,2)))))),CONST(0xa8ec,2)))))),CONST(0x2,2)),CONST(0xe83c,2))))
02f026	FUN_02f026	02f122	LOAD	CAST(INT_ZEXT(INT_ADD(INT_ZEXT(LOAD(CONST(0x1f1,4),CAST(INT_ZEXT(INT_ADD(INT_ZEXT(LEAF(00fb49:1:byte)),CONST(0xa8f8,2)))))),CONST(0xa8ec,2))))
02f026	FUN_02f026	02f12a	LOAD	CAST(INT_ZEXT(INT_ADD(SUBPIECE(PTRSUB(CONST(0x0,3),CONST(0xe854,3)),CONST(0x0,4)),INT_MULT(INT_ZEXT(LOAD(CONST(0x1f1,4),CAST(INT_ZEXT(INT_ADD(INT_ZEXT(LOAD(CONST(0x1f1,4),CAST(INT_ZEXT(INT_ADD(INT_ZEXT(LEAF(00fb49:1:byte)),CONST(0xa8f8,2)))))),CONST(0xa8ec,2)))))),CONST(0x2,2)))))
02f026	FUN_02f026	02f142	LOAD	CAST(INT_ZEXT(INT_ADD(INT_ZEXT(LOAD(CONST(0x1f1,4),CAST(INT_ZEXT(INT_ADD(INT_ZEXT(LEAF(00fb49:1:byte)),CONST(0xa8f8,2)))))),CONST(0xa8ec,2))))
02f026	FUN_02f026	02f14a	STORE	CAST(INT_ZEXT(INT_ADD(SUBPIECE(PTRSUB(CONST(0x0,3),CONST(0xe854,3)),CONST(0x0,4)),INT_MULT(INT_ZEXT(LOAD(CONST(0x1f1,4),CAST(INT_ZEXT(INT_ADD(INT_ZEXT(LOAD(CONST(0x1f1,4),CAST(INT_ZEXT(INT_ADD(INT_ZEXT(LEAF(00fb49:1:byte)),CONST(0xa8f8,2)))))),CONST(0xa8ec,2)))))),CONST(0x2,2)))))
02f026	FUN_02f026	02f152	STORE	CAST(INT_ZEXT(INT_ADD(INT_MULT(INT_ZEXT(LOAD(CONST(0x1f1,4),CAST(INT_ZEXT(INT_ADD(INT_ZEXT(LEAF(00fb49:1:byte)),CONST(0xa8f8,2)))))),CONST(0x2,2)),CONST(0xe830,2))))
02f0fe	FUN_02f0fe	02f104	LOAD	CAST(INT_ZEXT(INT_ADD(INT_MULT(INT_AND(LEAF(register:0008:2:ushort),CONST(0xff,2)),CONST(0x2,2)),CONST(0xe848,2))))
02f0fe	FUN_02f0fe	02f10a	LOAD	CAST(INT_ZEXT(INT_ADD(LEAF(register:0010:2:short),CONST(0xa8ec,2))))
02f0fe	FUN_02f0fe	02f112	LOAD	CAST(INT_ZEXT(INT_ADD(INT_MULT(INT_ZEXT(LOAD(CONST(0x1f1,4),CAST(INT_ZEXT(INT_ADD(LEAF(register:0010:2:short),CONST(0xa8ec,2)))))),CONST(0x2,2)),CONST(0xe83c,2))))
02f0fe	FUN_02f0fe	02f122	LOAD	CAST(INT_ZEXT(INT_ADD(LEAF(register:0010:2:short),CONST(0xa8ec,2))))
02f0fe	FUN_02f0fe	02f12a	LOAD	CAST(INT_ZEXT(INT_ADD(SUBPIECE(PTRSUB(CONST(0x0,3),CONST(0xe854,3)),CONST(0x0,4)),INT_MULT(INT_ZEXT(LOAD(CONST(0x1f1,4),CAST(INT_ZEXT(INT_ADD(LEAF(register:0010:2:short),CONST(0xa8ec,2)))))),CONST(0x2,2)))))
02f0fe	FUN_02f0fe	02f142	LOAD	CAST(INT_ZEXT(INT_ADD(LEAF(register:0010:2:short),CONST(0xa8ec,2))))
02f0fe	FUN_02f0fe	02f14a	STORE	CAST(INT_ZEXT(INT_ADD(SUBPIECE(PTRSUB(CONST(0x0,3),CONST(0xe854,3)),CONST(0x0,4)),INT_MULT(INT_ZEXT(LOAD(CONST(0x1f1,4),CAST(INT_ZEXT(INT_ADD(LEAF(register:0010:2:short),CONST(0xa8ec,2)))))),CONST(0x2,2)))))
02f0fe	FUN_02f0fe	02f152	STORE	CAST(INT_ZEXT(INT_ADD(INT_MULT(LEAF(register:0010:2:short),CONST(0x2,2)),CONST(0xe830,2))))
02f486	default	02f4aa	LOAD	CAST(INT_ZEXT(LEAF(00dc00:2:ushort)))
02f486	default	02f4b2	LOAD	CAST(INT_ZEXT(INT_ADD(LEAF(00dc00:2:ushort),CONST(0x1,2))))
02f486	default	02f4be	LOAD	CAST(INT_ZEXT(INT_ADD(LEAF(00dc00:2:ushort),CONST(0x2,2))))
02f486	default	02f4c8	LOAD	CAST(INT_ZEXT(LEAF(00dc02:2:ushort)))
02f486	default	02f4d0	LOAD	CAST(INT_ZEXT(INT_ADD(LEAF(00dc02:2:ushort),CONST(0x1,2))))
02f486	default	02f4dc	LOAD	CAST(INT_ZEXT(INT_ADD(LEAF(00dc02:2:ushort),CONST(0x2,2))))
02f486	default	02f4e6	LOAD	CAST(INT_ZEXT(LEAF(00dc04:2:ushort)))
02f486	default	02f4ee	LOAD	CAST(INT_ZEXT(INT_ADD(LEAF(00dc04:2:ushort),CONST(0x1,2))))
02f486	default	02f4fa	LOAD	CAST(INT_ZEXT(INT_ADD(LEAF(00dc04:2:ushort),CONST(0x2,2))))
02f486	default	02f504	LOAD	CAST(INT_ZEXT(LEAF(00dc06:2:ushort)))
02f486	default	02f50c	LOAD	CAST(INT_ZEXT(INT_ADD(LEAF(00dc06:2:ushort),CONST(0x1,2))))
02f486	default	02f518	LOAD	CAST(INT_ZEXT(INT_ADD(LEAF(00dc06:2:ushort),CONST(0x2,2))))
02f486	default	02f522	LOAD	CAST(INT_ZEXT(LEAF(00dc08:2:ushort)))
02f486	default	02f52a	LOAD	CAST(INT_ZEXT(INT_ADD(LEAF(00dc08:2:ushort),CONST(0x1,2))))
02f486	default	02f536	LOAD	CAST(INT_ZEXT(INT_ADD(LEAF(00dc08:2:ushort),CONST(0x2,2))))
02f486	default	02f540	LOAD	CAST(INT_ZEXT(LEAF(00dc0a:2:ushort)))
02f486	default	02f548	LOAD	CAST(INT_ZEXT(INT_ADD(LEAF(00dc0a:2:ushort),CONST(0x1,2))))
02f486	default	02f554	LOAD	CAST(INT_ZEXT(INT_ADD(LEAF(00dc0a:2:ushort),CONST(0x2,2))))
02f4de	FUN_02f4de	02f4e6	LOAD	CAST(INT_ZEXT(LEAF(00dc04:2:ushort)))
02f4de	FUN_02f4de	02f4ee	LOAD	CAST(INT_ZEXT(INT_ADD(LEAF(00dc04:2:ushort),CONST(0x1,2))))
02f4de	FUN_02f4de	02f4fa	LOAD	CAST(INT_ZEXT(INT_ADD(LEAF(00dc04:2:ushort),CONST(0x2,2))))
02f4de	FUN_02f4de	02f504	LOAD	CAST(INT_ZEXT(LEAF(00dc06:2:ushort)))
02f4de	FUN_02f4de	02f50c	LOAD	CAST(INT_ZEXT(INT_ADD(LEAF(00dc06:2:ushort),CONST(0x1,2))))
02f4de	FUN_02f4de	02f518	LOAD	CAST(INT_ZEXT(INT_ADD(LEAF(00dc06:2:ushort),CONST(0x2,2))))
02f4de	FUN_02f4de	02f522	LOAD	CAST(INT_ZEXT(LEAF(00dc08:2:ushort)))
02f4de	FUN_02f4de	02f52a	LOAD	CAST(INT_ZEXT(INT_ADD(LEAF(00dc08:2:ushort),CONST(0x1,2))))
02f4de	FUN_02f4de	02f536	LOAD	CAST(INT_ZEXT(INT_ADD(LEAF(00dc08:2:ushort),CONST(0x2,2))))
02f4de	FUN_02f4de	02f540	LOAD	CAST(INT_ZEXT(LEAF(00dc0a:2:ushort)))
02f4de	FUN_02f4de	02f548	LOAD	CAST(INT_ZEXT(INT_ADD(LEAF(00dc0a:2:ushort),CONST(0x1,2))))
02f4de	FUN_02f4de	02f554	LOAD	CAST(INT_ZEXT(INT_ADD(LEAF(00dc0a:2:ushort),CONST(0x2,2))))
02f50c	FUN_02f50c	02f50c	LOAD	CAST(INT_ZEXT(LEAF(register:0008:2:ushort)))
02f50c	FUN_02f50c	02f518	LOAD	CAST(INT_ZEXT(INT_ADD(LEAF(00dc06:2:short),CONST(0x2,2))))
02f50c	FUN_02f50c	02f522	LOAD	CAST(INT_ZEXT(LEAF(00dc08:2:ushort)))
02f50c	FUN_02f50c	02f52a	LOAD	CAST(INT_ZEXT(INT_ADD(LEAF(00dc08:2:ushort),CONST(0x1,2))))
02f50c	FUN_02f50c	02f536	LOAD	CAST(INT_ZEXT(INT_ADD(LEAF(00dc08:2:ushort),CONST(0x2,2))))
02f50c	FUN_02f50c	02f540	LOAD	CAST(INT_ZEXT(LEAF(00dc0a:2:ushort)))
02f50c	FUN_02f50c	02f548	LOAD	CAST(INT_ZEXT(INT_ADD(LEAF(00dc0a:2:ushort),CONST(0x1,2))))
02f50c	FUN_02f50c	02f554	LOAD	CAST(INT_ZEXT(INT_ADD(LEAF(00dc0a:2:ushort),CONST(0x2,2))))
